*----------------------------------------------------------------------------------------
*	Innovus 21.18-s099_1 (64bit) 07/18/2023 13:03 (Linux 3.10.0-693.el7.x86_64)
*	
*
* 	Date & Time:	2026-Aug-12 04:41:39 (2026-Aug-12 08:41:39 GMT)
*
*----------------------------------------------------------------------------------------
*
*	Design: top_wrapper
*
*	Liberty Libraries used: 
*	        /home/cc/Documents/Abdullah/Lab_04_Data/libraries/libs/tpzn65lpgv2od3tc.lib
*	        /home/cc/Documents/Abdullah/Lab_04_Data/libraries/libs/tcbn65lptc.lib
*	        /home/cc/Documents/Abdullah/Lab_04_Data/libraries/libs/tpzn65lpgv2od3bc.lib
*	        /home/cc/Documents/Abdullah/Lab_04_Data/libraries/libs/tcbn65lpbc.lib
*	        /home/cc/Documents/Abdullah/Lab_04_Data/libraries/libs/tpzn65lpgv2od3wc.lib
*	        /home/cc/Documents/Abdullah/Lab_04_Data/libraries/libs/tcbn65lpwc.lib
*
*	Power Domain used: 
*              Rail:        VDD      Voltage:        1.2 
*
*       Dynamic View: view_func_typical
*
*       Leakage View: view_func_typical
*
*       User-Defined Activity : N.A.
*
*       Activity File: N.A.
*
*       Hierarchical Global Activity: N.A.
*
*       Global Activity: N.A.
*
*       Sequential Element Activity: N.A.
*
*       Primary Input Activity: 0.200000
*
*       Default icg ratio: N.A.
*
*       Global Comb ClockGate Ratio: N.A.
*
*	Power Units = 1mW
*
*	Time Units = 1e-09 secs 
*
*       Temperature = 25 
*
*       report_power -outfile /home/cc/Documents/Abdullah/Lab_04_Data/export/Innovus_Data/reports/verify/power_report.rpt -rail_analysis_format VS
*
-----------------------------------------------------------------------------------------
Cell                            Internal   Switching       Total     Leakage   Cell
                                   Power       Power       Power       Power   Name
--------------------------------------------------------------------------------------
out_inst3                          1.243      0.4123       1.655   2.933e-06  PDDW16DGZ
out_inst0                          1.243      0.4123       1.655   2.933e-06  PDDW16DGZ
out_inst4                          1.243      0.4123       1.655   2.933e-06  PDDW16DGZ
out_inst7                          1.242      0.4123       1.655   2.933e-06  PDDW16DGZ
out_inst6                          1.242      0.4123       1.655   2.933e-06  PDDW16DGZ
out_inst2                          1.242      0.4123       1.655   2.933e-06  PDDW16DGZ
out_inst1                          1.242      0.4123       1.655   2.933e-06  PDDW16DGZ
out_inst5                          1.242      0.4123       1.655   2.933e-06  PDDW16DGZ
clk_pad                           0.6162      0.0467      0.6629   2.542e-06  PDXOE3DG
A_inst0                           0.1869      0.3341       0.521   2.933e-06  PDDW16DGZ
A_inst1                           0.1869      0.3338      0.5208   2.933e-06  PDDW16DGZ
A_inst2                           0.1869      0.3332      0.5201   2.933e-06  PDDW16DGZ
sel_inst1                         0.1869      0.3327      0.5196   2.933e-06  PDDW16DGZ
A_inst3                           0.1868      0.3326      0.5194   2.933e-06  PDDW16DGZ
A_inst4                           0.1868      0.3323      0.5192   2.933e-06  PDDW16DGZ
sel_inst0                         0.1868      0.3322      0.5191   2.933e-06  PDDW16DGZ
B_inst0                           0.1868       0.332      0.5189   2.933e-06  PDDW16DGZ
A_inst5                           0.1868       0.332      0.5188   2.933e-06  PDDW16DGZ
rst_inst                          0.1868       0.332      0.5188   2.933e-06  PDDW16DGZ
B_inst1                           0.1868      0.3318      0.5186   2.933e-06  PDDW16DGZ
B_inst7                           0.1868      0.3318      0.5186   2.933e-06  PDDW16DGZ
B_inst6                           0.1868      0.3317      0.5186   2.933e-06  PDDW16DGZ
A_inst7                           0.1868      0.3315      0.5183   2.933e-06  PDDW16DGZ
B_inst2                           0.1868      0.3315      0.5183   2.933e-06  PDDW16DGZ
A_inst6                           0.1868      0.3311      0.5179   2.933e-06  PDDW16DGZ
B_inst3                           0.1868       0.331      0.5178   2.933e-06  PDDW16DGZ
B_inst5                           0.1868      0.3307      0.5175   2.933e-06  PDDW16DGZ
B_inst4                           0.1868      0.3304      0.5171   2.933e-06  PDDW16DGZ
FE_OFC130_wOut_4               0.0003145    0.002456    0.002771    5.95e-07  BUFFD6
FE_OFC129_wOut_0               0.0003145    0.002446    0.002761    5.95e-07  BUFFD6
FE_OFC131_wOut_3               0.0003145    0.002439    0.002754    5.95e-07  BUFFD6
FE_OFC17_wOut_7                0.0001991    0.002179    0.002378   3.688e-07  CKBD4
FE_OFC16_wOut_5                0.0001987    0.002121     0.00232   3.688e-07  CKBD4
FE_OFC132_wOut_1                  0.0002    0.002091    0.002292   3.688e-07  CKBD4
FE_OFC15_wOut_6                0.0001986    0.002084    0.002283   3.688e-07  CKBD4
FE_OFC133_wOut_2               0.0001998    0.002082    0.002282   3.688e-07  CKBD4
u_alu_core_Out_reg[2]           0.001366   0.0003601    0.001727   6.055e-07  DFQD4
u_alu_core_Out_reg[1]           0.001366   0.0003392    0.001706   6.055e-07  DFQD4
u_alu_core_Out_reg[6]           0.001144   0.0005172    0.001662   3.832e-07  DFQD2
u_alu_core_Out_reg[5]           0.001144   0.0004937    0.001638   3.832e-07  DFQD2
u_alu_core_Out_reg[7]           0.001104   0.0003776    0.001482   3.209e-07  DFQD1
u_alu_core_Out_reg[0]           0.001358   4.102e-05      0.0014   6.055e-07  DFQD4
u_alu_core_Out_reg[3]           0.001358   4.102e-05    0.001399   6.055e-07  DFQD4
u_alu_core_Out_reg[4]           0.001358   4.102e-05    0.001399   6.055e-07  DFQD4
g1013__3680                    0.0001074   0.0002499   0.0003575   2.261e-07  INR2D2
FE_OFC12_n_32                   6.94e-05   0.0002657   0.0003352   1.083e-07  CKBD1
FE_OFC14_n_34                  6.934e-05   0.0002555   0.0003249   1.083e-07  CKBD1
FE_OFC10_n_29                  2.307e-05   0.0002982   0.0003214   6.018e-08  INVD1
FE_OFC13_n_33                   6.91e-05   0.0002242   0.0002935   1.083e-07  CKBD1
FE_OFC8_n_28                   4.858e-05   0.0001656   0.0002142   5.518e-08  CKBD0
g1003__7410                    6.137e-05   0.0001518   0.0002132    9.18e-08  IND3D1
FE_OFC11_n_30                   4.85e-05    0.000149   0.0001975   5.518e-08  CKBD0
g982__8428                     6.819e-05    0.000128   0.0001963   1.439e-07  OAI221D1
g978__2398                     6.816e-05   0.0001271   0.0001954   1.439e-07  OAI221D1
FE_OFC9_n_29                   1.532e-05    0.000167   0.0001823   2.335e-08  CKND0
g1004__6417                     3.08e-05   0.0001481   0.0001789   5.681e-08  ND3D1
g1002__1666                    2.105e-05    0.000134   0.0001551   5.407e-08  ND2D1
g981__4319                     6.777e-05   7.939e-05   0.0001473   1.439e-07  OAI221D1
g979__5107                     4.869e-05   3.621e-05   8.497e-05   6.964e-08  OAI221D0
g980__6260                     4.862e-05    3.09e-05    7.96e-05   6.964e-08  OAI221D0
g985__3680                     4.856e-05   2.986e-05   7.849e-05   6.964e-08  OAI221D0
g983__5526                      4.85e-05   2.534e-05   7.391e-05   6.964e-08  OAI221D0
g984__6783                     4.843e-05   2.038e-05   6.888e-05   6.964e-08  OAI221D0
g992__6131                     4.465e-05   2.284e-05    6.76e-05   1.148e-07  AOI31D1
g989__5122                     4.456e-05    1.73e-05   6.197e-05   1.148e-07  AOI31D1
g993__1881                      4.45e-05   1.728e-05   6.189e-05   1.148e-07  AOI31D1
g986__1617                     4.454e-05   1.672e-05   6.137e-05   1.148e-07  AOI31D1
g987__2802                     4.456e-05   1.658e-05   6.125e-05   1.148e-07  AOI31D1
g988__1705                      4.45e-05   1.587e-05   6.048e-05   1.148e-07  AOI31D1
g990__8246                     4.449e-05    1.57e-05   6.031e-05   1.148e-07  AOI31D1
g991__7098                      4.45e-05    1.46e-05   5.921e-05   1.148e-07  AOI31D1
g1008__6260                    1.771e-05   2.394e-05   4.169e-05   3.339e-08  NR2D0
g1010__8428                    1.779e-05   2.306e-05   4.088e-05   3.339e-08  NR2D0
g1012__6783                    1.777e-05   2.278e-05   4.058e-05   3.339e-08  NR2D0
g1011__5526                    1.761e-05   2.154e-05   3.919e-05   3.339e-08  NR2D0
g1007__5107                    1.771e-05   2.114e-05   3.889e-05   3.339e-08  NR2D0
g1009__4319                    1.754e-05   1.975e-05   3.732e-05   3.339e-08  NR2D0
g1005__5477                    1.769e-05   1.874e-05   3.646e-05   3.339e-08  NR2D0
g1006__2398                    1.763e-05   1.857e-05   3.623e-05   3.339e-08  NR2D0
g997__6161                     1.293e-05   1.196e-05   2.494e-05   4.872e-08  NR2D1
g996__4733                     1.296e-05    1.14e-05   2.441e-05   4.872e-08  NR2D1
g995__7482                     1.279e-05   1.075e-05   2.359e-05   4.872e-08  NR2D1
g1000__2883                    1.298e-05   1.051e-05   2.354e-05   4.872e-08  NR2D1
g998__9315                     1.281e-05   1.056e-05   2.342e-05   4.872e-08  NR2D1
g1001__2346                    1.285e-05   1.026e-05   2.315e-05   4.872e-08  NR2D1
g994__5115                     1.291e-05   9.853e-06   2.281e-05   4.872e-08  NR2D1
g999__9945                     1.291e-05   9.563e-06   2.253e-05   4.872e-08  NR2D1
FE_OFC78_TIE_LTIEHI_2_NET              0           0   9.906e-07   9.906e-07  BUFFD8
FE_OFC101_TIE_LTIEHI_NET               0           0   9.906e-07   9.906e-07  BUFFD8
FE_OFC97_TIE_LTIEHI_NET                0           0   9.906e-07   9.906e-07  BUFFD8
FE_OFC128_FE_OFN43_TIE_LTIELO_NET          0           0   7.897e-07   7.897e-07  BUFFD8
FE_OFC69_TIE_LTIEHI_3_NET              0           0   5.434e-07   5.434e-07  CKND8
FE_OFC66_TIE_LTIEHI_3_NET              0           0   5.434e-07   5.434e-07  CKND8
FE_OFC84_TIE_LTIEHI_1_NET              0           0   5.434e-07   5.434e-07  CKND8
FE_OFC83_TIE_LTIEHI_1_NET              0           0   5.434e-07   5.434e-07  CKND8
FE_OFC55_TIE_LTIEHI_4_NET              0           0   5.434e-07   5.434e-07  CKND8
FE_OFC46_TIE_LTIEHI_5_NET              0           0   5.434e-07   5.434e-07  CKND8
FE_OFC61_TIE_LTIEHI_4_NET              0           0   5.188e-07   5.188e-07  INVD6
FE_OFC100_TIE_LTIEHI_NET               0           0   5.188e-07   5.188e-07  INVD6
FE_OFC103_TIE_LTIEHI_1_NET             0           0   5.188e-07   5.188e-07  INVD6
FE_OFC57_TIE_LTIEHI_4_NET              0           0   5.188e-07   5.188e-07  INVD6
FE_OFC63_TIE_LTIEHI_3_NET              0           0   5.188e-07   5.188e-07  INVD6
FE_OFC70_TIE_LTIEHI_3_NET              0           0   5.188e-07   5.188e-07  INVD6
FE_OFC74_TIE_LTIEHI_2_NET              0           0   5.188e-07   5.188e-07  INVD6
FE_OFC72_TIE_LTIEHI_2_NET              0           0   5.188e-07   5.188e-07  INVD6
FE_OFC37_TIE_LTIELO_NET                0           0    5.14e-07    5.14e-07  INVD8
FE_OFC42_TIE_LTIELO_NET                0           0   5.024e-07   5.024e-07  CKND8
FE_OFC30_TIE_LTIELO_1_NET              0           0   5.024e-07   5.024e-07  CKND8
FE_OFC34_TIE_LTIELO_1_NET              0           0   5.024e-07   5.024e-07  CKND8
FE_OFC40_TIE_LTIELO_NET                0           0   3.834e-07   3.834e-07  INVD6
FE_OFC38_TIE_LTIELO_NET                0           0   3.834e-07   3.834e-07  INVD6
FE_OFC52_TIE_LTIEHI_4_NET              0           0   3.756e-07   3.756e-07  CKBD4
FE_OFC114_TIE_LTIEHI_3_NET             0           0   3.756e-07   3.756e-07  CKBD4
FE_OFC51_TIE_LTIEHI_5_NET              0           0   3.756e-07   3.756e-07  CKBD4
FE_OFC50_TIE_LTIEHI_5_NET              0           0   3.756e-07   3.756e-07  CKBD4
FE_OFC127_FE_OFN48_TIE_LTIEHI_5_NET          0           0   3.756e-07   3.756e-07  CKBD4
FE_OFC86_TIE_LTIEHI_1_NET              0           0   3.756e-07   3.756e-07  CKBD4
FE_OFC87_TIE_LTIEHI_1_NET              0           0   3.756e-07   3.756e-07  CKBD4
FE_OFC94_TIE_LTIEHI_NET                0           0   3.756e-07   3.756e-07  CKBD4
FE_OFC96_TIE_LTIEHI_NET                0           0   3.756e-07   3.756e-07  CKBD4
FE_OFC76_TIE_LTIEHI_2_NET              0           0   3.756e-07   3.756e-07  CKBD4
FE_OFC126_FE_OFN103_n                  0           0   3.756e-07   3.756e-07  CKBD4
FE_OFC110_FE_OFN47_TIE_LTIEHI_5_NET          0           0   3.756e-07   3.756e-07  CKBD4
FE_OFC115_TIE_LTIEHI_4_NET             0           0   3.756e-07   3.756e-07  CKBD4
FE_OFC112_FE_OFN49_TIE_LTIEHI_5_NET          0           0   3.756e-07   3.756e-07  CKBD4
FE_OFC113_TIE_LTIEHI_3_NET             0           0   3.756e-07   3.756e-07  CKBD4
FE_OFC44_TIE_LTIELO_NET                0           0   3.665e-07   3.665e-07  CKBD4
FE_OFC48_TIE_LTIEHI_5_NET              0           0   3.264e-07   3.264e-07  INVD4
FE_OFC75_TIE_LTIEHI_2_NET              0           0   3.264e-07   3.264e-07  INVD4
FE_OFC80_TIE_LTIEHI_2_NET              0           0   3.264e-07   3.264e-07  INVD4
FE_OFC68_TIE_LTIEHI_3_NET              0           0   3.264e-07   3.264e-07  INVD4
FE_OFC93_TIE_LTIEHI_NET                0           0   3.264e-07   3.264e-07  INVD4
FE_OFC56_TIE_LTIEHI_4_NET              0           0   3.264e-07   3.264e-07  INVD4
FE_OFC81_TIE_LTIEHI_2_NET              0           0   3.264e-07   3.264e-07  INVD4
FE_OFC58_TIE_LTIEHI_4_NET              0           0   3.264e-07   3.264e-07  INVD4
FE_OFC85_TIE_LTIEHI_1_NET              0           0   3.264e-07   3.264e-07  INVD4
FE_OFC31_TIE_LTIELO_1_NET              0           0   2.546e-07   2.546e-07  INVD4
FE_OFC39_TIE_LTIELO_NET                0           0   2.546e-07   2.546e-07  INVD4
FE_OFC111_FE_OFN100_n                  0           0   2.358e-07   2.358e-07  CKBD3
FE_OFC88_TIE_LTIEHI_1_NET              0           0   2.358e-07   2.358e-07  CKBD3
FE_OFC95_TIE_LTIEHI_NET                0           0   2.358e-07   2.358e-07  CKBD3
FE_OFC54_TIE_LTIEHI_4_NET              0           0   2.323e-07   2.323e-07  INVD3
FE_OFC79_TIE_LTIEHI_2_NET              0           0   2.323e-07   2.323e-07  INVD3
FE_OFC73_TIE_LTIEHI_2_NET              0           0   2.323e-07   2.323e-07  INVD3
FE_OFC59_TIE_LTIEHI_4_NET              0           0   2.323e-07   2.323e-07  INVD3
FE_OFC64_TIE_LTIEHI_3_NET              0           0   2.323e-07   2.323e-07  INVD3
FE_OFC33_TIE_LTIELO_1_NET              0           0   1.903e-07   1.903e-07  INVD3
FE_OFC62_TIE_LTIEHI_3_NET              0           0   1.254e-07   1.254e-07  INVD2
FE_OFC53_TIE_LTIEHI_4_NET              0           0   1.254e-07   1.254e-07  INVD2
FE_OFC36_TIE_LTIELO_NET                0           0    9.37e-08    9.37e-08  CKND2
FE_OFC99_TIE_LTIEHI_NET                0           0   6.198e-08   6.198e-08  INVD1
FE_OFC82_TIE_LTIEHI_1_NET              0           0   6.198e-08   6.198e-08  INVD1
FE_OFC90_TIE_LTIEHI_NET                0           0   6.198e-08   6.198e-08  INVD1
FE_OFC71_TIE_LTIEHI_2_NET              0           0   6.198e-08   6.198e-08  INVD1
FE_OFC43_TIE_LTIELO_NET                0           0   6.198e-08   6.198e-08  INVD1
FE_OFC102_TIE_LTIEHI_1_NET             0           0   6.198e-08   6.198e-08  INVD1
FE_OFC77_TIE_LTIEHI_2_NET              0           0   6.198e-08   6.198e-08  INVD1
FE_OFC45_TIE_LTIEHI_5_NET              0           0   6.198e-08   6.198e-08  INVD1
FE_OFC60_TIE_LTIEHI_4_NET              0           0   5.486e-08   5.486e-08  INVD1
FE_OFC91_TIE_LTIEHI_NET                0           0   5.486e-08   5.486e-08  INVD1
FE_OFC29_TIE_LTIELO_1_NET              0           0   5.486e-08   5.486e-08  INVD1
FE_OFC32_TIE_LTIELO_1_NET              0           0   5.486e-08   5.486e-08  INVD1
TIE_LTIELO                             0           0   6.671e-09   6.671e-09  TIEL
TIE_LTIELO_1                           0           0   6.671e-09   6.671e-09  TIEL
TIE_LTIEHI                             0           0   1.411e-09   1.411e-09  TIEH
TIE_LTIEHI_1                           0           0   1.411e-09   1.411e-09  TIEH
TIE_LTIEHI_2                           0           0   1.411e-09   1.411e-09  TIEH
TIE_LTIEHI_3                           0           0   1.411e-09   1.411e-09  TIEH
TIE_LTIEHI_4                           0           0   1.411e-09   1.411e-09  TIEH
TIE_LTIEHI_5                           0           0   1.411e-09   1.411e-09  TIEH
PVSST                                  0           0   1.089e-07   1.089e-07  PVSS1DGZ
PVSSR                                  0           0   1.089e-07   1.089e-07  PVSS1DGZ
PVSSL                                  0           0   1.089e-07   1.089e-07  PVSS1DGZ
PVSSB                                  0           0   1.089e-07   1.089e-07  PVSS1DGZ
PVDDT                                  0           0   5.665e-06   5.665e-06  PVDD1DGZ
PVDDR                                  0           0   5.665e-06   5.665e-06  PVDD1DGZ
PVDDB                                  0           0   5.665e-06   5.665e-06  PVDD1DGZ
FILLDECAP_T_5_99                       0           0   1.471e-06   1.471e-06  DCAP64
FILLDECAP_T_5_98                       0           0   1.471e-06   1.471e-06  DCAP64
FILLDECAP_T_5_97                       0           0   1.471e-06   1.471e-06  DCAP64
FILLDECAP_T_5_96                       0           0   1.471e-06   1.471e-06  DCAP64
FILLDECAP_T_5_95                       0           0   1.471e-06   1.471e-06  DCAP64
FILLDECAP_T_5_945                      0           0   1.471e-06   1.471e-06  DCAP64
FILLDECAP_T_5_944                      0           0   1.471e-06   1.471e-06  DCAP64
FILLDECAP_T_5_943                      0           0   1.471e-06   1.471e-06  DCAP64
FILLDECAP_T_5_942                      0           0   1.471e-06   1.471e-06  DCAP64
FILLDECAP_T_5_941                      0           0   1.471e-06   1.471e-06  DCAP64
FILLDECAP_T_5_940                      0           0   1.471e-06   1.471e-06  DCAP64
FILLDECAP_T_5_94                       0           0   1.471e-06   1.471e-06  DCAP64
FILLDECAP_T_5_939                      0           0   1.471e-06   1.471e-06  DCAP64
FILLDECAP_T_5_938                      0           0   3.013e-07   3.013e-07  DCAP16
FILLDECAP_T_5_93                       0           0   1.471e-06   1.471e-06  DCAP64
FILLDECAP_T_5_92                       0           0   1.471e-06   1.471e-06  DCAP64
FILLDECAP_T_5_9                        0           0   1.471e-06   1.471e-06  DCAP64
FILLDECAP_T_5_88                       0           0   1.846e-08   1.846e-08  DCAP4
FILLDECAP_T_5_877                      0           0   1.471e-06   1.471e-06  DCAP64
FILLDECAP_T_5_876                      0           0   1.471e-06   1.471e-06  DCAP64
FILLDECAP_T_5_875                      0           0   1.471e-06   1.471e-06  DCAP64
FILLDECAP_T_5_874                      0           0   1.471e-06   1.471e-06  DCAP64
FILLDECAP_T_5_873                      0           0   1.471e-06   1.471e-06  DCAP64
FILLDECAP_T_5_872                      0           0   1.471e-06   1.471e-06  DCAP64
FILLDECAP_T_5_871                      0           0   1.471e-06   1.471e-06  DCAP64
FILLDECAP_T_5_870                      0           0   1.471e-06   1.471e-06  DCAP64
FILLDECAP_T_5_87                       0           0   1.331e-07   1.331e-07  DCAP8
FILLDECAP_T_5_869                      0           0   1.471e-06   1.471e-06  DCAP64
FILLDECAP_T_5_868                      0           0   1.471e-06   1.471e-06  DCAP64
FILLDECAP_T_5_867                      0           0   1.471e-06   1.471e-06  DCAP64
FILLDECAP_T_5_866                      0           0   1.471e-06   1.471e-06  DCAP64
FILLDECAP_T_5_865                      0           0   1.471e-06   1.471e-06  DCAP64
FILLDECAP_T_5_864                      0           0   1.471e-06   1.471e-06  DCAP64
FILLDECAP_T_5_863                      0           0   1.471e-06   1.471e-06  DCAP64
FILLDECAP_T_5_861                      0           0   1.471e-06   1.471e-06  DCAP64
FILLDECAP_T_5_860                      0           0   1.471e-06   1.471e-06  DCAP64
FILLDECAP_T_5_86                       0           0   3.013e-07   3.013e-07  DCAP16
FILLDECAP_T_5_859                      0           0   1.471e-06   1.471e-06  DCAP64
FILLDECAP_T_5_858                      0           0   1.471e-06   1.471e-06  DCAP64
FILLDECAP_T_5_857                      0           0   1.471e-06   1.471e-06  DCAP64
FILLDECAP_T_5_856                      0           0   1.471e-06   1.471e-06  DCAP64
FILLDECAP_T_5_855                      0           0   1.471e-06   1.471e-06  DCAP64
FILLDECAP_T_5_854                      0           0   3.013e-07   3.013e-07  DCAP16
FILLDECAP_T_5_853                      0           0   1.471e-06   1.471e-06  DCAP64
FILLDECAP_T_5_852                      0           0   1.471e-06   1.471e-06  DCAP64
FILLDECAP_T_5_851                      0           0   1.471e-06   1.471e-06  DCAP64
FILLDECAP_T_5_850                      0           0   1.471e-06   1.471e-06  DCAP64
FILLDECAP_T_5_85                       0           0   1.471e-06   1.471e-06  DCAP64
FILLDECAP_T_5_849                      0           0   1.471e-06   1.471e-06  DCAP64
FILLDECAP_T_5_848                      0           0   1.471e-06   1.471e-06  DCAP64
FILLDECAP_T_5_847                      0           0   1.471e-06   1.471e-06  DCAP64
FILLDECAP_T_5_846                      0           0   1.471e-06   1.471e-06  DCAP64
FILLDECAP_T_5_845                      0           0   1.471e-06   1.471e-06  DCAP64
FILLDECAP_T_5_844                      0           0   1.471e-06   1.471e-06  DCAP64
FILLDECAP_T_5_843                      0           0   1.471e-06   1.471e-06  DCAP64
FILLDECAP_T_5_842                      0           0   1.471e-06   1.471e-06  DCAP64
FILLDECAP_T_5_841                      0           0   1.471e-06   1.471e-06  DCAP64
FILLDECAP_T_5_840                      0           0   1.471e-06   1.471e-06  DCAP64
FILLDECAP_T_5_84                       0           0   1.471e-06   1.471e-06  DCAP64
FILLDECAP_T_5_839                      0           0   1.471e-06   1.471e-06  DCAP64
FILLDECAP_T_5_838                      0           0   1.471e-06   1.471e-06  DCAP64
FILLDECAP_T_5_837                      0           0   1.471e-06   1.471e-06  DCAP64
FILLDECAP_T_5_836                      0           0   1.471e-06   1.471e-06  DCAP64
FILLDECAP_T_5_835                      0           0   1.471e-06   1.471e-06  DCAP64
FILLDECAP_T_5_833                      0           0   1.471e-06   1.471e-06  DCAP64
FILLDECAP_T_5_83                       0           0   1.471e-06   1.471e-06  DCAP64
FILLDECAP_T_5_82                       0           0   1.471e-06   1.471e-06  DCAP64
FILLDECAP_T_5_81                       0           0   1.471e-06   1.471e-06  DCAP64
FILLDECAP_T_5_805                      0           0   1.471e-06   1.471e-06  DCAP64
FILLDECAP_T_5_804                      0           0   1.471e-06   1.471e-06  DCAP64
FILLDECAP_T_5_803                      0           0   1.471e-06   1.471e-06  DCAP64
FILLDECAP_T_5_802                      0           0   1.471e-06   1.471e-06  DCAP64
FILLDECAP_T_5_801                      0           0   1.471e-06   1.471e-06  DCAP64
FILLDECAP_T_5_800                      0           0   1.471e-06   1.471e-06  DCAP64
FILLDECAP_T_5_8                        0           0   1.471e-06   1.471e-06  DCAP64
FILLDECAP_T_5_799                      0           0   1.471e-06   1.471e-06  DCAP64
FILLDECAP_T_5_798                      0           0   3.013e-07   3.013e-07  DCAP16
FILLDECAP_T_5_797                      0           0   1.471e-06   1.471e-06  DCAP64
FILLDECAP_T_5_796                      0           0   1.471e-06   1.471e-06  DCAP64
FILLDECAP_T_5_795                      0           0   1.471e-06   1.471e-06  DCAP64
FILLDECAP_T_5_794                      0           0   1.471e-06   1.471e-06  DCAP64
FILLDECAP_T_5_793                      0           0   1.471e-06   1.471e-06  DCAP64
FILLDECAP_T_5_792                      0           0   1.471e-06   1.471e-06  DCAP64
FILLDECAP_T_5_791                      0           0   1.471e-06   1.471e-06  DCAP64
FILLDECAP_T_5_790                      0           0   1.471e-06   1.471e-06  DCAP64
FILLDECAP_T_5_789                      0           0   1.471e-06   1.471e-06  DCAP64
FILLDECAP_T_5_788                      0           0   1.471e-06   1.471e-06  DCAP64
FILLDECAP_T_5_787                      0           0   1.471e-06   1.471e-06  DCAP64
FILLDECAP_T_5_786                      0           0   1.471e-06   1.471e-06  DCAP64
FILLDECAP_T_5_785                      0           0   1.471e-06   1.471e-06  DCAP64
FILLDECAP_T_5_784                      0           0   1.471e-06   1.471e-06  DCAP64
FILLDECAP_T_5_783                      0           0   1.471e-06   1.471e-06  DCAP64
FILLDECAP_T_5_782                      0           0   1.471e-06   1.471e-06  DCAP64
FILLDECAP_T_5_781                      0           0   1.471e-06   1.471e-06  DCAP64
FILLDECAP_T_5_780                      0           0   1.471e-06   1.471e-06  DCAP64
FILLDECAP_T_5_779                      0           0   1.471e-06   1.471e-06  DCAP64
FILLDECAP_T_5_778                      0           0   1.471e-06   1.471e-06  DCAP64
FILLDECAP_T_5_777                      0           0   1.471e-06   1.471e-06  DCAP64
FILLDECAP_T_5_776                      0           0   1.471e-06   1.471e-06  DCAP64
FILLDECAP_T_5_775                      0           0   1.471e-06   1.471e-06  DCAP64
FILLDECAP_T_5_774                      0           0   1.471e-06   1.471e-06  DCAP64
FILLDECAP_T_5_773                      0           0   1.471e-06   1.471e-06  DCAP64
FILLDECAP_T_5_772                      0           0   1.471e-06   1.471e-06  DCAP64
FILLDECAP_T_5_771                      0           0   1.471e-06   1.471e-06  DCAP64
FILLDECAP_T_5_770                      0           0   3.013e-07   3.013e-07  DCAP16
FILLDECAP_T_5_769                      0           0   1.471e-06   1.471e-06  DCAP64
FILLDECAP_T_5_768                      0           0   1.471e-06   1.471e-06  DCAP64
FILLDECAP_T_5_767                      0           0   1.471e-06   1.471e-06  DCAP64
FILLDECAP_T_5_766                      0           0   1.471e-06   1.471e-06  DCAP64
FILLDECAP_T_5_765                      0           0   1.471e-06   1.471e-06  DCAP64
FILLDECAP_T_5_764                      0           0   1.471e-06   1.471e-06  DCAP64
FILLDECAP_T_5_763                      0           0   1.471e-06   1.471e-06  DCAP64
FILLDECAP_T_5_762                      0           0   1.471e-06   1.471e-06  DCAP64
FILLDECAP_T_5_761                      0           0   1.471e-06   1.471e-06  DCAP64
FILLDECAP_T_5_760                      0           0   1.471e-06   1.471e-06  DCAP64
FILLDECAP_T_5_759                      0           0   1.471e-06   1.471e-06  DCAP64
FILLDECAP_T_5_758                      0           0   1.471e-06   1.471e-06  DCAP64
FILLDECAP_T_5_757                      0           0   1.471e-06   1.471e-06  DCAP64
FILLDECAP_T_5_756                      0           0   1.471e-06   1.471e-06  DCAP64
FILLDECAP_T_5_755                      0           0   1.471e-06   1.471e-06  DCAP64
FILLDECAP_T_5_754                      0           0   1.471e-06   1.471e-06  DCAP64
FILLDECAP_T_5_753                      0           0   1.471e-06   1.471e-06  DCAP64
FILLDECAP_T_5_752                      0           0   1.471e-06   1.471e-06  DCAP64
FILLDECAP_T_5_751                      0           0   1.471e-06   1.471e-06  DCAP64
FILLDECAP_T_5_750                      0           0   1.471e-06   1.471e-06  DCAP64
FILLDECAP_T_5_708                      0           0   1.471e-06   1.471e-06  DCAP64
FILLDECAP_T_5_707                      0           0   1.471e-06   1.471e-06  DCAP64
FILLDECAP_T_5_706                      0           0   1.471e-06   1.471e-06  DCAP64
FILLDECAP_T_5_705                      0           0   1.471e-06   1.471e-06  DCAP64
FILLDECAP_T_5_704                      0           0   1.471e-06   1.471e-06  DCAP64
FILLDECAP_T_5_703                      0           0   1.471e-06   1.471e-06  DCAP64
FILLDECAP_T_5_702                      0           0   1.471e-06   1.471e-06  DCAP64
FILLDECAP_T_5_701                      0           0   1.471e-06   1.471e-06  DCAP64
FILLDECAP_T_5_7                        0           0   1.471e-06   1.471e-06  DCAP64
FILLDECAP_T_5_693                      0           0   1.471e-06   1.471e-06  DCAP64
FILLDECAP_T_5_692                      0           0   1.471e-06   1.471e-06  DCAP64
FILLDECAP_T_5_691                      0           0   1.471e-06   1.471e-06  DCAP64
FILLDECAP_T_5_690                      0           0   1.471e-06   1.471e-06  DCAP64
FILLDECAP_T_5_689                      0           0   1.471e-06   1.471e-06  DCAP64
FILLDECAP_T_5_688                      0           0   1.471e-06   1.471e-06  DCAP64
FILLDECAP_T_5_687                      0           0   1.471e-06   1.471e-06  DCAP64
FILLDECAP_T_5_686                      0           0   1.471e-06   1.471e-06  DCAP64
FILLDECAP_T_5_685                      0           0   1.471e-06   1.471e-06  DCAP64
FILLDECAP_T_5_684                      0           0   1.471e-06   1.471e-06  DCAP64
FILLDECAP_T_5_682                      0           0   1.331e-07   1.331e-07  DCAP8
FILLDECAP_T_5_681                      0           0   8.028e-09   8.028e-09  DCAP
FILLDECAP_T_5_680                      0           0   1.846e-08   1.846e-08  DCAP4
FILLDECAP_T_5_679                      0           0   1.471e-06   1.471e-06  DCAP64
FILLDECAP_T_5_678                      0           0   1.471e-06   1.471e-06  DCAP64
FILLDECAP_T_5_677                      0           0   1.471e-06   1.471e-06  DCAP64
FILLDECAP_T_5_676                      0           0   1.471e-06   1.471e-06  DCAP64
FILLDECAP_T_5_675                      0           0   1.471e-06   1.471e-06  DCAP64
FILLDECAP_T_5_674                      0           0   1.471e-06   1.471e-06  DCAP64
FILLDECAP_T_5_673                      0           0   1.471e-06   1.471e-06  DCAP64
FILLDECAP_T_5_672                      0           0   1.471e-06   1.471e-06  DCAP64
FILLDECAP_T_5_671                      0           0   1.471e-06   1.471e-06  DCAP64
FILLDECAP_T_5_670                      0           0   1.471e-06   1.471e-06  DCAP64
FILLDECAP_T_5_669                      0           0   1.471e-06   1.471e-06  DCAP64
FILLDECAP_T_5_668                      0           0   1.471e-06   1.471e-06  DCAP64
FILLDECAP_T_5_667                      0           0   1.471e-06   1.471e-06  DCAP64
FILLDECAP_T_5_666                      0           0   1.471e-06   1.471e-06  DCAP64
FILLDECAP_T_5_665                      0           0   1.471e-06   1.471e-06  DCAP64
FILLDECAP_T_5_639                      0           0   1.471e-06   1.471e-06  DCAP64
FILLDECAP_T_5_638                      0           0   1.471e-06   1.471e-06  DCAP64
FILLDECAP_T_5_637                      0           0   1.471e-06   1.471e-06  DCAP64
FILLDECAP_T_5_636                      0           0   1.471e-06   1.471e-06  DCAP64
FILLDECAP_T_5_635                      0           0   1.471e-06   1.471e-06  DCAP64
FILLDECAP_T_5_634                      0           0   1.471e-06   1.471e-06  DCAP64
FILLDECAP_T_5_633                      0           0   1.471e-06   1.471e-06  DCAP64
FILLDECAP_T_5_632                      0           0   1.471e-06   1.471e-06  DCAP64
FILLDECAP_T_5_631                      0           0   1.471e-06   1.471e-06  DCAP64
FILLDECAP_T_5_630                      0           0   1.471e-06   1.471e-06  DCAP64
FILLDECAP_T_5_629                      0           0   1.471e-06   1.471e-06  DCAP64
FILLDECAP_T_5_628                      0           0   1.471e-06   1.471e-06  DCAP64
FILLDECAP_T_5_627                      0           0   1.471e-06   1.471e-06  DCAP64
FILLDECAP_T_5_626                      0           0   1.471e-06   1.471e-06  DCAP64
FILLDECAP_T_5_625                      0           0   1.471e-06   1.471e-06  DCAP64
FILLDECAP_T_5_623                      0           0   1.331e-07   1.331e-07  DCAP8
FILLDECAP_T_5_622                      0           0   1.471e-06   1.471e-06  DCAP64
FILLDECAP_T_5_621                      0           0   1.471e-06   1.471e-06  DCAP64
FILLDECAP_T_5_620                      0           0   1.471e-06   1.471e-06  DCAP64
FILLDECAP_T_5_619                      0           0   1.471e-06   1.471e-06  DCAP64
FILLDECAP_T_5_618                      0           0   1.471e-06   1.471e-06  DCAP64
FILLDECAP_T_5_617                      0           0   1.471e-06   1.471e-06  DCAP64
FILLDECAP_T_5_616                      0           0   1.471e-06   1.471e-06  DCAP64
FILLDECAP_T_5_615                      0           0   1.471e-06   1.471e-06  DCAP64
FILLDECAP_T_5_614                      0           0   1.471e-06   1.471e-06  DCAP64
FILLDECAP_T_5_613                      0           0   1.471e-06   1.471e-06  DCAP64
FILLDECAP_T_5_612                      0           0   1.471e-06   1.471e-06  DCAP64
FILLDECAP_T_5_611                      0           0   1.471e-06   1.471e-06  DCAP64
FILLDECAP_T_5_610                      0           0   1.471e-06   1.471e-06  DCAP64
FILLDECAP_T_5_601                      0           0   1.471e-06   1.471e-06  DCAP64
FILLDECAP_T_5_600                      0           0   1.471e-06   1.471e-06  DCAP64
FILLDECAP_T_5_6                        0           0   1.471e-06   1.471e-06  DCAP64
FILLDECAP_T_5_599                      0           0   1.471e-06   1.471e-06  DCAP64
FILLDECAP_T_5_598                      0           0   1.471e-06   1.471e-06  DCAP64
FILLDECAP_T_5_597                      0           0   1.471e-06   1.471e-06  DCAP64
FILLDECAP_T_5_596                      0           0   1.471e-06   1.471e-06  DCAP64
FILLDECAP_T_5_595                      0           0   3.013e-07   3.013e-07  DCAP16
FILLDECAP_T_5_594                      0           0   1.471e-06   1.471e-06  DCAP64
FILLDECAP_T_5_593                      0           0   1.471e-06   1.471e-06  DCAP64
FILLDECAP_T_5_592                      0           0   1.471e-06   1.471e-06  DCAP64
FILLDECAP_T_5_591                      0           0   1.471e-06   1.471e-06  DCAP64
FILLDECAP_T_5_590                      0           0   1.471e-06   1.471e-06  DCAP64
FILLDECAP_T_5_589                      0           0   1.471e-06   1.471e-06  DCAP64
FILLDECAP_T_5_588                      0           0   1.471e-06   1.471e-06  DCAP64
FILLDECAP_T_5_587                      0           0   1.471e-06   1.471e-06  DCAP64
FILLDECAP_T_5_586                      0           0   1.471e-06   1.471e-06  DCAP64
FILLDECAP_T_5_585                      0           0   1.471e-06   1.471e-06  DCAP64
FILLDECAP_T_5_584                      0           0   1.471e-06   1.471e-06  DCAP64
FILLDECAP_T_5_583                      0           0   1.471e-06   1.471e-06  DCAP64
FILLDECAP_T_5_582                      0           0   1.471e-06   1.471e-06  DCAP64
FILLDECAP_T_5_581                      0           0   1.471e-06   1.471e-06  DCAP64
FILLDECAP_T_5_580                      0           0   1.471e-06   1.471e-06  DCAP64
FILLDECAP_T_5_551                      0           0   1.471e-06   1.471e-06  DCAP64
FILLDECAP_T_5_550                      0           0   1.471e-06   1.471e-06  DCAP64
FILLDECAP_T_5_549                      0           0   1.471e-06   1.471e-06  DCAP64
FILLDECAP_T_5_548                      0           0   1.471e-06   1.471e-06  DCAP64
FILLDECAP_T_5_547                      0           0   1.471e-06   1.471e-06  DCAP64
FILLDECAP_T_5_546                      0           0   1.471e-06   1.471e-06  DCAP64
FILLDECAP_T_5_545                      0           0   1.471e-06   1.471e-06  DCAP64
FILLDECAP_T_5_544                      0           0   1.471e-06   1.471e-06  DCAP64
FILLDECAP_T_5_543                      0           0   1.471e-06   1.471e-06  DCAP64
FILLDECAP_T_5_542                      0           0   1.471e-06   1.471e-06  DCAP64
FILLDECAP_T_5_541                      0           0   1.471e-06   1.471e-06  DCAP64
FILLDECAP_T_5_540                      0           0   1.471e-06   1.471e-06  DCAP64
FILLDECAP_T_5_539                      0           0   3.013e-07   3.013e-07  DCAP16
FILLDECAP_T_5_538                      0           0   1.471e-06   1.471e-06  DCAP64
FILLDECAP_T_5_537                      0           0   1.471e-06   1.471e-06  DCAP64
FILLDECAP_T_5_523                      0           0   1.471e-06   1.471e-06  DCAP64
FILLDECAP_T_5_522                      0           0   1.471e-06   1.471e-06  DCAP64
FILLDECAP_T_5_521                      0           0   1.471e-06   1.471e-06  DCAP64
FILLDECAP_T_5_749                      0           0   1.471e-06   1.471e-06  DCAP64
FILLDECAP_T_5_520                      0           0   1.471e-06   1.471e-06  DCAP64
FILLDECAP_T_5_748                      0           0   1.471e-06   1.471e-06  DCAP64
FILLDECAP_T_5_519                      0           0   1.471e-06   1.471e-06  DCAP64
FILLDECAP_T_5_747                      0           0   1.471e-06   1.471e-06  DCAP64
FILLDECAP_T_5_518                      0           0   1.471e-06   1.471e-06  DCAP64
FILLDECAP_T_5_746                      0           0   1.471e-06   1.471e-06  DCAP64
FILLDECAP_T_5_517                      0           0   1.471e-06   1.471e-06  DCAP64
FILLDECAP_T_5_745                      0           0   1.471e-06   1.471e-06  DCAP64
FILLDECAP_T_5_516                      0           0   1.471e-06   1.471e-06  DCAP64
FILLDECAP_T_5_744                      0           0   1.471e-06   1.471e-06  DCAP64
FILLDECAP_T_5_515                      0           0   1.471e-06   1.471e-06  DCAP64
FILLDECAP_T_5_743                      0           0   1.471e-06   1.471e-06  DCAP64
FILLDECAP_T_5_514                      0           0   1.471e-06   1.471e-06  DCAP64
FILLDECAP_T_5_742                      0           0   8.028e-09   8.028e-09  DCAP
FILLDECAP_T_5_513                      0           0   1.471e-06   1.471e-06  DCAP64
FILLDECAP_T_5_741                      0           0   1.471e-06   1.471e-06  DCAP64
FILLDECAP_T_5_512                      0           0   1.471e-06   1.471e-06  DCAP64
FILLDECAP_T_5_740                      0           0   1.471e-06   1.471e-06  DCAP64
FILLDECAP_T_5_511                      0           0   3.013e-07   3.013e-07  DCAP16
FILLDECAP_T_5_739                      0           0   1.471e-06   1.471e-06  DCAP64
FILLDECAP_T_5_510                      0           0   1.471e-06   1.471e-06  DCAP64
FILLDECAP_T_5_738                      0           0   1.471e-06   1.471e-06  DCAP64
FILLDECAP_T_5_509                      0           0   1.471e-06   1.471e-06  DCAP64
FILLDECAP_T_5_737                      0           0   1.471e-06   1.471e-06  DCAP64
FILLDECAP_T_5_508                      0           0   1.471e-06   1.471e-06  DCAP64
FILLDECAP_T_5_736                      0           0   1.471e-06   1.471e-06  DCAP64
FILLDECAP_T_5_507                      0           0   1.471e-06   1.471e-06  DCAP64
FILLDECAP_T_5_735                      0           0   1.471e-06   1.471e-06  DCAP64
FILLDECAP_T_5_506                      0           0   1.471e-06   1.471e-06  DCAP64
FILLDECAP_T_5_5                        0           0   1.471e-06   1.471e-06  DCAP64
FILLDECAP_T_5_884                      0           0   1.471e-06   1.471e-06  DCAP64
FILLDECAP_T_5_474                      0           0   1.471e-06   1.471e-06  DCAP64
FILLDECAP_T_5_883                      0           0   1.471e-06   1.471e-06  DCAP64
FILLDECAP_T_5_473                      0           0   1.471e-06   1.471e-06  DCAP64
FILLDECAP_T_5_882                      0           0   3.013e-07   3.013e-07  DCAP16
FILLDECAP_T_5_472                      0           0   1.471e-06   1.471e-06  DCAP64
FILLDECAP_T_5_881                      0           0   1.471e-06   1.471e-06  DCAP64
FILLDECAP_T_5_471                      0           0   1.471e-06   1.471e-06  DCAP64
FILLDECAP_T_5_880                      0           0   1.471e-06   1.471e-06  DCAP64
FILLDECAP_T_5_470                      0           0   1.471e-06   1.471e-06  DCAP64
FILLDECAP_T_5_879                      0           0   1.471e-06   1.471e-06  DCAP64
FILLDECAP_T_5_469                      0           0   1.471e-06   1.471e-06  DCAP64
FILLDECAP_T_5_878                      0           0   1.471e-06   1.471e-06  DCAP64
FILLDECAP_T_5_468                      0           0   1.471e-06   1.471e-06  DCAP64
FILLDECAP_T_5_436                      0           0   1.471e-06   1.471e-06  DCAP64
FILLDECAP_T_5_435                      0           0   1.471e-06   1.471e-06  DCAP64
FILLDECAP_T_5_434                      0           0   1.471e-06   1.471e-06  DCAP64
FILLDECAP_T_5_433                      0           0   1.471e-06   1.471e-06  DCAP64
FILLDECAP_T_5_432                      0           0   1.471e-06   1.471e-06  DCAP64
FILLDECAP_T_5_431                      0           0   1.471e-06   1.471e-06  DCAP64
FILLDECAP_T_5_430                      0           0   1.471e-06   1.471e-06  DCAP64
FILLDECAP_T_5_429                      0           0   1.471e-06   1.471e-06  DCAP64
FILLDECAP_T_5_428                      0           0   1.471e-06   1.471e-06  DCAP64
FILLDECAP_T_5_427                      0           0   3.013e-07   3.013e-07  DCAP16
FILLDECAP_T_5_426                      0           0   1.471e-06   1.471e-06  DCAP64
FILLDECAP_T_5_425                      0           0   1.471e-06   1.471e-06  DCAP64
FILLDECAP_T_5_424                      0           0   1.471e-06   1.471e-06  DCAP64
FILLDECAP_T_5_423                      0           0   1.471e-06   1.471e-06  DCAP64
FILLDECAP_T_5_422                      0           0   1.471e-06   1.471e-06  DCAP64
FILLDECAP_T_5_421                      0           0   1.471e-06   1.471e-06  DCAP64
FILLDECAP_T_5_420                      0           0   1.471e-06   1.471e-06  DCAP64
FILLDECAP_T_5_419                      0           0   1.471e-06   1.471e-06  DCAP64
FILLDECAP_T_5_418                      0           0   1.471e-06   1.471e-06  DCAP64
FILLDECAP_T_5_41                       0           0   1.331e-07   1.331e-07  DCAP8
FILLDECAP_T_5_40                       0           0   3.013e-07   3.013e-07  DCAP16
FILLDECAP_T_5_4                        0           0   1.471e-06   1.471e-06  DCAP64
FILLDECAP_T_5_39                       0           0   7.166e-07   7.166e-07  DCAP32
FILLDECAP_T_5_383                      0           0   1.471e-06   1.471e-06  DCAP64
FILLDECAP_T_5_382                      0           0   1.471e-06   1.471e-06  DCAP64
FILLDECAP_T_5_381                      0           0   1.471e-06   1.471e-06  DCAP64
FILLDECAP_T_5_380                      0           0   1.471e-06   1.471e-06  DCAP64
FILLDECAP_T_5_38                       0           0   1.471e-06   1.471e-06  DCAP64
FILLDECAP_T_5_379                      0           0   1.471e-06   1.471e-06  DCAP64
FILLDECAP_T_5_378                      0           0   1.471e-06   1.471e-06  DCAP64
FILLDECAP_T_5_377                      0           0   1.471e-06   1.471e-06  DCAP64
FILLDECAP_T_5_376                      0           0   1.471e-06   1.471e-06  DCAP64
FILLDECAP_T_5_375                      0           0   1.471e-06   1.471e-06  DCAP64
FILLDECAP_T_5_374                      0           0   1.471e-06   1.471e-06  DCAP64
FILLDECAP_T_5_373                      0           0   1.471e-06   1.471e-06  DCAP64
FILLDECAP_T_5_372                      0           0   1.471e-06   1.471e-06  DCAP64
FILLDECAP_T_5_371                      0           0   3.013e-07   3.013e-07  DCAP16
FILLDECAP_T_5_370                      0           0   1.471e-06   1.471e-06  DCAP64
FILLDECAP_T_5_37                       0           0   1.471e-06   1.471e-06  DCAP64
FILLDECAP_T_5_369                      0           0   1.471e-06   1.471e-06  DCAP64
FILLDECAP_T_5_368                      0           0   1.471e-06   1.471e-06  DCAP64
FILLDECAP_T_5_367                      0           0   1.471e-06   1.471e-06  DCAP64
FILLDECAP_T_5_366                      0           0   1.471e-06   1.471e-06  DCAP64
FILLDECAP_T_5_365                      0           0   1.471e-06   1.471e-06  DCAP64
FILLDECAP_T_5_364                      0           0   1.471e-06   1.471e-06  DCAP64
FILLDECAP_T_5_363                      0           0   1.471e-06   1.471e-06  DCAP64
FILLDECAP_T_5_362                      0           0   1.471e-06   1.471e-06  DCAP64
FILLDECAP_T_5_361                      0           0   1.471e-06   1.471e-06  DCAP64
FILLDECAP_T_5_360                      0           0   1.471e-06   1.471e-06  DCAP64
FILLDECAP_T_5_36                       0           0   1.471e-06   1.471e-06  DCAP64
FILLDECAP_T_5_359                      0           0   1.471e-06   1.471e-06  DCAP64
FILLDECAP_T_5_358                      0           0   1.471e-06   1.471e-06  DCAP64
FILLDECAP_T_5_357                      0           0   1.471e-06   1.471e-06  DCAP64
FILLDECAP_T_5_356                      0           0   1.471e-06   1.471e-06  DCAP64
FILLDECAP_T_5_355                      0           0   1.471e-06   1.471e-06  DCAP64
FILLDECAP_T_5_354                      0           0   1.471e-06   1.471e-06  DCAP64
FILLDECAP_T_5_353                      0           0   1.471e-06   1.471e-06  DCAP64
FILLDECAP_T_5_352                      0           0   1.471e-06   1.471e-06  DCAP64
FILLDECAP_T_5_351                      0           0   1.471e-06   1.471e-06  DCAP64
FILLDECAP_T_5_350                      0           0   1.471e-06   1.471e-06  DCAP64
FILLDECAP_T_5_35                       0           0   1.471e-06   1.471e-06  DCAP64
FILLDECAP_T_5_349                      0           0   1.471e-06   1.471e-06  DCAP64
FILLDECAP_T_5_348                      0           0   1.471e-06   1.471e-06  DCAP64
FILLDECAP_T_5_347                      0           0   1.471e-06   1.471e-06  DCAP64
FILLDECAP_T_5_346                      0           0   1.471e-06   1.471e-06  DCAP64
FILLDECAP_T_5_345                      0           0   1.471e-06   1.471e-06  DCAP64
FILLDECAP_T_5_344                      0           0   1.471e-06   1.471e-06  DCAP64
FILLDECAP_T_5_342                      0           0   1.331e-07   1.331e-07  DCAP8
FILLDECAP_T_5_341                      0           0   1.846e-08   1.846e-08  DCAP4
FILLDECAP_T_5_340                      0           0   1.471e-06   1.471e-06  DCAP64
FILLDECAP_T_5_34                       0           0   1.471e-06   1.471e-06  DCAP64
FILLDECAP_T_5_339                      0           0   1.471e-06   1.471e-06  DCAP64
FILLDECAP_T_5_338                      0           0   1.471e-06   1.471e-06  DCAP64
FILLDECAP_T_5_337                      0           0   1.471e-06   1.471e-06  DCAP64
FILLDECAP_T_5_336                      0           0   1.471e-06   1.471e-06  DCAP64
FILLDECAP_T_5_335                      0           0   1.471e-06   1.471e-06  DCAP64
FILLDECAP_T_5_334                      0           0   1.471e-06   1.471e-06  DCAP64
FILLDECAP_T_5_333                      0           0   1.471e-06   1.471e-06  DCAP64
FILLDECAP_T_5_332                      0           0   1.471e-06   1.471e-06  DCAP64
FILLDECAP_T_5_33                       0           0   1.471e-06   1.471e-06  DCAP64
FILLDECAP_T_5_32                       0           0   1.471e-06   1.471e-06  DCAP64
FILLDECAP_T_5_314                      0           0   1.471e-06   1.471e-06  DCAP64
FILLDECAP_T_5_31                       0           0   1.471e-06   1.471e-06  DCAP64
FILLDECAP_T_5_309                      0           0   1.846e-08   1.846e-08  DCAP4
FILLDECAP_T_5_308                      0           0   1.471e-06   1.471e-06  DCAP64
FILLDECAP_T_5_307                      0           0   1.471e-06   1.471e-06  DCAP64
FILLDECAP_T_5_306                      0           0   1.471e-06   1.471e-06  DCAP64
FILLDECAP_T_5_305                      0           0   1.471e-06   1.471e-06  DCAP64
FILLDECAP_T_5_304                      0           0   1.471e-06   1.471e-06  DCAP64
FILLDECAP_T_5_303                      0           0   1.471e-06   1.471e-06  DCAP64
FILLDECAP_T_5_302                      0           0   1.471e-06   1.471e-06  DCAP64
FILLDECAP_T_5_301                      0           0   1.471e-06   1.471e-06  DCAP64
FILLDECAP_T_5_300                      0           0   1.471e-06   1.471e-06  DCAP64
FILLDECAP_T_5_30                       0           0   1.471e-06   1.471e-06  DCAP64
FILLDECAP_T_5_3                        0           0   1.471e-06   1.471e-06  DCAP64
FILLDECAP_T_5_299                      0           0   1.471e-06   1.471e-06  DCAP64
FILLDECAP_T_5_298                      0           0   1.471e-06   1.471e-06  DCAP64
FILLDECAP_T_5_297                      0           0   1.471e-06   1.471e-06  DCAP64
FILLDECAP_T_5_296                      0           0   1.471e-06   1.471e-06  DCAP64
FILLDECAP_T_5_295                      0           0   1.471e-06   1.471e-06  DCAP64
FILLDECAP_T_5_294                      0           0   1.471e-06   1.471e-06  DCAP64
FILLDECAP_T_5_293                      0           0   1.471e-06   1.471e-06  DCAP64
FILLDECAP_T_5_292                      0           0   1.471e-06   1.471e-06  DCAP64
FILLDECAP_T_5_291                      0           0   1.471e-06   1.471e-06  DCAP64
FILLDECAP_T_5_290                      0           0   1.471e-06   1.471e-06  DCAP64
FILLDECAP_T_5_29                       0           0   1.471e-06   1.471e-06  DCAP64
FILLDECAP_T_5_289                      0           0   1.471e-06   1.471e-06  DCAP64
FILLDECAP_T_5_288                      0           0   1.471e-06   1.471e-06  DCAP64
FILLDECAP_T_5_287                      0           0   1.471e-06   1.471e-06  DCAP64
FILLDECAP_T_5_286                      0           0   1.471e-06   1.471e-06  DCAP64
FILLDECAP_T_5_285                      0           0   1.471e-06   1.471e-06  DCAP64
FILLDECAP_T_5_284                      0           0   1.471e-06   1.471e-06  DCAP64
FILLDECAP_T_5_283                      0           0   1.471e-06   1.471e-06  DCAP64
FILLDECAP_T_5_282                      0           0   1.471e-06   1.471e-06  DCAP64
FILLDECAP_T_5_281                      0           0   3.013e-07   3.013e-07  DCAP16
FILLDECAP_T_5_280                      0           0   1.471e-06   1.471e-06  DCAP64
FILLDECAP_T_5_28                       0           0   1.471e-06   1.471e-06  DCAP64
FILLDECAP_T_5_279                      0           0   1.471e-06   1.471e-06  DCAP64
FILLDECAP_T_5_278                      0           0   1.471e-06   1.471e-06  DCAP64
FILLDECAP_T_5_277                      0           0   1.471e-06   1.471e-06  DCAP64
FILLDECAP_T_5_276                      0           0   1.471e-06   1.471e-06  DCAP64
FILLDECAP_T_5_275                      0           0   1.471e-06   1.471e-06  DCAP64
FILLDECAP_T_5_274                      0           0   1.471e-06   1.471e-06  DCAP64
FILLDECAP_T_5_273                      0           0   1.471e-06   1.471e-06  DCAP64
FILLDECAP_T_5_272                      0           0   1.471e-06   1.471e-06  DCAP64
FILLDECAP_T_5_271                      0           0   1.471e-06   1.471e-06  DCAP64
FILLDECAP_T_5_270                      0           0   1.471e-06   1.471e-06  DCAP64
FILLDECAP_T_5_27                       0           0   8.028e-09   8.028e-09  DCAP
FILLDECAP_T_5_269                      0           0   1.471e-06   1.471e-06  DCAP64
FILLDECAP_T_5_268                      0           0   1.471e-06   1.471e-06  DCAP64
FILLDECAP_T_5_267                      0           0   1.471e-06   1.471e-06  DCAP64
FILLDECAP_T_5_26                       0           0   1.846e-08   1.846e-08  DCAP4
FILLDECAP_T_5_25                       0           0   1.331e-07   1.331e-07  DCAP8
FILLDECAP_T_5_24                       0           0   3.013e-07   3.013e-07  DCAP16
FILLDECAP_T_5_238                      0           0   1.471e-06   1.471e-06  DCAP64
FILLDECAP_T_5_237                      0           0   1.471e-06   1.471e-06  DCAP64
FILLDECAP_T_5_236                      0           0   1.471e-06   1.471e-06  DCAP64
FILLDECAP_T_5_235                      0           0   1.471e-06   1.471e-06  DCAP64
FILLDECAP_T_5_234                      0           0   1.471e-06   1.471e-06  DCAP64
FILLDECAP_T_5_233                      0           0   1.471e-06   1.471e-06  DCAP64
FILLDECAP_T_5_232                      0           0   1.471e-06   1.471e-06  DCAP64
FILLDECAP_T_5_231                      0           0   1.471e-06   1.471e-06  DCAP64
FILLDECAP_T_5_230                      0           0   1.471e-06   1.471e-06  DCAP64
FILLDECAP_T_5_23                       0           0   7.166e-07   7.166e-07  DCAP32
FILLDECAP_T_5_229                      0           0   1.471e-06   1.471e-06  DCAP64
FILLDECAP_T_5_228                      0           0   1.471e-06   1.471e-06  DCAP64
FILLDECAP_T_5_227                      0           0   1.471e-06   1.471e-06  DCAP64
FILLDECAP_T_5_226                      0           0   1.471e-06   1.471e-06  DCAP64
FILLDECAP_T_5_225                      0           0   3.013e-07   3.013e-07  DCAP16
FILLDECAP_T_5_224                      0           0   1.471e-06   1.471e-06  DCAP64
FILLDECAP_T_5_223                      0           0   1.471e-06   1.471e-06  DCAP64
FILLDECAP_T_5_222                      0           0   1.471e-06   1.471e-06  DCAP64
FILLDECAP_T_5_221                      0           0   1.471e-06   1.471e-06  DCAP64
FILLDECAP_T_5_220                      0           0   1.471e-06   1.471e-06  DCAP64
FILLDECAP_T_5_22                       0           0   1.471e-06   1.471e-06  DCAP64
FILLDECAP_T_5_219                      0           0   1.471e-06   1.471e-06  DCAP64
FILLDECAP_T_5_218                      0           0   1.471e-06   1.471e-06  DCAP64
FILLDECAP_T_5_217                      0           0   1.471e-06   1.471e-06  DCAP64
FILLDECAP_T_5_216                      0           0   1.471e-06   1.471e-06  DCAP64
FILLDECAP_T_5_215                      0           0   1.471e-06   1.471e-06  DCAP64
FILLDECAP_T_5_214                      0           0   1.471e-06   1.471e-06  DCAP64
FILLDECAP_T_5_213                      0           0   1.471e-06   1.471e-06  DCAP64
FILLDECAP_T_5_212                      0           0   1.471e-06   1.471e-06  DCAP64
FILLDECAP_T_5_211                      0           0   1.471e-06   1.471e-06  DCAP64
FILLDECAP_T_5_210                      0           0   1.471e-06   1.471e-06  DCAP64
FILLDECAP_T_5_21                       0           0   1.471e-06   1.471e-06  DCAP64
FILLDECAP_T_5_209                      0           0   1.471e-06   1.471e-06  DCAP64
FILLDECAP_T_5_208                      0           0   1.471e-06   1.471e-06  DCAP64
FILLDECAP_T_5_207                      0           0   1.471e-06   1.471e-06  DCAP64
FILLDECAP_T_5_206                      0           0   1.471e-06   1.471e-06  DCAP64
FILLDECAP_T_5_205                      0           0   1.471e-06   1.471e-06  DCAP64
FILLDECAP_T_5_204                      0           0   1.471e-06   1.471e-06  DCAP64
FILLDECAP_T_5_203                      0           0   1.471e-06   1.471e-06  DCAP64
FILLDECAP_T_5_202                      0           0   1.471e-06   1.471e-06  DCAP64
FILLDECAP_T_5_201                      0           0   1.471e-06   1.471e-06  DCAP64
FILLDECAP_T_5_200                      0           0   1.471e-06   1.471e-06  DCAP64
FILLDECAP_T_5_20                       0           0   8.028e-09   8.028e-09  DCAP
FILLDECAP_T_5_199                      0           0   1.471e-06   1.471e-06  DCAP64
FILLDECAP_T_5_198                      0           0   1.471e-06   1.471e-06  DCAP64
FILLDECAP_T_5_197                      0           0   3.013e-07   3.013e-07  DCAP16
FILLDECAP_T_5_196                      0           0   1.471e-06   1.471e-06  DCAP64
FILLDECAP_T_5_195                      0           0   1.471e-06   1.471e-06  DCAP64
FILLDECAP_T_5_194                      0           0   1.471e-06   1.471e-06  DCAP64
FILLDECAP_T_5_193                      0           0   1.471e-06   1.471e-06  DCAP64
FILLDECAP_T_5_192                      0           0   1.471e-06   1.471e-06  DCAP64
FILLDECAP_T_5_191                      0           0   1.471e-06   1.471e-06  DCAP64
FILLDECAP_T_5_190                      0           0   1.471e-06   1.471e-06  DCAP64
FILLDECAP_T_5_189                      0           0   1.471e-06   1.471e-06  DCAP64
FILLDECAP_T_5_188                      0           0   1.471e-06   1.471e-06  DCAP64
FILLDECAP_T_5_187                      0           0   1.471e-06   1.471e-06  DCAP64
FILLDECAP_T_5_186                      0           0   1.471e-06   1.471e-06  DCAP64
FILLDECAP_T_5_185                      0           0   1.471e-06   1.471e-06  DCAP64
FILLDECAP_T_5_184                      0           0   1.471e-06   1.471e-06  DCAP64
FILLDECAP_T_5_183                      0           0   1.471e-06   1.471e-06  DCAP64
FILLDECAP_T_5_18                       0           0   1.846e-08   1.846e-08  DCAP4
FILLDECAP_T_5_170                      0           0   1.471e-06   1.471e-06  DCAP64
FILLDECAP_T_5_17                       0           0   1.846e-08   1.846e-08  DCAP4
FILLDECAP_T_5_169                      0           0   3.013e-07   3.013e-07  DCAP16
FILLDECAP_T_5_168                      0           0   1.471e-06   1.471e-06  DCAP64
FILLDECAP_T_5_167                      0           0   1.471e-06   1.471e-06  DCAP64
FILLDECAP_T_5_166                      0           0   1.471e-06   1.471e-06  DCAP64
FILLDECAP_T_5_165                      0           0   1.471e-06   1.471e-06  DCAP64
FILLDECAP_T_5_164                      0           0   1.471e-06   1.471e-06  DCAP64
FILLDECAP_T_5_163                      0           0   1.471e-06   1.471e-06  DCAP64
FILLDECAP_T_5_162                      0           0   1.471e-06   1.471e-06  DCAP64
FILLDECAP_T_5_161                      0           0   1.471e-06   1.471e-06  DCAP64
FILLDECAP_T_5_160                      0           0   1.471e-06   1.471e-06  DCAP64
FILLDECAP_T_5_16                       0           0   7.166e-07   7.166e-07  DCAP32
FILLDECAP_T_5_159                      0           0   1.471e-06   1.471e-06  DCAP64
FILLDECAP_T_5_158                      0           0   1.471e-06   1.471e-06  DCAP64
FILLDECAP_T_5_157                      0           0   1.471e-06   1.471e-06  DCAP64
FILLDECAP_T_5_156                      0           0   1.471e-06   1.471e-06  DCAP64
FILLDECAP_T_5_155                      0           0   1.471e-06   1.471e-06  DCAP64
FILLDECAP_T_5_1341                     0           0   8.028e-09   8.028e-09  DCAP
FILLDECAP_T_5_1339                     0           0   1.331e-07   1.331e-07  DCAP8
FILLDECAP_T_5_1338                     0           0   3.013e-07   3.013e-07  DCAP16
FILLDECAP_T_5_1337                     0           0   7.166e-07   7.166e-07  DCAP32
FILLDECAP_T_5_1332                     0           0   1.331e-07   1.331e-07  DCAP8
FILLDECAP_T_5_1331                     0           0   3.013e-07   3.013e-07  DCAP16
FILLDECAP_T_5_1324                     0           0   7.166e-07   7.166e-07  DCAP32
FILLDECAP_T_5_1323                     0           0   1.471e-06   1.471e-06  DCAP64
FILLDECAP_T_5_1322                     0           0   1.471e-06   1.471e-06  DCAP64
FILLDECAP_T_5_1320                     0           0   1.846e-08   1.846e-08  DCAP4
FILLDECAP_T_5_132                      0           0   1.471e-06   1.471e-06  DCAP64
FILLDECAP_T_5_131                      0           0   1.471e-06   1.471e-06  DCAP64
FILLDECAP_T_5_1306                     0           0   1.331e-07   1.331e-07  DCAP8
FILLDECAP_T_5_1305                     0           0   3.013e-07   3.013e-07  DCAP16
FILLDECAP_T_5_1304                     0           0   7.166e-07   7.166e-07  DCAP32
FILLDECAP_T_5_1302                     0           0   1.846e-08   1.846e-08  DCAP4
FILLDECAP_T_5_1301                     0           0   1.331e-07   1.331e-07  DCAP8
FILLDECAP_T_5_1300                     0           0   1.471e-06   1.471e-06  DCAP64
FILLDECAP_T_5_130                      0           0   1.471e-06   1.471e-06  DCAP64
FILLDECAP_T_5_13                       0           0   8.028e-09   8.028e-09  DCAP
FILLDECAP_T_5_1298                     0           0   1.331e-07   1.331e-07  DCAP8
FILLDECAP_T_5_1297                     0           0   3.013e-07   3.013e-07  DCAP16
FILLDECAP_T_5_1293                     0           0   3.013e-07   3.013e-07  DCAP16
FILLDECAP_T_5_1292                     0           0   7.166e-07   7.166e-07  DCAP32
FILLDECAP_T_5_1291                     0           0   1.471e-06   1.471e-06  DCAP64
FILLDECAP_T_5_129                      0           0   1.471e-06   1.471e-06  DCAP64
FILLDECAP_T_5_1289                     0           0   1.846e-08   1.846e-08  DCAP4
FILLDECAP_T_5_1288                     0           0   1.331e-07   1.331e-07  DCAP8
FILLDECAP_T_5_1285                     0           0   1.331e-07   1.331e-07  DCAP8
FILLDECAP_T_5_1284                     0           0   3.013e-07   3.013e-07  DCAP16
FILLDECAP_T_5_1281                     0           0   1.471e-06   1.471e-06  DCAP64
FILLDECAP_T_5_1280                     0           0   1.471e-06   1.471e-06  DCAP64
FILLDECAP_T_5_128                      0           0   1.471e-06   1.471e-06  DCAP64
FILLDECAP_T_5_1279                     0           0   8.028e-09   8.028e-09  DCAP
FILLDECAP_T_5_917                      0           0   1.471e-06   1.471e-06  DCAP64
FILLDECAP_T_5_1278                     0           0   1.846e-08   1.846e-08  DCAP4
FILLDECAP_T_5_916                      0           0   1.471e-06   1.471e-06  DCAP64
FILLDECAP_T_5_1277                     0           0   1.331e-07   1.331e-07  DCAP8
FILLDECAP_T_5_915                      0           0   1.471e-06   1.471e-06  DCAP64
FILLDECAP_T_5_1276                     0           0   3.013e-07   3.013e-07  DCAP16
FILLDECAP_T_5_914                      0           0   1.471e-06   1.471e-06  DCAP64
FILLDECAP_T_5_1275                     0           0   7.166e-07   7.166e-07  DCAP32
FILLDECAP_T_5_913                      0           0   1.471e-06   1.471e-06  DCAP64
FILLDECAP_T_5_1273                     0           0   1.846e-08   1.846e-08  DCAP4
FILLDECAP_T_5_912                      0           0   1.471e-06   1.471e-06  DCAP64
FILLDECAP_T_5_1272                     0           0   1.331e-07   1.331e-07  DCAP8
FILLDECAP_T_5_911                      0           0   1.471e-06   1.471e-06  DCAP64
FILLDECAP_T_5_1271                     0           0   7.166e-07   7.166e-07  DCAP32
FILLDECAP_T_5_127                      0           0   1.471e-06   1.471e-06  DCAP64
FILLDECAP_T_5_910                      0           0   3.013e-07   3.013e-07  DCAP16
FILLDECAP_T_5_1269                     0           0   1.331e-07   1.331e-07  DCAP8
FILLDECAP_T_5_909                      0           0   1.471e-06   1.471e-06  DCAP64
FILLDECAP_T_5_1268                     0           0   3.013e-07   3.013e-07  DCAP16
FILLDECAP_T_5_126                      0           0   1.471e-06   1.471e-06  DCAP64
FILLDECAP_T_5_1259                     0           0   1.471e-06   1.471e-06  DCAP64
FILLDECAP_T_5_1258                     0           0   1.471e-06   1.471e-06  DCAP64
FILLDECAP_T_5_1257                     0           0   1.846e-08   1.846e-08  DCAP4
FILLDECAP_T_5_1252                     0           0   1.846e-08   1.846e-08  DCAP4
FILLDECAP_T_5_1251                     0           0   3.013e-07   3.013e-07  DCAP16
FILLDECAP_T_5_1250                     0           0   7.166e-07   7.166e-07  DCAP32
FILLDECAP_T_5_125                      0           0   1.471e-06   1.471e-06  DCAP64
FILLDECAP_T_5_1249                     0           0   1.471e-06   1.471e-06  DCAP64
FILLDECAP_T_5_124                      0           0   1.471e-06   1.471e-06  DCAP64
FILLDECAP_T_5_1232                     0           0   1.471e-06   1.471e-06  DCAP64
FILLDECAP_T_5_1231                     0           0   1.471e-06   1.471e-06  DCAP64
FILLDECAP_T_5_1230                     0           0   1.471e-06   1.471e-06  DCAP64
FILLDECAP_T_5_123                      0           0   1.471e-06   1.471e-06  DCAP64
FILLDECAP_T_5_1229                     0           0   1.471e-06   1.471e-06  DCAP64
FILLDECAP_T_5_1228                     0           0   1.471e-06   1.471e-06  DCAP64
FILLDECAP_T_5_1227                     0           0   1.471e-06   1.471e-06  DCAP64
FILLDECAP_T_5_1226                     0           0   1.471e-06   1.471e-06  DCAP64
FILLDECAP_T_5_1225                     0           0   1.471e-06   1.471e-06  DCAP64
FILLDECAP_T_5_1224                     0           0   1.471e-06   1.471e-06  DCAP64
FILLDECAP_T_5_1222                     0           0   1.331e-07   1.331e-07  DCAP8
FILLDECAP_T_5_1221                     0           0   1.471e-06   1.471e-06  DCAP64
FILLDECAP_T_5_1220                     0           0   1.471e-06   1.471e-06  DCAP64
FILLDECAP_T_5_121                      0           0   1.331e-07   1.331e-07  DCAP8
FILLDECAP_T_5_1203                     0           0   1.471e-06   1.471e-06  DCAP64
FILLDECAP_T_5_1202                     0           0   1.471e-06   1.471e-06  DCAP64
FILLDECAP_T_5_1201                     0           0   1.471e-06   1.471e-06  DCAP64
FILLDECAP_T_5_1200                     0           0   1.471e-06   1.471e-06  DCAP64
FILLDECAP_T_5_120                      0           0   3.013e-07   3.013e-07  DCAP16
FILLDECAP_T_5_12                       0           0   1.331e-07   1.331e-07  DCAP8
FILLDECAP_T_5_1199                     0           0   1.471e-06   1.471e-06  DCAP64
FILLDECAP_T_5_1198                     0           0   1.471e-06   1.471e-06  DCAP64
FILLDECAP_T_5_1197                     0           0   1.471e-06   1.471e-06  DCAP64
FILLDECAP_T_5_1196                     0           0   1.471e-06   1.471e-06  DCAP64
FILLDECAP_T_5_1195                     0           0   1.471e-06   1.471e-06  DCAP64
FILLDECAP_T_5_1194                     0           0   3.013e-07   3.013e-07  DCAP16
FILLDECAP_T_5_1193                     0           0   1.471e-06   1.471e-06  DCAP64
FILLDECAP_T_5_1192                     0           0   1.471e-06   1.471e-06  DCAP64
FILLDECAP_T_5_1191                     0           0   1.471e-06   1.471e-06  DCAP64
FILLDECAP_T_5_1190                     0           0   1.471e-06   1.471e-06  DCAP64
FILLDECAP_T_5_119                      0           0   1.471e-06   1.471e-06  DCAP64
FILLDECAP_T_5_1189                     0           0   1.471e-06   1.471e-06  DCAP64
FILLDECAP_T_5_1188                     0           0   1.471e-06   1.471e-06  DCAP64
FILLDECAP_T_5_1187                     0           0   1.471e-06   1.471e-06  DCAP64
FILLDECAP_T_5_1186                     0           0   1.471e-06   1.471e-06  DCAP64
FILLDECAP_T_5_1185                     0           0   1.471e-06   1.471e-06  DCAP64
FILLDECAP_T_5_1184                     0           0   1.471e-06   1.471e-06  DCAP64
FILLDECAP_T_5_1183                     0           0   1.471e-06   1.471e-06  DCAP64
FILLDECAP_T_5_1182                     0           0   1.471e-06   1.471e-06  DCAP64
FILLDECAP_T_5_1181                     0           0   1.471e-06   1.471e-06  DCAP64
FILLDECAP_T_5_1180                     0           0   1.471e-06   1.471e-06  DCAP64
FILLDECAP_T_5_118                      0           0   1.471e-06   1.471e-06  DCAP64
FILLDECAP_T_5_1179                     0           0   1.471e-06   1.471e-06  DCAP64
FILLDECAP_T_5_1178                     0           0   1.471e-06   1.471e-06  DCAP64
FILLDECAP_T_5_1177                     0           0   1.471e-06   1.471e-06  DCAP64
FILLDECAP_T_5_1176                     0           0   1.471e-06   1.471e-06  DCAP64
FILLDECAP_T_5_1175                     0           0   1.471e-06   1.471e-06  DCAP64
FILLDECAP_T_5_1174                     0           0   1.471e-06   1.471e-06  DCAP64
FILLDECAP_T_5_1173                     0           0   1.471e-06   1.471e-06  DCAP64
FILLDECAP_T_5_1172                     0           0   1.471e-06   1.471e-06  DCAP64
FILLDECAP_T_5_1171                     0           0   1.471e-06   1.471e-06  DCAP64
FILLDECAP_T_5_1170                     0           0   1.471e-06   1.471e-06  DCAP64
FILLDECAP_T_5_117                      0           0   1.471e-06   1.471e-06  DCAP64
FILLDECAP_T_5_1169                     0           0   1.471e-06   1.471e-06  DCAP64
FILLDECAP_T_5_1168                     0           0   1.471e-06   1.471e-06  DCAP64
FILLDECAP_T_5_1167                     0           0   1.471e-06   1.471e-06  DCAP64
FILLDECAP_T_5_1166                     0           0   3.013e-07   3.013e-07  DCAP16
FILLDECAP_T_5_1165                     0           0   1.471e-06   1.471e-06  DCAP64
FILLDECAP_T_5_1164                     0           0   1.471e-06   1.471e-06  DCAP64
FILLDECAP_T_5_116                      0           0   1.471e-06   1.471e-06  DCAP64
FILLDECAP_T_5_115                      0           0   1.471e-06   1.471e-06  DCAP64
FILLDECAP_T_5_114                      0           0   1.471e-06   1.471e-06  DCAP64
FILLDECAP_T_5_1137                     0           0   1.471e-06   1.471e-06  DCAP64
FILLDECAP_T_5_1136                     0           0   1.471e-06   1.471e-06  DCAP64
FILLDECAP_T_5_1135                     0           0   1.471e-06   1.471e-06  DCAP64
FILLDECAP_T_5_1134                     0           0   1.471e-06   1.471e-06  DCAP64
FILLDECAP_T_5_1133                     0           0   1.471e-06   1.471e-06  DCAP64
FILLDECAP_T_5_1132                     0           0   1.471e-06   1.471e-06  DCAP64
FILLDECAP_T_5_1131                     0           0   1.471e-06   1.471e-06  DCAP64
FILLDECAP_T_5_1130                     0           0   1.471e-06   1.471e-06  DCAP64
FILLDECAP_T_5_113                      0           0   1.471e-06   1.471e-06  DCAP64
FILLDECAP_T_5_1129                     0           0   1.471e-06   1.471e-06  DCAP64
FILLDECAP_T_5_1128                     0           0   1.471e-06   1.471e-06  DCAP64
FILLDECAP_T_5_1127                     0           0   1.471e-06   1.471e-06  DCAP64
FILLDECAP_T_5_1126                     0           0   1.471e-06   1.471e-06  DCAP64
FILLDECAP_T_5_1125                     0           0   1.471e-06   1.471e-06  DCAP64
FILLDECAP_T_5_1124                     0           0   1.471e-06   1.471e-06  DCAP64
FILLDECAP_T_5_1123                     0           0   1.471e-06   1.471e-06  DCAP64
FILLDECAP_T_5_1122                     0           0   1.471e-06   1.471e-06  DCAP64
FILLDECAP_T_5_1121                     0           0   1.471e-06   1.471e-06  DCAP64
FILLDECAP_T_5_1120                     0           0   1.471e-06   1.471e-06  DCAP64
FILLDECAP_T_5_112                      0           0   1.471e-06   1.471e-06  DCAP64
FILLDECAP_T_5_1119                     0           0   1.471e-06   1.471e-06  DCAP64
FILLDECAP_T_5_1118                     0           0   1.471e-06   1.471e-06  DCAP64
FILLDECAP_T_5_1117                     0           0   1.471e-06   1.471e-06  DCAP64
FILLDECAP_T_5_1116                     0           0   1.471e-06   1.471e-06  DCAP64
FILLDECAP_T_5_1115                     0           0   1.471e-06   1.471e-06  DCAP64
FILLDECAP_T_5_1114                     0           0   1.471e-06   1.471e-06  DCAP64
FILLDECAP_T_5_1113                     0           0   1.471e-06   1.471e-06  DCAP64
FILLDECAP_T_5_1112                     0           0   1.471e-06   1.471e-06  DCAP64
FILLDECAP_T_5_1111                     0           0   1.471e-06   1.471e-06  DCAP64
FILLDECAP_T_5_1110                     0           0   3.013e-07   3.013e-07  DCAP16
FILLDECAP_T_5_111                      0           0   1.471e-06   1.471e-06  DCAP64
FILLDECAP_T_5_1109                     0           0   1.471e-06   1.471e-06  DCAP64
FILLDECAP_T_5_1108                     0           0   1.471e-06   1.471e-06  DCAP64
FILLDECAP_T_5_110                      0           0   1.471e-06   1.471e-06  DCAP64
FILLDECAP_T_5_11                       0           0   3.013e-07   3.013e-07  DCAP16
FILLDECAP_T_5_109                      0           0   1.471e-06   1.471e-06  DCAP64
FILLDECAP_T_5_108                      0           0   8.028e-09   8.028e-09  DCAP
FILLDECAP_T_5_107                      0           0   7.166e-07   7.166e-07  DCAP32
FILLDECAP_T_5_1063                     0           0   1.471e-06   1.471e-06  DCAP64
FILLDECAP_T_5_1062                     0           0   1.471e-06   1.471e-06  DCAP64
FILLDECAP_T_5_1061                     0           0   1.471e-06   1.471e-06  DCAP64
FILLDECAP_T_5_1060                     0           0   1.471e-06   1.471e-06  DCAP64
FILLDECAP_T_5_106                      0           0   1.471e-06   1.471e-06  DCAP64
FILLDECAP_T_5_1059                     0           0   1.471e-06   1.471e-06  DCAP64
FILLDECAP_T_5_1058                     0           0   1.471e-06   1.471e-06  DCAP64
FILLDECAP_T_5_1057                     0           0   1.471e-06   1.471e-06  DCAP64
FILLDECAP_T_5_1056                     0           0   1.471e-06   1.471e-06  DCAP64
FILLDECAP_T_5_105                      0           0   1.471e-06   1.471e-06  DCAP64
FILLDECAP_T_5_104                      0           0   1.471e-06   1.471e-06  DCAP64
FILLDECAP_T_5_734                      0           0   1.471e-06   1.471e-06  DCAP64
FILLDECAP_T_5_505                      0           0   1.471e-06   1.471e-06  DCAP64
FILLDECAP_T_5_1035                     0           0   1.471e-06   1.471e-06  DCAP64
FILLDECAP_T_5_733                      0           0   1.471e-06   1.471e-06  DCAP64
FILLDECAP_T_5_504                      0           0   1.471e-06   1.471e-06  DCAP64
FILLDECAP_T_5_1034                     0           0   1.471e-06   1.471e-06  DCAP64
FILLDECAP_T_5_732                      0           0   1.471e-06   1.471e-06  DCAP64
FILLDECAP_T_5_503                      0           0   1.471e-06   1.471e-06  DCAP64
FILLDECAP_T_5_1033                     0           0   1.471e-06   1.471e-06  DCAP64
FILLDECAP_T_5_731                      0           0   1.471e-06   1.471e-06  DCAP64
FILLDECAP_T_5_502                      0           0   1.471e-06   1.471e-06  DCAP64
FILLDECAP_T_5_1032                     0           0   1.471e-06   1.471e-06  DCAP64
FILLDECAP_T_5_730                      0           0   1.471e-06   1.471e-06  DCAP64
FILLDECAP_T_5_501                      0           0   1.471e-06   1.471e-06  DCAP64
FILLDECAP_T_5_1031                     0           0   1.471e-06   1.471e-06  DCAP64
FILLDECAP_T_5_729                      0           0   1.471e-06   1.471e-06  DCAP64
FILLDECAP_T_5_500                      0           0   1.471e-06   1.471e-06  DCAP64
FILLDECAP_T_5_1030                     0           0   1.471e-06   1.471e-06  DCAP64
FILLDECAP_T_5_103                      0           0   1.471e-06   1.471e-06  DCAP64
FILLDECAP_T_5_728                      0           0   1.471e-06   1.471e-06  DCAP64
FILLDECAP_T_5_499                      0           0   1.471e-06   1.471e-06  DCAP64
FILLDECAP_T_5_1029                     0           0   1.471e-06   1.471e-06  DCAP64
FILLDECAP_T_5_727                      0           0   1.471e-06   1.471e-06  DCAP64
FILLDECAP_T_5_498                      0           0   1.471e-06   1.471e-06  DCAP64
FILLDECAP_T_5_1028                     0           0   1.471e-06   1.471e-06  DCAP64
FILLDECAP_T_5_102                      0           0   1.471e-06   1.471e-06  DCAP64
FILLDECAP_T_5_101                      0           0   1.471e-06   1.471e-06  DCAP64
FILLDECAP_T_5_1007                     0           0   1.471e-06   1.471e-06  DCAP64
FILLDECAP_T_5_1006                     0           0   1.471e-06   1.471e-06  DCAP64
FILLDECAP_T_5_1005                     0           0   1.471e-06   1.471e-06  DCAP64
FILLDECAP_T_5_1004                     0           0   1.471e-06   1.471e-06  DCAP64
FILLDECAP_T_5_1003                     0           0   1.471e-06   1.471e-06  DCAP64
FILLDECAP_T_5_1002                     0           0   1.471e-06   1.471e-06  DCAP64
FILLDECAP_T_5_1001                     0           0   1.471e-06   1.471e-06  DCAP64
FILLDECAP_T_5_1000                     0           0   1.471e-06   1.471e-06  DCAP64
FILLDECAP_T_5_100                      0           0   1.471e-06   1.471e-06  DCAP64
FILLDECAP_T_5_10                       0           0   1.471e-06   1.471e-06  DCAP64
FILLDECAP_T_4_999                      0           0   1.471e-06   1.471e-06  DCAP64
FILLDECAP_T_4_998                      0           0   1.471e-06   1.471e-06  DCAP64
FILLDECAP_T_4_997                      0           0   1.471e-06   1.471e-06  DCAP64
FILLDECAP_T_4_996                      0           0   1.471e-06   1.471e-06  DCAP64
FILLDECAP_T_4_995                      0           0   1.471e-06   1.471e-06  DCAP64
FILLDECAP_T_4_994                      0           0   1.471e-06   1.471e-06  DCAP64
FILLDECAP_T_4_992                      0           0   1.471e-06   1.471e-06  DCAP64
FILLDECAP_T_4_991                      0           0   1.471e-06   1.471e-06  DCAP64
FILLDECAP_T_4_990                      0           0   1.471e-06   1.471e-06  DCAP64
FILLDECAP_T_4_99                       0           0   1.471e-06   1.471e-06  DCAP64
FILLDECAP_T_4_989                      0           0   1.471e-06   1.471e-06  DCAP64
FILLDECAP_T_4_988                      0           0   1.471e-06   1.471e-06  DCAP64
FILLDECAP_T_4_987                      0           0   1.471e-06   1.471e-06  DCAP64
FILLDECAP_T_4_986                      0           0   1.471e-06   1.471e-06  DCAP64
FILLDECAP_T_4_985                      0           0   1.471e-06   1.471e-06  DCAP64
FILLDECAP_T_4_984                      0           0   1.471e-06   1.471e-06  DCAP64
FILLDECAP_T_4_983                      0           0   1.471e-06   1.471e-06  DCAP64
FILLDECAP_T_4_982                      0           0   1.471e-06   1.471e-06  DCAP64
FILLDECAP_T_4_981                      0           0   1.471e-06   1.471e-06  DCAP64
FILLDECAP_T_4_980                      0           0   1.471e-06   1.471e-06  DCAP64
FILLDECAP_T_4_98                       0           0   1.471e-06   1.471e-06  DCAP64
FILLDECAP_T_4_979                      0           0   1.471e-06   1.471e-06  DCAP64
FILLDECAP_T_4_978                      0           0   1.471e-06   1.471e-06  DCAP64
FILLDECAP_T_4_977                      0           0   1.471e-06   1.471e-06  DCAP64
FILLDECAP_T_4_976                      0           0   1.471e-06   1.471e-06  DCAP64
FILLDECAP_T_4_975                      0           0   1.471e-06   1.471e-06  DCAP64
FILLDECAP_T_4_974                      0           0   1.471e-06   1.471e-06  DCAP64
FILLDECAP_T_4_973                      0           0   1.471e-06   1.471e-06  DCAP64
FILLDECAP_T_4_972                      0           0   1.471e-06   1.471e-06  DCAP64
FILLDECAP_T_4_971                      0           0   1.471e-06   1.471e-06  DCAP64
FILLDECAP_T_4_970                      0           0   1.471e-06   1.471e-06  DCAP64
FILLDECAP_T_4_97                       0           0   1.471e-06   1.471e-06  DCAP64
FILLDECAP_T_4_969                      0           0   1.471e-06   1.471e-06  DCAP64
FILLDECAP_T_4_96                       0           0   1.471e-06   1.471e-06  DCAP64
FILLDECAP_T_4_95                       0           0   1.471e-06   1.471e-06  DCAP64
FILLDECAP_T_4_948                      0           0   1.471e-06   1.471e-06  DCAP64
FILLDECAP_T_4_947                      0           0   1.471e-06   1.471e-06  DCAP64
FILLDECAP_T_4_946                      0           0   1.471e-06   1.471e-06  DCAP64
FILLDECAP_T_4_945                      0           0   1.471e-06   1.471e-06  DCAP64
FILLDECAP_T_4_944                      0           0   1.471e-06   1.471e-06  DCAP64
FILLDECAP_T_4_943                      0           0   1.471e-06   1.471e-06  DCAP64
FILLDECAP_T_4_942                      0           0   1.471e-06   1.471e-06  DCAP64
FILLDECAP_T_5_439                      0           0   1.471e-06   1.471e-06  DCAP64
FILLDECAP_T_4_941                      0           0   1.471e-06   1.471e-06  DCAP64
FILLDECAP_T_5_438                      0           0   1.471e-06   1.471e-06  DCAP64
FILLDECAP_T_4_940                      0           0   1.471e-06   1.471e-06  DCAP64
FILLDECAP_T_4_94                       0           0   1.471e-06   1.471e-06  DCAP64
FILLDECAP_T_5_437                      0           0   1.471e-06   1.471e-06  DCAP64
FILLDECAP_T_4_939                      0           0   1.471e-06   1.471e-06  DCAP64
FILLDECAP_T_4_938                      0           0   1.471e-06   1.471e-06  DCAP64
FILLDECAP_T_4_937                      0           0   1.471e-06   1.471e-06  DCAP64
FILLDECAP_T_4_936                      0           0   1.471e-06   1.471e-06  DCAP64
FILLDECAP_T_4_935                      0           0   1.471e-06   1.471e-06  DCAP64
FILLDECAP_T_4_934                      0           0   3.013e-07   3.013e-07  DCAP16
FILLDECAP_T_4_933                      0           0   1.471e-06   1.471e-06  DCAP64
FILLDECAP_T_4_932                      0           0   1.471e-06   1.471e-06  DCAP64
FILLDECAP_T_4_931                      0           0   1.471e-06   1.471e-06  DCAP64
FILLDECAP_T_4_930                      0           0   1.471e-06   1.471e-06  DCAP64
FILLDECAP_T_4_93                       0           0   1.471e-06   1.471e-06  DCAP64
FILLDECAP_T_4_929                      0           0   1.471e-06   1.471e-06  DCAP64
FILLDECAP_T_4_928                      0           0   1.471e-06   1.471e-06  DCAP64
FILLDECAP_T_4_927                      0           0   1.471e-06   1.471e-06  DCAP64
FILLDECAP_T_4_926                      0           0   1.471e-06   1.471e-06  DCAP64
FILLDECAP_T_4_925                      0           0   1.471e-06   1.471e-06  DCAP64
FILLDECAP_T_4_924                      0           0   1.471e-06   1.471e-06  DCAP64
FILLDECAP_T_4_923                      0           0   1.471e-06   1.471e-06  DCAP64
FILLDECAP_T_4_922                      0           0   1.471e-06   1.471e-06  DCAP64
FILLDECAP_T_4_921                      0           0   1.471e-06   1.471e-06  DCAP64
FILLDECAP_T_4_920                      0           0   1.471e-06   1.471e-06  DCAP64
FILLDECAP_T_4_92                       0           0   1.471e-06   1.471e-06  DCAP64
FILLDECAP_T_4_919                      0           0   1.471e-06   1.471e-06  DCAP64
FILLDECAP_T_4_918                      0           0   1.471e-06   1.471e-06  DCAP64
FILLDECAP_T_4_917                      0           0   1.471e-06   1.471e-06  DCAP64
FILLDECAP_T_4_916                      0           0   1.471e-06   1.471e-06  DCAP64
FILLDECAP_T_4_915                      0           0   1.471e-06   1.471e-06  DCAP64
FILLDECAP_T_4_914                      0           0   1.471e-06   1.471e-06  DCAP64
FILLDECAP_T_4_913                      0           0   1.471e-06   1.471e-06  DCAP64
FILLDECAP_T_4_912                      0           0   1.471e-06   1.471e-06  DCAP64
FILLDECAP_T_4_911                      0           0   1.471e-06   1.471e-06  DCAP64
FILLDECAP_T_4_91                       0           0   1.471e-06   1.471e-06  DCAP64
FILLDECAP_T_5_458                      0           0   1.471e-06   1.471e-06  DCAP64
FILLDECAP_T_4_906                      0           0   3.013e-07   3.013e-07  DCAP16
FILLDECAP_T_5_457                      0           0   1.471e-06   1.471e-06  DCAP64
FILLDECAP_T_4_905                      0           0   1.471e-06   1.471e-06  DCAP64
FILLDECAP_T_5_456                      0           0   1.471e-06   1.471e-06  DCAP64
FILLDECAP_T_4_904                      0           0   1.471e-06   1.471e-06  DCAP64
FILLDECAP_T_5_455                      0           0   3.013e-07   3.013e-07  DCAP16
FILLDECAP_T_4_903                      0           0   1.471e-06   1.471e-06  DCAP64
FILLDECAP_T_5_454                      0           0   1.471e-06   1.471e-06  DCAP64
FILLDECAP_T_4_902                      0           0   1.471e-06   1.471e-06  DCAP64
FILLDECAP_T_5_453                      0           0   1.471e-06   1.471e-06  DCAP64
FILLDECAP_T_4_901                      0           0   1.471e-06   1.471e-06  DCAP64
FILLDECAP_T_5_452                      0           0   1.471e-06   1.471e-06  DCAP64
FILLDECAP_T_4_900                      0           0   1.471e-06   1.471e-06  DCAP64
FILLDECAP_T_4_90                       0           0   1.471e-06   1.471e-06  DCAP64
FILLDECAP_T_5_451                      0           0   1.471e-06   1.471e-06  DCAP64
FILLDECAP_T_4_899                      0           0   1.471e-06   1.471e-06  DCAP64
FILLDECAP_T_5_450                      0           0   1.471e-06   1.471e-06  DCAP64
FILLDECAP_T_4_898                      0           0   1.471e-06   1.471e-06  DCAP64
FILLDECAP_T_5_449                      0           0   1.471e-06   1.471e-06  DCAP64
FILLDECAP_T_4_897                      0           0   1.471e-06   1.471e-06  DCAP64
FILLDECAP_T_5_448                      0           0   1.471e-06   1.471e-06  DCAP64
FILLDECAP_T_4_896                      0           0   1.471e-06   1.471e-06  DCAP64
FILLDECAP_T_5_447                      0           0   1.471e-06   1.471e-06  DCAP64
FILLDECAP_T_4_895                      0           0   1.471e-06   1.471e-06  DCAP64
FILLDECAP_T_5_446                      0           0   1.471e-06   1.471e-06  DCAP64
FILLDECAP_T_4_894                      0           0   1.471e-06   1.471e-06  DCAP64
FILLDECAP_T_5_445                      0           0   1.471e-06   1.471e-06  DCAP64
FILLDECAP_T_4_893                      0           0   1.471e-06   1.471e-06  DCAP64
FILLDECAP_T_5_444                      0           0   1.471e-06   1.471e-06  DCAP64
FILLDECAP_T_4_892                      0           0   1.471e-06   1.471e-06  DCAP64
FILLDECAP_T_5_443                      0           0   1.471e-06   1.471e-06  DCAP64
FILLDECAP_T_4_891                      0           0   1.471e-06   1.471e-06  DCAP64
FILLDECAP_T_5_442                      0           0   1.471e-06   1.471e-06  DCAP64
FILLDECAP_T_4_890                      0           0   1.471e-06   1.471e-06  DCAP64
FILLDECAP_T_4_89                       0           0   1.471e-06   1.471e-06  DCAP64
FILLDECAP_T_5_441                      0           0   1.471e-06   1.471e-06  DCAP64
FILLDECAP_T_4_889                      0           0   1.471e-06   1.471e-06  DCAP64
FILLDECAP_T_5_440                      0           0   1.471e-06   1.471e-06  DCAP64
FILLDECAP_T_4_888                      0           0   1.471e-06   1.471e-06  DCAP64
FILLDECAP_T_4_887                      0           0   1.471e-06   1.471e-06  DCAP64
FILLDECAP_T_4_886                      0           0   1.471e-06   1.471e-06  DCAP64
FILLDECAP_T_4_885                      0           0   1.471e-06   1.471e-06  DCAP64
FILLDECAP_T_4_884                      0           0   1.471e-06   1.471e-06  DCAP64
FILLDECAP_T_4_883                      0           0   1.471e-06   1.471e-06  DCAP64
FILLDECAP_T_4_882                      0           0   1.471e-06   1.471e-06  DCAP64
FILLDECAP_T_4_881                      0           0   1.471e-06   1.471e-06  DCAP64
FILLDECAP_T_4_880                      0           0   1.471e-06   1.471e-06  DCAP64
FILLDECAP_T_4_88                       0           0   8.028e-09   8.028e-09  DCAP
FILLDECAP_T_4_879                      0           0   1.471e-06   1.471e-06  DCAP64
FILLDECAP_T_4_878                      0           0   3.013e-07   3.013e-07  DCAP16
FILLDECAP_T_4_877                      0           0   1.471e-06   1.471e-06  DCAP64
FILLDECAP_T_4_876                      0           0   1.471e-06   1.471e-06  DCAP64
FILLDECAP_T_4_875                      0           0   1.471e-06   1.471e-06  DCAP64
FILLDECAP_T_4_874                      0           0   1.471e-06   1.471e-06  DCAP64
FILLDECAP_T_4_873                      0           0   1.471e-06   1.471e-06  DCAP64
FILLDECAP_T_4_872                      0           0   1.471e-06   1.471e-06  DCAP64
FILLDECAP_T_4_871                      0           0   1.471e-06   1.471e-06  DCAP64
FILLDECAP_T_4_870                      0           0   1.471e-06   1.471e-06  DCAP64
FILLDECAP_T_4_87                       0           0   1.331e-07   1.331e-07  DCAP8
FILLDECAP_T_4_869                      0           0   1.471e-06   1.471e-06  DCAP64
FILLDECAP_T_4_868                      0           0   1.471e-06   1.471e-06  DCAP64
FILLDECAP_T_4_867                      0           0   1.471e-06   1.471e-06  DCAP64
FILLDECAP_T_4_866                      0           0   1.471e-06   1.471e-06  DCAP64
FILLDECAP_T_4_865                      0           0   1.471e-06   1.471e-06  DCAP64
FILLDECAP_T_4_864                      0           0   1.471e-06   1.471e-06  DCAP64
FILLDECAP_T_4_863                      0           0   1.471e-06   1.471e-06  DCAP64
FILLDECAP_T_4_862                      0           0   1.471e-06   1.471e-06  DCAP64
FILLDECAP_T_4_861                      0           0   1.471e-06   1.471e-06  DCAP64
FILLDECAP_T_4_860                      0           0   1.471e-06   1.471e-06  DCAP64
FILLDECAP_T_4_86                       0           0   3.013e-07   3.013e-07  DCAP16
FILLDECAP_T_5_1265                     0           0   1.331e-07   1.331e-07  DCAP8
FILLDECAP_T_4_859                      0           0   1.471e-06   1.471e-06  DCAP64
FILLDECAP_T_5_1264                     0           0   3.013e-07   3.013e-07  DCAP16
FILLDECAP_T_4_858                      0           0   1.471e-06   1.471e-06  DCAP64
FILLDECAP_T_5_1263                     0           0   7.166e-07   7.166e-07  DCAP32
FILLDECAP_T_4_857                      0           0   1.471e-06   1.471e-06  DCAP64
FILLDECAP_T_5_1262                     0           0   7.166e-07   7.166e-07  DCAP32
FILLDECAP_T_4_856                      0           0   1.471e-06   1.471e-06  DCAP64
FILLDECAP_T_5_1260                     0           0   1.846e-08   1.846e-08  DCAP4
FILLDECAP_T_4_855                      0           0   1.471e-06   1.471e-06  DCAP64
FILLDECAP_T_4_854                      0           0   1.471e-06   1.471e-06  DCAP64
FILLDECAP_T_4_853                      0           0   1.471e-06   1.471e-06  DCAP64
FILLDECAP_T_4_852                      0           0   1.471e-06   1.471e-06  DCAP64
FILLDECAP_T_4_851                      0           0   1.471e-06   1.471e-06  DCAP64
FILLDECAP_T_4_849                      0           0   1.846e-08   1.846e-08  DCAP4
FILLDECAP_T_4_848                      0           0   3.013e-07   3.013e-07  DCAP16
FILLDECAP_T_4_847                      0           0   1.471e-06   1.471e-06  DCAP64
FILLDECAP_T_4_846                      0           0   1.471e-06   1.471e-06  DCAP64
FILLDECAP_T_4_845                      0           0   1.471e-06   1.471e-06  DCAP64
FILLDECAP_T_4_844                      0           0   1.471e-06   1.471e-06  DCAP64
FILLDECAP_T_4_843                      0           0   1.471e-06   1.471e-06  DCAP64
FILLDECAP_T_4_842                      0           0   1.471e-06   1.471e-06  DCAP64
FILLDECAP_T_4_841                      0           0   1.471e-06   1.471e-06  DCAP64
FILLDECAP_T_4_840                      0           0   1.471e-06   1.471e-06  DCAP64
FILLDECAP_T_4_839                      0           0   1.471e-06   1.471e-06  DCAP64
FILLDECAP_T_5_721                      0           0   1.471e-06   1.471e-06  DCAP64
FILLDECAP_T_4_838                      0           0   1.471e-06   1.471e-06  DCAP64
FILLDECAP_T_5_720                      0           0   1.471e-06   1.471e-06  DCAP64
FILLDECAP_T_4_837                      0           0   1.471e-06   1.471e-06  DCAP64
FILLDECAP_T_5_719                      0           0   1.471e-06   1.471e-06  DCAP64
FILLDECAP_T_4_835                      0           0   8.028e-09   8.028e-09  DCAP
FILLDECAP_T_5_718                      0           0   1.471e-06   1.471e-06  DCAP64
FILLDECAP_T_4_834                      0           0   1.846e-08   1.846e-08  DCAP4
FILLDECAP_T_5_717                      0           0   1.471e-06   1.471e-06  DCAP64
FILLDECAP_T_4_833                      0           0   7.166e-07   7.166e-07  DCAP32
FILLDECAP_T_5_716                      0           0   1.471e-06   1.471e-06  DCAP64
FILLDECAP_T_4_832                      0           0   1.471e-06   1.471e-06  DCAP64
FILLDECAP_T_5_715                      0           0   1.471e-06   1.471e-06  DCAP64
FILLDECAP_T_4_831                      0           0   1.471e-06   1.471e-06  DCAP64
FILLDECAP_T_5_714                      0           0   1.846e-08   1.846e-08  DCAP4
FILLDECAP_T_4_830                      0           0   1.471e-06   1.471e-06  DCAP64
FILLDECAP_T_4_83                       0           0   7.166e-07   7.166e-07  DCAP32
FILLDECAP_T_5_713                      0           0   8.028e-09   8.028e-09  DCAP
FILLDECAP_T_4_829                      0           0   1.471e-06   1.471e-06  DCAP64
FILLDECAP_T_5_712                      0           0   1.846e-08   1.846e-08  DCAP4
FILLDECAP_T_4_828                      0           0   1.471e-06   1.471e-06  DCAP64
FILLDECAP_T_5_711                      0           0   3.013e-07   3.013e-07  DCAP16
FILLDECAP_T_4_827                      0           0   1.471e-06   1.471e-06  DCAP64
FILLDECAP_T_5_710                      0           0   7.166e-07   7.166e-07  DCAP32
FILLDECAP_T_4_826                      0           0   1.471e-06   1.471e-06  DCAP64
FILLDECAP_T_5_709                      0           0   1.471e-06   1.471e-06  DCAP64
FILLDECAP_T_4_825                      0           0   1.471e-06   1.471e-06  DCAP64
FILLDECAP_T_4_824                      0           0   1.471e-06   1.471e-06  DCAP64
FILLDECAP_T_4_823                      0           0   1.471e-06   1.471e-06  DCAP64
FILLDECAP_T_4_822                      0           0   1.471e-06   1.471e-06  DCAP64
FILLDECAP_T_4_821                      0           0   1.471e-06   1.471e-06  DCAP64
FILLDECAP_T_4_820                      0           0   1.471e-06   1.471e-06  DCAP64
FILLDECAP_T_4_82                       0           0   1.471e-06   1.471e-06  DCAP64
FILLDECAP_T_4_819                      0           0   1.471e-06   1.471e-06  DCAP64
FILLDECAP_T_4_818                      0           0   3.013e-07   3.013e-07  DCAP16
FILLDECAP_T_4_817                      0           0   1.471e-06   1.471e-06  DCAP64
FILLDECAP_T_4_816                      0           0   1.471e-06   1.471e-06  DCAP64
FILLDECAP_T_4_815                      0           0   1.471e-06   1.471e-06  DCAP64
FILLDECAP_T_4_814                      0           0   1.471e-06   1.471e-06  DCAP64
FILLDECAP_T_4_813                      0           0   1.471e-06   1.471e-06  DCAP64
FILLDECAP_T_4_812                      0           0   1.471e-06   1.471e-06  DCAP64
FILLDECAP_T_4_811                      0           0   1.471e-06   1.471e-06  DCAP64
FILLDECAP_T_4_810                      0           0   1.471e-06   1.471e-06  DCAP64
FILLDECAP_T_4_81                       0           0   1.471e-06   1.471e-06  DCAP64
FILLDECAP_T_4_809                      0           0   1.471e-06   1.471e-06  DCAP64
FILLDECAP_T_4_808                      0           0   1.471e-06   1.471e-06  DCAP64
FILLDECAP_T_4_807                      0           0   1.471e-06   1.471e-06  DCAP64
FILLDECAP_T_4_806                      0           0   1.471e-06   1.471e-06  DCAP64
FILLDECAP_T_4_805                      0           0   1.471e-06   1.471e-06  DCAP64
FILLDECAP_T_4_804                      0           0   1.471e-06   1.471e-06  DCAP64
FILLDECAP_T_4_803                      0           0   1.471e-06   1.471e-06  DCAP64
FILLDECAP_T_4_802                      0           0   1.471e-06   1.471e-06  DCAP64
FILLDECAP_T_4_801                      0           0   1.471e-06   1.471e-06  DCAP64
FILLDECAP_T_4_800                      0           0   1.471e-06   1.471e-06  DCAP64
FILLDECAP_T_4_80                       0           0   1.471e-06   1.471e-06  DCAP64
FILLDECAP_T_4_799                      0           0   1.471e-06   1.471e-06  DCAP64
FILLDECAP_T_4_798                      0           0   1.471e-06   1.471e-06  DCAP64
FILLDECAP_T_4_797                      0           0   1.471e-06   1.471e-06  DCAP64
FILLDECAP_T_4_796                      0           0   1.471e-06   1.471e-06  DCAP64
FILLDECAP_T_4_795                      0           0   1.471e-06   1.471e-06  DCAP64
FILLDECAP_T_4_794                      0           0   1.471e-06   1.471e-06  DCAP64
FILLDECAP_T_4_793                      0           0   1.471e-06   1.471e-06  DCAP64
FILLDECAP_T_4_792                      0           0   1.471e-06   1.471e-06  DCAP64
FILLDECAP_T_4_791                      0           0   1.471e-06   1.471e-06  DCAP64
FILLDECAP_T_4_790                      0           0   3.013e-07   3.013e-07  DCAP16
FILLDECAP_T_4_79                       0           0   1.471e-06   1.471e-06  DCAP64
FILLDECAP_T_4_789                      0           0   1.471e-06   1.471e-06  DCAP64
FILLDECAP_T_4_788                      0           0   1.471e-06   1.471e-06  DCAP64
FILLDECAP_T_4_787                      0           0   1.471e-06   1.471e-06  DCAP64
FILLDECAP_T_4_786                      0           0   1.471e-06   1.471e-06  DCAP64
FILLDECAP_T_4_785                      0           0   1.471e-06   1.471e-06  DCAP64
FILLDECAP_T_4_784                      0           0   1.471e-06   1.471e-06  DCAP64
FILLDECAP_T_4_783                      0           0   1.471e-06   1.471e-06  DCAP64
FILLDECAP_T_4_782                      0           0   1.471e-06   1.471e-06  DCAP64
FILLDECAP_T_4_781                      0           0   1.471e-06   1.471e-06  DCAP64
FILLDECAP_T_4_780                      0           0   1.471e-06   1.471e-06  DCAP64
FILLDECAP_T_4_78                       0           0   1.471e-06   1.471e-06  DCAP64
FILLDECAP_T_4_779                      0           0   1.471e-06   1.471e-06  DCAP64
FILLDECAP_T_4_778                      0           0   1.471e-06   1.471e-06  DCAP64
FILLDECAP_T_4_777                      0           0   1.471e-06   1.471e-06  DCAP64
FILLDECAP_T_4_776                      0           0   1.471e-06   1.471e-06  DCAP64
FILLDECAP_T_4_775                      0           0   1.471e-06   1.471e-06  DCAP64
FILLDECAP_T_4_774                      0           0   1.471e-06   1.471e-06  DCAP64
FILLDECAP_T_4_773                      0           0   1.471e-06   1.471e-06  DCAP64
FILLDECAP_T_4_772                      0           0   1.471e-06   1.471e-06  DCAP64
FILLDECAP_T_4_771                      0           0   1.471e-06   1.471e-06  DCAP64
FILLDECAP_T_4_770                      0           0   1.471e-06   1.471e-06  DCAP64
FILLDECAP_T_4_77                       0           0   1.471e-06   1.471e-06  DCAP64
FILLDECAP_T_4_769                      0           0   1.471e-06   1.471e-06  DCAP64
FILLDECAP_T_4_76                       0           0   1.471e-06   1.471e-06  DCAP64
FILLDECAP_T_4_75                       0           0   1.471e-06   1.471e-06  DCAP64
FILLDECAP_T_4_740                      0           0   1.471e-06   1.471e-06  DCAP64
FILLDECAP_T_4_74                       0           0   1.471e-06   1.471e-06  DCAP64
FILLDECAP_T_4_739                      0           0   1.471e-06   1.471e-06  DCAP64
FILLDECAP_T_4_738                      0           0   1.471e-06   1.471e-06  DCAP64
FILLDECAP_T_4_737                      0           0   1.471e-06   1.471e-06  DCAP64
FILLDECAP_T_4_736                      0           0   1.471e-06   1.471e-06  DCAP64
FILLDECAP_T_4_735                      0           0   1.471e-06   1.471e-06  DCAP64
FILLDECAP_T_4_734                      0           0   3.013e-07   3.013e-07  DCAP16
FILLDECAP_T_4_733                      0           0   1.471e-06   1.471e-06  DCAP64
FILLDECAP_T_4_732                      0           0   1.471e-06   1.471e-06  DCAP64
FILLDECAP_T_4_731                      0           0   1.471e-06   1.471e-06  DCAP64
FILLDECAP_T_4_730                      0           0   1.471e-06   1.471e-06  DCAP64
FILLDECAP_T_4_73                       0           0   1.471e-06   1.471e-06  DCAP64
FILLDECAP_T_4_729                      0           0   1.471e-06   1.471e-06  DCAP64
FILLDECAP_T_4_728                      0           0   1.471e-06   1.471e-06  DCAP64
FILLDECAP_T_4_727                      0           0   1.471e-06   1.471e-06  DCAP64
FILLDECAP_T_4_726                      0           0   1.471e-06   1.471e-06  DCAP64
FILLDECAP_T_4_725                      0           0   1.471e-06   1.471e-06  DCAP64
FILLDECAP_T_4_724                      0           0   1.471e-06   1.471e-06  DCAP64
FILLDECAP_T_4_723                      0           0   1.471e-06   1.471e-06  DCAP64
FILLDECAP_T_4_722                      0           0   1.471e-06   1.471e-06  DCAP64
FILLDECAP_T_4_72                       0           0   1.471e-06   1.471e-06  DCAP64
FILLDECAP_T_4_718                      0           0   1.471e-06   1.471e-06  DCAP64
FILLDECAP_T_4_717                      0           0   1.471e-06   1.471e-06  DCAP64
FILLDECAP_T_4_716                      0           0   1.471e-06   1.471e-06  DCAP64
FILLDECAP_T_4_715                      0           0   1.471e-06   1.471e-06  DCAP64
FILLDECAP_T_4_714                      0           0   1.471e-06   1.471e-06  DCAP64
FILLDECAP_T_4_713                      0           0   1.471e-06   1.471e-06  DCAP64
FILLDECAP_T_4_712                      0           0   1.471e-06   1.471e-06  DCAP64
FILLDECAP_T_4_711                      0           0   1.471e-06   1.471e-06  DCAP64
FILLDECAP_T_4_710                      0           0   1.471e-06   1.471e-06  DCAP64
FILLDECAP_T_4_71                       0           0   1.471e-06   1.471e-06  DCAP64
FILLDECAP_T_4_709                      0           0   1.471e-06   1.471e-06  DCAP64
FILLDECAP_T_4_708                      0           0   1.471e-06   1.471e-06  DCAP64
FILLDECAP_T_4_707                      0           0   1.471e-06   1.471e-06  DCAP64
FILLDECAP_T_4_706                      0           0   3.013e-07   3.013e-07  DCAP16
FILLDECAP_T_5_976                      0           0   1.471e-06   1.471e-06  DCAP64
FILLDECAP_T_4_705                      0           0   1.471e-06   1.471e-06  DCAP64
FILLDECAP_T_5_975                      0           0   1.471e-06   1.471e-06  DCAP64
FILLDECAP_T_4_704                      0           0   1.471e-06   1.471e-06  DCAP64
FILLDECAP_T_5_974                      0           0   1.471e-06   1.471e-06  DCAP64
FILLDECAP_T_4_703                      0           0   1.471e-06   1.471e-06  DCAP64
FILLDECAP_T_5_973                      0           0   1.471e-06   1.471e-06  DCAP64
FILLDECAP_T_4_702                      0           0   1.471e-06   1.471e-06  DCAP64
FILLDECAP_T_5_972                      0           0   1.471e-06   1.471e-06  DCAP64
FILLDECAP_T_4_701                      0           0   1.471e-06   1.471e-06  DCAP64
FILLDECAP_T_5_971                      0           0   1.471e-06   1.471e-06  DCAP64
FILLDECAP_T_4_700                      0           0   1.471e-06   1.471e-06  DCAP64
FILLDECAP_T_4_70                       0           0   1.471e-06   1.471e-06  DCAP64
FILLDECAP_T_5_970                      0           0   1.471e-06   1.471e-06  DCAP64
FILLDECAP_T_4_699                      0           0   1.471e-06   1.471e-06  DCAP64
FILLDECAP_T_5_969                      0           0   1.471e-06   1.471e-06  DCAP64
FILLDECAP_T_4_698                      0           0   1.471e-06   1.471e-06  DCAP64
FILLDECAP_T_4_69                       0           0   1.471e-06   1.471e-06  DCAP64
FILLDECAP_T_4_681                      0           0   1.471e-06   1.471e-06  DCAP64
FILLDECAP_T_4_680                      0           0   1.471e-06   1.471e-06  DCAP64
FILLDECAP_T_4_68                       0           0   1.471e-06   1.471e-06  DCAP64
FILLDECAP_T_4_679                      0           0   1.471e-06   1.471e-06  DCAP64
FILLDECAP_T_4_678                      0           0   3.013e-07   3.013e-07  DCAP16
FILLDECAP_T_4_677                      0           0   1.471e-06   1.471e-06  DCAP64
FILLDECAP_T_4_676                      0           0   1.471e-06   1.471e-06  DCAP64
FILLDECAP_T_4_675                      0           0   1.471e-06   1.471e-06  DCAP64
FILLDECAP_T_4_674                      0           0   1.471e-06   1.471e-06  DCAP64
FILLDECAP_T_4_673                      0           0   1.471e-06   1.471e-06  DCAP64
FILLDECAP_T_4_672                      0           0   1.471e-06   1.471e-06  DCAP64
FILLDECAP_T_4_671                      0           0   1.471e-06   1.471e-06  DCAP64
FILLDECAP_T_4_670                      0           0   1.471e-06   1.471e-06  DCAP64
FILLDECAP_T_4_67                       0           0   1.471e-06   1.471e-06  DCAP64
FILLDECAP_T_4_669                      0           0   1.471e-06   1.471e-06  DCAP64
FILLDECAP_T_4_668                      0           0   1.471e-06   1.471e-06  DCAP64
FILLDECAP_T_4_667                      0           0   1.471e-06   1.471e-06  DCAP64
FILLDECAP_T_4_666                      0           0   1.471e-06   1.471e-06  DCAP64
FILLDECAP_T_4_665                      0           0   1.471e-06   1.471e-06  DCAP64
FILLDECAP_T_4_664                      0           0   1.471e-06   1.471e-06  DCAP64
FILLDECAP_T_5_1147                     0           0   1.471e-06   1.471e-06  DCAP64
FILLDECAP_T_4_663                      0           0   1.471e-06   1.471e-06  DCAP64
FILLDECAP_T_5_1146                     0           0   1.471e-06   1.471e-06  DCAP64
FILLDECAP_T_4_662                      0           0   1.471e-06   1.471e-06  DCAP64
FILLDECAP_T_5_1145                     0           0   1.471e-06   1.471e-06  DCAP64
FILLDECAP_T_4_661                      0           0   1.471e-06   1.471e-06  DCAP64
FILLDECAP_T_5_1144                     0           0   1.471e-06   1.471e-06  DCAP64
FILLDECAP_T_4_660                      0           0   1.471e-06   1.471e-06  DCAP64
FILLDECAP_T_4_66                       0           0   1.471e-06   1.471e-06  DCAP64
FILLDECAP_T_5_1143                     0           0   1.471e-06   1.471e-06  DCAP64
FILLDECAP_T_4_659                      0           0   1.471e-06   1.471e-06  DCAP64
FILLDECAP_T_5_1142                     0           0   1.471e-06   1.471e-06  DCAP64
FILLDECAP_T_4_658                      0           0   1.471e-06   1.471e-06  DCAP64
FILLDECAP_T_5_1141                     0           0   1.471e-06   1.471e-06  DCAP64
FILLDECAP_T_4_657                      0           0   1.471e-06   1.471e-06  DCAP64
FILLDECAP_T_5_1140                     0           0   1.471e-06   1.471e-06  DCAP64
FILLDECAP_T_4_656                      0           0   1.471e-06   1.471e-06  DCAP64
FILLDECAP_T_5_1139                     0           0   1.471e-06   1.471e-06  DCAP64
FILLDECAP_T_4_655                      0           0   1.471e-06   1.471e-06  DCAP64
FILLDECAP_T_5_1138                     0           0   3.013e-07   3.013e-07  DCAP16
FILLDECAP_T_4_654                      0           0   1.471e-06   1.471e-06  DCAP64
FILLDECAP_T_4_65                       0           0   1.471e-06   1.471e-06  DCAP64
FILLDECAP_T_4_64                       0           0   1.471e-06   1.471e-06  DCAP64
FILLDECAP_T_4_63                       0           0   1.471e-06   1.471e-06  DCAP64
FILLDECAP_T_5_832                      0           0   1.471e-06   1.471e-06  DCAP64
FILLDECAP_T_4_625                      0           0   1.471e-06   1.471e-06  DCAP64
FILLDECAP_T_5_831                      0           0   1.471e-06   1.471e-06  DCAP64
FILLDECAP_T_4_624                      0           0   1.471e-06   1.471e-06  DCAP64
FILLDECAP_T_5_830                      0           0   1.471e-06   1.471e-06  DCAP64
FILLDECAP_T_4_623                      0           0   1.471e-06   1.471e-06  DCAP64
FILLDECAP_T_5_829                      0           0   1.471e-06   1.471e-06  DCAP64
FILLDECAP_T_4_622                      0           0   3.013e-07   3.013e-07  DCAP16
FILLDECAP_T_5_828                      0           0   1.471e-06   1.471e-06  DCAP64
FILLDECAP_T_4_621                      0           0   1.471e-06   1.471e-06  DCAP64
FILLDECAP_T_5_827                      0           0   1.471e-06   1.471e-06  DCAP64
FILLDECAP_T_4_620                      0           0   1.471e-06   1.471e-06  DCAP64
FILLDECAP_T_4_62                       0           0   1.471e-06   1.471e-06  DCAP64
FILLDECAP_T_5_826                      0           0   3.013e-07   3.013e-07  DCAP16
FILLDECAP_T_4_619                      0           0   1.471e-06   1.471e-06  DCAP64
FILLDECAP_T_5_825                      0           0   1.471e-06   1.471e-06  DCAP64
FILLDECAP_T_4_618                      0           0   1.471e-06   1.471e-06  DCAP64
FILLDECAP_T_5_824                      0           0   1.471e-06   1.471e-06  DCAP64
FILLDECAP_T_4_617                      0           0   1.471e-06   1.471e-06  DCAP64
FILLDECAP_T_5_823                      0           0   1.471e-06   1.471e-06  DCAP64
FILLDECAP_T_4_616                      0           0   1.471e-06   1.471e-06  DCAP64
FILLDECAP_T_5_822                      0           0   1.471e-06   1.471e-06  DCAP64
FILLDECAP_T_4_615                      0           0   1.471e-06   1.471e-06  DCAP64
FILLDECAP_T_5_821                      0           0   1.471e-06   1.471e-06  DCAP64
FILLDECAP_T_4_614                      0           0   1.471e-06   1.471e-06  DCAP64
FILLDECAP_T_5_820                      0           0   1.471e-06   1.471e-06  DCAP64
FILLDECAP_T_4_613                      0           0   1.471e-06   1.471e-06  DCAP64
FILLDECAP_T_5_819                      0           0   1.471e-06   1.471e-06  DCAP64
FILLDECAP_T_4_612                      0           0   1.471e-06   1.471e-06  DCAP64
FILLDECAP_T_5_818                      0           0   1.471e-06   1.471e-06  DCAP64
FILLDECAP_T_4_611                      0           0   1.471e-06   1.471e-06  DCAP64
FILLDECAP_T_5_817                      0           0   1.471e-06   1.471e-06  DCAP64
FILLDECAP_T_4_610                      0           0   1.471e-06   1.471e-06  DCAP64
FILLDECAP_T_4_61                       0           0   1.471e-06   1.471e-06  DCAP64
FILLDECAP_T_5_816                      0           0   1.471e-06   1.471e-06  DCAP64
FILLDECAP_T_4_609                      0           0   1.471e-06   1.471e-06  DCAP64
FILLDECAP_T_5_815                      0           0   1.471e-06   1.471e-06  DCAP64
FILLDECAP_T_4_608                      0           0   1.471e-06   1.471e-06  DCAP64
FILLDECAP_T_5_814                      0           0   1.471e-06   1.471e-06  DCAP64
FILLDECAP_T_4_607                      0           0   1.471e-06   1.471e-06  DCAP64
FILLDECAP_T_5_813                      0           0   1.471e-06   1.471e-06  DCAP64
FILLDECAP_T_4_606                      0           0   1.471e-06   1.471e-06  DCAP64
FILLDECAP_T_5_812                      0           0   1.471e-06   1.471e-06  DCAP64
FILLDECAP_T_4_605                      0           0   1.471e-06   1.471e-06  DCAP64
FILLDECAP_T_5_811                      0           0   1.471e-06   1.471e-06  DCAP64
FILLDECAP_T_4_604                      0           0   1.471e-06   1.471e-06  DCAP64
FILLDECAP_T_5_810                      0           0   1.471e-06   1.471e-06  DCAP64
FILLDECAP_T_4_603                      0           0   1.471e-06   1.471e-06  DCAP64
FILLDECAP_T_5_809                      0           0   1.471e-06   1.471e-06  DCAP64
FILLDECAP_T_4_602                      0           0   1.471e-06   1.471e-06  DCAP64
FILLDECAP_T_5_808                      0           0   1.471e-06   1.471e-06  DCAP64
FILLDECAP_T_4_601                      0           0   1.471e-06   1.471e-06  DCAP64
FILLDECAP_T_5_807                      0           0   1.471e-06   1.471e-06  DCAP64
FILLDECAP_T_4_600                      0           0   1.471e-06   1.471e-06  DCAP64
FILLDECAP_T_4_60                       0           0   1.471e-06   1.471e-06  DCAP64
FILLDECAP_T_5_806                      0           0   1.471e-06   1.471e-06  DCAP64
FILLDECAP_T_4_599                      0           0   1.471e-06   1.471e-06  DCAP64
FILLDECAP_T_4_598                      0           0   1.471e-06   1.471e-06  DCAP64
FILLDECAP_T_4_597                      0           0   1.471e-06   1.471e-06  DCAP64
FILLDECAP_T_4_596                      0           0   1.471e-06   1.471e-06  DCAP64
FILLDECAP_T_4_595                      0           0   1.471e-06   1.471e-06  DCAP64
FILLDECAP_T_4_594                      0           0   3.013e-07   3.013e-07  DCAP16
FILLDECAP_T_4_593                      0           0   1.471e-06   1.471e-06  DCAP64
FILLDECAP_T_4_592                      0           0   1.471e-06   1.471e-06  DCAP64
FILLDECAP_T_4_591                      0           0   1.471e-06   1.471e-06  DCAP64
FILLDECAP_T_4_590                      0           0   1.471e-06   1.471e-06  DCAP64
FILLDECAP_T_4_59                       0           0   1.471e-06   1.471e-06  DCAP64
FILLDECAP_T_4_589                      0           0   1.471e-06   1.471e-06  DCAP64
FILLDECAP_T_4_588                      0           0   1.471e-06   1.471e-06  DCAP64
FILLDECAP_T_4_587                      0           0   1.471e-06   1.471e-06  DCAP64
FILLDECAP_T_4_586                      0           0   1.471e-06   1.471e-06  DCAP64
FILLDECAP_T_4_585                      0           0   1.471e-06   1.471e-06  DCAP64
FILLDECAP_T_4_584                      0           0   1.471e-06   1.471e-06  DCAP64
FILLDECAP_T_4_58                       0           0   1.471e-06   1.471e-06  DCAP64
FILLDECAP_T_4_57                       0           0   1.471e-06   1.471e-06  DCAP64
FILLDECAP_T_4_569                      0           0   1.471e-06   1.471e-06  DCAP64
FILLDECAP_T_4_568                      0           0   1.471e-06   1.471e-06  DCAP64
FILLDECAP_T_4_56                       0           0   3.013e-07   3.013e-07  DCAP16
FILLDECAP_T_4_55                       0           0   1.471e-06   1.471e-06  DCAP64
FILLDECAP_T_5_536                      0           0   1.471e-06   1.471e-06  DCAP64
FILLDECAP_T_4_541                      0           0   1.471e-06   1.471e-06  DCAP64
FILLDECAP_T_5_535                      0           0   1.471e-06   1.471e-06  DCAP64
FILLDECAP_T_4_540                      0           0   1.471e-06   1.471e-06  DCAP64
FILLDECAP_T_4_54                       0           0   1.471e-06   1.471e-06  DCAP64
FILLDECAP_T_5_534                      0           0   1.471e-06   1.471e-06  DCAP64
FILLDECAP_T_4_539                      0           0   1.471e-06   1.471e-06  DCAP64
FILLDECAP_T_5_533                      0           0   1.471e-06   1.471e-06  DCAP64
FILLDECAP_T_4_538                      0           0   3.013e-07   3.013e-07  DCAP16
FILLDECAP_T_5_532                      0           0   1.471e-06   1.471e-06  DCAP64
FILLDECAP_T_4_537                      0           0   1.471e-06   1.471e-06  DCAP64
FILLDECAP_T_5_531                      0           0   1.471e-06   1.471e-06  DCAP64
FILLDECAP_T_4_536                      0           0   1.471e-06   1.471e-06  DCAP64
FILLDECAP_T_5_530                      0           0   1.471e-06   1.471e-06  DCAP64
FILLDECAP_T_4_535                      0           0   1.471e-06   1.471e-06  DCAP64
FILLDECAP_T_5_529                      0           0   1.471e-06   1.471e-06  DCAP64
FILLDECAP_T_4_534                      0           0   1.471e-06   1.471e-06  DCAP64
FILLDECAP_T_5_528                      0           0   1.471e-06   1.471e-06  DCAP64
FILLDECAP_T_4_533                      0           0   1.471e-06   1.471e-06  DCAP64
FILLDECAP_T_5_527                      0           0   1.471e-06   1.471e-06  DCAP64
FILLDECAP_T_4_532                      0           0   1.471e-06   1.471e-06  DCAP64
FILLDECAP_T_5_579                      0           0   1.471e-06   1.471e-06  DCAP64
FILLDECAP_T_5_526                      0           0   1.471e-06   1.471e-06  DCAP64
FILLDECAP_T_4_531                      0           0   1.471e-06   1.471e-06  DCAP64
FILLDECAP_T_5_578                      0           0   1.471e-06   1.471e-06  DCAP64
FILLDECAP_T_5_525                      0           0   1.471e-06   1.471e-06  DCAP64
FILLDECAP_T_4_530                      0           0   1.471e-06   1.471e-06  DCAP64
FILLDECAP_T_4_53                       0           0   1.471e-06   1.471e-06  DCAP64
FILLDECAP_T_5_577                      0           0   1.471e-06   1.471e-06  DCAP64
FILLDECAP_T_5_524                      0           0   1.471e-06   1.471e-06  DCAP64
FILLDECAP_T_4_529                      0           0   1.471e-06   1.471e-06  DCAP64
FILLDECAP_T_5_576                      0           0   1.471e-06   1.471e-06  DCAP64
FILLDECAP_T_4_528                      0           0   1.471e-06   1.471e-06  DCAP64
FILLDECAP_T_5_575                      0           0   1.471e-06   1.471e-06  DCAP64
FILLDECAP_T_4_527                      0           0   1.471e-06   1.471e-06  DCAP64
FILLDECAP_T_5_574                      0           0   1.471e-06   1.471e-06  DCAP64
FILLDECAP_T_4_526                      0           0   1.471e-06   1.471e-06  DCAP64
FILLDECAP_T_5_573                      0           0   1.471e-06   1.471e-06  DCAP64
FILLDECAP_T_4_525                      0           0   1.471e-06   1.471e-06  DCAP64
FILLDECAP_T_5_572                      0           0   1.471e-06   1.471e-06  DCAP64
FILLDECAP_T_4_524                      0           0   1.471e-06   1.471e-06  DCAP64
FILLDECAP_T_5_571                      0           0   1.471e-06   1.471e-06  DCAP64
FILLDECAP_T_4_523                      0           0   1.471e-06   1.471e-06  DCAP64
FILLDECAP_T_5_570                      0           0   1.471e-06   1.471e-06  DCAP64
FILLDECAP_T_4_522                      0           0   1.471e-06   1.471e-06  DCAP64
FILLDECAP_T_5_569                      0           0   1.471e-06   1.471e-06  DCAP64
FILLDECAP_T_4_521                      0           0   1.471e-06   1.471e-06  DCAP64
FILLDECAP_T_5_568                      0           0   1.471e-06   1.471e-06  DCAP64
FILLDECAP_T_4_520                      0           0   1.471e-06   1.471e-06  DCAP64
FILLDECAP_T_4_52                       0           0   1.471e-06   1.471e-06  DCAP64
FILLDECAP_T_5_567                      0           0   3.013e-07   3.013e-07  DCAP16
FILLDECAP_T_4_519                      0           0   1.471e-06   1.471e-06  DCAP64
FILLDECAP_T_5_566                      0           0   1.471e-06   1.471e-06  DCAP64
FILLDECAP_T_4_518                      0           0   1.471e-06   1.471e-06  DCAP64
FILLDECAP_T_5_565                      0           0   1.471e-06   1.471e-06  DCAP64
FILLDECAP_T_4_517                      0           0   1.471e-06   1.471e-06  DCAP64
FILLDECAP_T_5_564                      0           0   1.471e-06   1.471e-06  DCAP64
FILLDECAP_T_4_516                      0           0   1.471e-06   1.471e-06  DCAP64
FILLDECAP_T_4_513                      0           0   1.471e-06   1.471e-06  DCAP64
FILLDECAP_T_4_512                      0           0   1.471e-06   1.471e-06  DCAP64
FILLDECAP_T_4_511                      0           0   1.471e-06   1.471e-06  DCAP64
FILLDECAP_T_4_510                      0           0   3.013e-07   3.013e-07  DCAP16
FILLDECAP_T_4_51                       0           0   1.471e-06   1.471e-06  DCAP64
FILLDECAP_T_4_509                      0           0   1.471e-06   1.471e-06  DCAP64
FILLDECAP_T_4_508                      0           0   1.471e-06   1.471e-06  DCAP64
FILLDECAP_T_4_507                      0           0   1.471e-06   1.471e-06  DCAP64
FILLDECAP_T_4_506                      0           0   1.471e-06   1.471e-06  DCAP64
FILLDECAP_T_4_505                      0           0   1.471e-06   1.471e-06  DCAP64
FILLDECAP_T_4_504                      0           0   1.471e-06   1.471e-06  DCAP64
FILLDECAP_T_4_503                      0           0   1.471e-06   1.471e-06  DCAP64
FILLDECAP_T_4_502                      0           0   1.471e-06   1.471e-06  DCAP64
FILLDECAP_T_4_501                      0           0   1.471e-06   1.471e-06  DCAP64
FILLDECAP_T_4_500                      0           0   1.471e-06   1.471e-06  DCAP64
FILLDECAP_T_4_50                       0           0   1.471e-06   1.471e-06  DCAP64
FILLDECAP_T_4_499                      0           0   1.471e-06   1.471e-06  DCAP64
FILLDECAP_T_4_498                      0           0   1.471e-06   1.471e-06  DCAP64
FILLDECAP_T_4_497                      0           0   1.471e-06   1.471e-06  DCAP64
FILLDECAP_T_4_496                      0           0   1.471e-06   1.471e-06  DCAP64
FILLDECAP_T_4_495                      0           0   1.471e-06   1.471e-06  DCAP64
FILLDECAP_T_4_494                      0           0   1.471e-06   1.471e-06  DCAP64
FILLDECAP_T_4_493                      0           0   1.471e-06   1.471e-06  DCAP64
FILLDECAP_T_4_492                      0           0   1.471e-06   1.471e-06  DCAP64
FILLDECAP_T_4_491                      0           0   1.471e-06   1.471e-06  DCAP64
FILLDECAP_T_4_490                      0           0   1.471e-06   1.471e-06  DCAP64
FILLDECAP_T_4_49                       0           0   1.471e-06   1.471e-06  DCAP64
FILLDECAP_T_4_489                      0           0   1.471e-06   1.471e-06  DCAP64
FILLDECAP_T_4_488                      0           0   1.471e-06   1.471e-06  DCAP64
FILLDECAP_T_4_487                      0           0   1.471e-06   1.471e-06  DCAP64
FILLDECAP_T_4_486                      0           0   1.471e-06   1.471e-06  DCAP64
FILLDECAP_T_5_80                       0           0   1.471e-06   1.471e-06  DCAP64
FILLDECAP_T_4_456                      0           0   1.471e-06   1.471e-06  DCAP64
FILLDECAP_T_5_79                       0           0   1.471e-06   1.471e-06  DCAP64
FILLDECAP_T_4_455                      0           0   1.471e-06   1.471e-06  DCAP64
FILLDECAP_T_5_78                       0           0   1.471e-06   1.471e-06  DCAP64
FILLDECAP_T_4_453                      0           0   1.846e-08   1.846e-08  DCAP4
FILLDECAP_T_5_77                       0           0   1.471e-06   1.471e-06  DCAP64
FILLDECAP_T_4_452                      0           0   3.013e-07   3.013e-07  DCAP16
FILLDECAP_T_5_76                       0           0   1.471e-06   1.471e-06  DCAP64
FILLDECAP_T_4_451                      0           0   1.471e-06   1.471e-06  DCAP64
FILLDECAP_T_5_75                       0           0   1.471e-06   1.471e-06  DCAP64
FILLDECAP_T_4_450                      0           0   1.471e-06   1.471e-06  DCAP64
FILLDECAP_T_5_73                       0           0   7.166e-07   7.166e-07  DCAP32
FILLDECAP_T_4_449                      0           0   1.471e-06   1.471e-06  DCAP64
FILLDECAP_T_5_72                       0           0   1.471e-06   1.471e-06  DCAP64
FILLDECAP_T_4_448                      0           0   1.471e-06   1.471e-06  DCAP64
FILLDECAP_T_5_71                       0           0   1.471e-06   1.471e-06  DCAP64
FILLDECAP_T_4_447                      0           0   1.471e-06   1.471e-06  DCAP64
FILLDECAP_T_5_70                       0           0   1.471e-06   1.471e-06  DCAP64
FILLDECAP_T_4_446                      0           0   1.471e-06   1.471e-06  DCAP64
FILLDECAP_T_5_69                       0           0   1.471e-06   1.471e-06  DCAP64
FILLDECAP_T_4_445                      0           0   1.471e-06   1.471e-06  DCAP64
FILLDECAP_T_5_68                       0           0   1.471e-06   1.471e-06  DCAP64
FILLDECAP_T_4_444                      0           0   1.471e-06   1.471e-06  DCAP64
FILLDECAP_T_5_67                       0           0   1.471e-06   1.471e-06  DCAP64
FILLDECAP_T_4_443                      0           0   1.471e-06   1.471e-06  DCAP64
FILLDECAP_T_5_66                       0           0   1.471e-06   1.471e-06  DCAP64
FILLDECAP_T_4_442                      0           0   1.471e-06   1.471e-06  DCAP64
FILLDECAP_T_5_65                       0           0   1.471e-06   1.471e-06  DCAP64
FILLDECAP_T_4_441                      0           0   1.471e-06   1.471e-06  DCAP64
FILLDECAP_T_4_440                      0           0   1.471e-06   1.471e-06  DCAP64
FILLDECAP_T_4_439                      0           0   1.471e-06   1.471e-06  DCAP64
FILLDECAP_T_4_438                      0           0   1.471e-06   1.471e-06  DCAP64
FILLDECAP_T_4_437                      0           0   1.471e-06   1.471e-06  DCAP64
FILLDECAP_T_4_436                      0           0   1.471e-06   1.471e-06  DCAP64
FILLDECAP_T_4_435                      0           0   1.471e-06   1.471e-06  DCAP64
FILLDECAP_T_4_434                      0           0   1.471e-06   1.471e-06  DCAP64
FILLDECAP_T_4_433                      0           0   1.471e-06   1.471e-06  DCAP64
FILLDECAP_T_4_432                      0           0   1.471e-06   1.471e-06  DCAP64
FILLDECAP_T_4_431                      0           0   1.471e-06   1.471e-06  DCAP64
FILLDECAP_T_4_430                      0           0   1.471e-06   1.471e-06  DCAP64
FILLDECAP_T_4_429                      0           0   1.471e-06   1.471e-06  DCAP64
FILLDECAP_T_4_428                      0           0   1.471e-06   1.471e-06  DCAP64
FILLDECAP_T_4_414                      0           0   1.471e-06   1.471e-06  DCAP64
FILLDECAP_T_4_413                      0           0   1.471e-06   1.471e-06  DCAP64
FILLDECAP_T_4_412                      0           0   1.471e-06   1.471e-06  DCAP64
FILLDECAP_T_4_411                      0           0   1.471e-06   1.471e-06  DCAP64
FILLDECAP_T_4_410                      0           0   1.471e-06   1.471e-06  DCAP64
FILLDECAP_T_4_409                      0           0   1.471e-06   1.471e-06  DCAP64
FILLDECAP_T_4_408                      0           0   1.471e-06   1.471e-06  DCAP64
FILLDECAP_T_4_407                      0           0   1.471e-06   1.471e-06  DCAP64
FILLDECAP_T_4_406                      0           0   1.471e-06   1.471e-06  DCAP64
FILLDECAP_T_4_405                      0           0   1.471e-06   1.471e-06  DCAP64
FILLDECAP_T_4_404                      0           0   1.471e-06   1.471e-06  DCAP64
FILLDECAP_T_4_403                      0           0   1.471e-06   1.471e-06  DCAP64
FILLDECAP_T_4_402                      0           0   1.471e-06   1.471e-06  DCAP64
FILLDECAP_T_4_401                      0           0   1.471e-06   1.471e-06  DCAP64
FILLDECAP_T_4_400                      0           0   1.471e-06   1.471e-06  DCAP64
FILLDECAP_T_4_373                      0           0   1.471e-06   1.471e-06  DCAP64
FILLDECAP_T_4_372                      0           0   1.471e-06   1.471e-06  DCAP64
FILLDECAP_T_4_361                      0           0   1.471e-06   1.471e-06  DCAP64
FILLDECAP_T_4_360                      0           0   1.471e-06   1.471e-06  DCAP64
FILLDECAP_T_4_359                      0           0   1.471e-06   1.471e-06  DCAP64
FILLDECAP_T_4_358                      0           0   1.471e-06   1.471e-06  DCAP64
FILLDECAP_T_4_357                      0           0   1.471e-06   1.471e-06  DCAP64
FILLDECAP_T_4_356                      0           0   1.471e-06   1.471e-06  DCAP64
FILLDECAP_T_4_355                      0           0   1.471e-06   1.471e-06  DCAP64
FILLDECAP_T_4_354                      0           0   1.471e-06   1.471e-06  DCAP64
FILLDECAP_T_4_353                      0           0   1.471e-06   1.471e-06  DCAP64
FILLDECAP_T_4_352                      0           0   1.471e-06   1.471e-06  DCAP64
FILLDECAP_T_4_351                      0           0   1.471e-06   1.471e-06  DCAP64
FILLDECAP_T_4_350                      0           0   1.471e-06   1.471e-06  DCAP64
FILLDECAP_T_4_349                      0           0   1.471e-06   1.471e-06  DCAP64
FILLDECAP_T_4_348                      0           0   1.471e-06   1.471e-06  DCAP64
FILLDECAP_T_4_347                      0           0   1.471e-06   1.471e-06  DCAP64
FILLDECAP_T_4_346                      0           0   1.471e-06   1.471e-06  DCAP64
FILLDECAP_T_4_345                      0           0   1.471e-06   1.471e-06  DCAP64
FILLDECAP_T_4_344                      0           0   1.471e-06   1.471e-06  DCAP64
FILLDECAP_T_5_1069                     0           0   1.471e-06   1.471e-06  DCAP64
FILLDECAP_T_4_34                       0           0   1.471e-06   1.471e-06  DCAP64
FILLDECAP_T_5_1068                     0           0   1.471e-06   1.471e-06  DCAP64
FILLDECAP_T_4_33                       0           0   1.471e-06   1.471e-06  DCAP64
FILLDECAP_T_5_1067                     0           0   1.471e-06   1.471e-06  DCAP64
FILLDECAP_T_4_32                       0           0   1.471e-06   1.471e-06  DCAP64
FILLDECAP_T_5_1066                     0           0   1.471e-06   1.471e-06  DCAP64
FILLDECAP_T_4_31                       0           0   1.471e-06   1.471e-06  DCAP64
FILLDECAP_T_5_1065                     0           0   1.471e-06   1.471e-06  DCAP64
FILLDECAP_T_4_30                       0           0   1.471e-06   1.471e-06  DCAP64
FILLDECAP_T_4_299                      0           0   1.471e-06   1.471e-06  DCAP64
FILLDECAP_T_4_298                      0           0   1.471e-06   1.471e-06  DCAP64
FILLDECAP_T_4_297                      0           0   1.471e-06   1.471e-06  DCAP64
FILLDECAP_T_4_296                      0           0   1.471e-06   1.471e-06  DCAP64
FILLDECAP_T_4_295                      0           0   1.471e-06   1.471e-06  DCAP64
FILLDECAP_T_4_294                      0           0   1.471e-06   1.471e-06  DCAP64
FILLDECAP_T_4_293                      0           0   1.471e-06   1.471e-06  DCAP64
FILLDECAP_T_4_292                      0           0   1.471e-06   1.471e-06  DCAP64
FILLDECAP_T_4_291                      0           0   1.471e-06   1.471e-06  DCAP64
FILLDECAP_T_4_290                      0           0   1.471e-06   1.471e-06  DCAP64
FILLDECAP_T_5_1064                     0           0   1.471e-06   1.471e-06  DCAP64
FILLDECAP_T_4_29                       0           0   1.471e-06   1.471e-06  DCAP64
FILLDECAP_T_4_289                      0           0   1.471e-06   1.471e-06  DCAP64
FILLDECAP_T_4_288                      0           0   1.471e-06   1.471e-06  DCAP64
FILLDECAP_T_4_287                      0           0   1.471e-06   1.471e-06  DCAP64
FILLDECAP_T_4_286                      0           0   1.471e-06   1.471e-06  DCAP64
FILLDECAP_T_4_285                      0           0   1.471e-06   1.471e-06  DCAP64
FILLDECAP_T_4_284                      0           0   3.013e-07   3.013e-07  DCAP16
FILLDECAP_T_4_283                      0           0   1.471e-06   1.471e-06  DCAP64
FILLDECAP_T_4_282                      0           0   1.471e-06   1.471e-06  DCAP64
FILLDECAP_T_4_281                      0           0   1.471e-06   1.471e-06  DCAP64
FILLDECAP_T_4_280                      0           0   1.471e-06   1.471e-06  DCAP64
FILLDECAP_T_4_28                       0           0   3.013e-07   3.013e-07  DCAP16
FILLDECAP_T_4_279                      0           0   1.471e-06   1.471e-06  DCAP64
FILLDECAP_T_4_278                      0           0   1.471e-06   1.471e-06  DCAP64
FILLDECAP_T_4_277                      0           0   1.471e-06   1.471e-06  DCAP64
FILLDECAP_T_4_276                      0           0   1.471e-06   1.471e-06  DCAP64
FILLDECAP_T_4_275                      0           0   1.471e-06   1.471e-06  DCAP64
FILLDECAP_T_4_274                      0           0   1.471e-06   1.471e-06  DCAP64
FILLDECAP_T_4_273                      0           0   1.471e-06   1.471e-06  DCAP64
FILLDECAP_T_4_272                      0           0   1.471e-06   1.471e-06  DCAP64
FILLDECAP_T_4_271                      0           0   1.471e-06   1.471e-06  DCAP64
FILLDECAP_T_4_270                      0           0   1.471e-06   1.471e-06  DCAP64
FILLDECAP_T_4_27                       0           0   1.471e-06   1.471e-06  DCAP64
FILLDECAP_T_4_269                      0           0   1.471e-06   1.471e-06  DCAP64
FILLDECAP_T_4_268                      0           0   1.471e-06   1.471e-06  DCAP64
FILLDECAP_T_4_267                      0           0   1.471e-06   1.471e-06  DCAP64
FILLDECAP_T_4_266                      0           0   1.471e-06   1.471e-06  DCAP64
FILLDECAP_T_4_265                      0           0   1.471e-06   1.471e-06  DCAP64
FILLDECAP_T_4_264                      0           0   1.471e-06   1.471e-06  DCAP64
FILLDECAP_T_4_263                      0           0   1.471e-06   1.471e-06  DCAP64
FILLDECAP_T_4_262                      0           0   1.471e-06   1.471e-06  DCAP64
FILLDECAP_T_4_261                      0           0   1.471e-06   1.471e-06  DCAP64
FILLDECAP_T_4_260                      0           0   1.471e-06   1.471e-06  DCAP64
FILLDECAP_T_4_26                       0           0   1.471e-06   1.471e-06  DCAP64
FILLDECAP_T_4_259                      0           0   1.471e-06   1.471e-06  DCAP64
FILLDECAP_T_4_258                      0           0   1.471e-06   1.471e-06  DCAP64
FILLDECAP_T_4_257                      0           0   1.471e-06   1.471e-06  DCAP64
FILLDECAP_T_4_256                      0           0   3.013e-07   3.013e-07  DCAP16
FILLDECAP_T_4_255                      0           0   1.471e-06   1.471e-06  DCAP64
FILLDECAP_T_4_254                      0           0   1.471e-06   1.471e-06  DCAP64
FILLDECAP_T_4_25                       0           0   1.471e-06   1.471e-06  DCAP64
FILLDECAP_T_4_24                       0           0   1.471e-06   1.471e-06  DCAP64
FILLDECAP_T_4_630                      0           0   1.471e-06   1.471e-06  DCAP64
FILLDECAP_T_4_231                      0           0   1.471e-06   1.471e-06  DCAP64
FILLDECAP_T_4_629                      0           0   1.471e-06   1.471e-06  DCAP64
FILLDECAP_T_4_230                      0           0   1.471e-06   1.471e-06  DCAP64
FILLDECAP_T_4_23                       0           0   1.471e-06   1.471e-06  DCAP64
FILLDECAP_T_4_628                      0           0   1.471e-06   1.471e-06  DCAP64
FILLDECAP_T_4_229                      0           0   1.471e-06   1.471e-06  DCAP64
FILLDECAP_T_4_627                      0           0   1.471e-06   1.471e-06  DCAP64
FILLDECAP_T_4_228                      0           0   3.013e-07   3.013e-07  DCAP16
FILLDECAP_T_4_626                      0           0   1.471e-06   1.471e-06  DCAP64
FILLDECAP_T_4_227                      0           0   1.471e-06   1.471e-06  DCAP64
FILLDECAP_T_4_226                      0           0   1.471e-06   1.471e-06  DCAP64
FILLDECAP_T_4_225                      0           0   1.471e-06   1.471e-06  DCAP64
FILLDECAP_T_4_224                      0           0   1.471e-06   1.471e-06  DCAP64
FILLDECAP_T_4_223                      0           0   1.471e-06   1.471e-06  DCAP64
FILLDECAP_T_4_222                      0           0   1.471e-06   1.471e-06  DCAP64
FILLDECAP_T_4_221                      0           0   1.471e-06   1.471e-06  DCAP64
FILLDECAP_T_4_220                      0           0   1.471e-06   1.471e-06  DCAP64
FILLDECAP_T_4_22                       0           0   1.471e-06   1.471e-06  DCAP64
FILLDECAP_T_4_219                      0           0   1.471e-06   1.471e-06  DCAP64
FILLDECAP_T_4_218                      0           0   1.471e-06   1.471e-06  DCAP64
FILLDECAP_T_4_217                      0           0   1.471e-06   1.471e-06  DCAP64
FILLDECAP_T_4_216                      0           0   1.471e-06   1.471e-06  DCAP64
FILLDECAP_T_4_215                      0           0   1.471e-06   1.471e-06  DCAP64
FILLDECAP_T_4_214                      0           0   1.471e-06   1.471e-06  DCAP64
FILLDECAP_T_4_213                      0           0   1.471e-06   1.471e-06  DCAP64
FILLDECAP_T_4_212                      0           0   1.471e-06   1.471e-06  DCAP64
FILLDECAP_T_4_211                      0           0   1.471e-06   1.471e-06  DCAP64
FILLDECAP_T_4_210                      0           0   1.471e-06   1.471e-06  DCAP64
FILLDECAP_T_4_21                       0           0   1.471e-06   1.471e-06  DCAP64
FILLDECAP_T_4_209                      0           0   1.471e-06   1.471e-06  DCAP64
FILLDECAP_T_4_208                      0           0   1.471e-06   1.471e-06  DCAP64
FILLDECAP_T_4_207                      0           0   1.471e-06   1.471e-06  DCAP64
FILLDECAP_T_4_206                      0           0   1.471e-06   1.471e-06  DCAP64
FILLDECAP_T_4_205                      0           0   1.471e-06   1.471e-06  DCAP64
FILLDECAP_T_4_204                      0           0   1.471e-06   1.471e-06  DCAP64
FILLDECAP_T_5_1055                     0           0   1.471e-06   1.471e-06  DCAP64
FILLDECAP_T_4_20                       0           0   1.471e-06   1.471e-06  DCAP64
FILLDECAP_T_1_940                      0           0   1.471e-06   1.471e-06  DCAP64
FILLDECAP_T_1_94                       0           0   1.471e-06   1.471e-06  DCAP64
FILLDECAP_T_1_939                      0           0   3.013e-07   3.013e-07  DCAP16
FILLDECAP_T_1_936                      0           0   1.471e-06   1.471e-06  DCAP64
FILLDECAP_T_1_758                      0           0   1.471e-06   1.471e-06  DCAP64
FILLDECAP_T_2_837                      0           0   1.471e-06   1.471e-06  DCAP64
FILLDECAP_T_1_935                      0           0   1.471e-06   1.471e-06  DCAP64
FILLDECAP_T_1_757                      0           0   1.471e-06   1.471e-06  DCAP64
FILLDECAP_T_2_836                      0           0   1.471e-06   1.471e-06  DCAP64
FILLDECAP_T_1_934                      0           0   1.471e-06   1.471e-06  DCAP64
FILLDECAP_T_1_756                      0           0   1.471e-06   1.471e-06  DCAP64
FILLDECAP_T_2_835                      0           0   1.471e-06   1.471e-06  DCAP64
FILLDECAP_T_1_933                      0           0   1.471e-06   1.471e-06  DCAP64
FILLDECAP_T_1_755                      0           0   1.471e-06   1.471e-06  DCAP64
FILLDECAP_T_2_834                      0           0   1.471e-06   1.471e-06  DCAP64
FILLDECAP_T_1_932                      0           0   1.471e-06   1.471e-06  DCAP64
FILLDECAP_T_1_754                      0           0   1.471e-06   1.471e-06  DCAP64
FILLDECAP_T_2_833                      0           0   1.471e-06   1.471e-06  DCAP64
FILLDECAP_T_1_931                      0           0   1.471e-06   1.471e-06  DCAP64
FILLDECAP_T_1_753                      0           0   1.471e-06   1.471e-06  DCAP64
FILLDECAP_T_2_832                      0           0   1.471e-06   1.471e-06  DCAP64
FILLDECAP_T_1_930                      0           0   1.471e-06   1.471e-06  DCAP64
FILLDECAP_T_1_752                      0           0   1.471e-06   1.471e-06  DCAP64
FILLDECAP_T_1_929                      0           0   1.471e-06   1.471e-06  DCAP64
FILLDECAP_T_1_751                      0           0   1.471e-06   1.471e-06  DCAP64
FILLDECAP_T_1_928                      0           0   1.471e-06   1.471e-06  DCAP64
FILLDECAP_T_1_750                      0           0   1.471e-06   1.471e-06  DCAP64
FILLDECAP_T_1_927                      0           0   1.471e-06   1.471e-06  DCAP64
FILLDECAP_T_1_749                      0           0   1.471e-06   1.471e-06  DCAP64
FILLDECAP_T_1_926                      0           0   1.471e-06   1.471e-06  DCAP64
FILLDECAP_T_1_748                      0           0   1.471e-06   1.471e-06  DCAP64
FILLDECAP_T_1_925                      0           0   1.471e-06   1.471e-06  DCAP64
FILLDECAP_T_1_747                      0           0   1.471e-06   1.471e-06  DCAP64
FILLDECAP_T_1_924                      0           0   1.471e-06   1.471e-06  DCAP64
FILLDECAP_T_1_746                      0           0   1.471e-06   1.471e-06  DCAP64
FILLDECAP_T_1_923                      0           0   1.471e-06   1.471e-06  DCAP64
FILLDECAP_T_1_745                      0           0   1.471e-06   1.471e-06  DCAP64
FILLDECAP_T_1_922                      0           0   1.471e-06   1.471e-06  DCAP64
FILLDECAP_T_1_744                      0           0   1.471e-06   1.471e-06  DCAP64
FILLDECAP_T_1_1276                     0           0   1.471e-06   1.471e-06  DCAP64
FILLDECAP_T_1_921                      0           0   1.471e-06   1.471e-06  DCAP64
FILLDECAP_T_1_743                      0           0   3.013e-07   3.013e-07  DCAP16
FILLDECAP_T_1_1275                     0           0   1.471e-06   1.471e-06  DCAP64
FILLDECAP_T_1_920                      0           0   1.471e-06   1.471e-06  DCAP64
FILLDECAP_T_1_1274                     0           0   1.471e-06   1.471e-06  DCAP64
FILLDECAP_T_1_919                      0           0   1.471e-06   1.471e-06  DCAP64
FILLDECAP_T_1_1273                     0           0   1.471e-06   1.471e-06  DCAP64
FILLDECAP_T_1_93                       0           0   1.471e-06   1.471e-06  DCAP64
FILLDECAP_T_1_918                      0           0   1.471e-06   1.471e-06  DCAP64
FILLDECAP_T_1_1272                     0           0   1.471e-06   1.471e-06  DCAP64
FILLDECAP_T_1_92                       0           0   1.471e-06   1.471e-06  DCAP64
FILLDECAP_T_1_917                      0           0   1.471e-06   1.471e-06  DCAP64
FILLDECAP_T_1_1271                     0           0   1.471e-06   1.471e-06  DCAP64
FILLDECAP_T_1_910                      0           0   1.471e-06   1.471e-06  DCAP64
FILLDECAP_T_1_592                      0           0   1.471e-06   1.471e-06  DCAP64
FILLDECAP_T_1_848                      0           0   1.471e-06   1.471e-06  DCAP64
FILLDECAP_T_5_1101                     0           0   1.471e-06   1.471e-06  DCAP64
FILLDECAP_T_2_123                      0           0   1.471e-06   1.471e-06  DCAP64
FILLDECAP_T_1_916                      0           0   1.471e-06   1.471e-06  DCAP64
FILLDECAP_T_1_1270                     0           0   1.471e-06   1.471e-06  DCAP64
FILLDECAP_T_1_91                       0           0   1.471e-06   1.471e-06  DCAP64
FILLDECAP_T_1_909                      0           0   1.471e-06   1.471e-06  DCAP64
FILLDECAP_T_1_591                      0           0   1.471e-06   1.471e-06  DCAP64
FILLDECAP_T_1_847                      0           0   1.471e-06   1.471e-06  DCAP64
FILLDECAP_T_5_1100                     0           0   1.471e-06   1.471e-06  DCAP64
FILLDECAP_T_2_122                      0           0   1.471e-06   1.471e-06  DCAP64
FILLDECAP_T_1_908                      0           0   1.471e-06   1.471e-06  DCAP64
FILLDECAP_T_1_590                      0           0   1.471e-06   1.471e-06  DCAP64
FILLDECAP_T_1_846                      0           0   1.471e-06   1.471e-06  DCAP64
FILLDECAP_T_5_1099                     0           0   1.471e-06   1.471e-06  DCAP64
FILLDECAP_T_2_121                      0           0   1.471e-06   1.471e-06  DCAP64
FILLDECAP_T_1_907                      0           0   1.471e-06   1.471e-06  DCAP64
FILLDECAP_T_1_589                      0           0   1.471e-06   1.471e-06  DCAP64
FILLDECAP_T_1_845                      0           0   1.471e-06   1.471e-06  DCAP64
FILLDECAP_T_5_1098                     0           0   1.471e-06   1.471e-06  DCAP64
FILLDECAP_T_2_120                      0           0   1.471e-06   1.471e-06  DCAP64
FILLDECAP_T_1_906                      0           0   1.471e-06   1.471e-06  DCAP64
FILLDECAP_T_1_588                      0           0   1.471e-06   1.471e-06  DCAP64
FILLDECAP_T_1_844                      0           0   1.471e-06   1.471e-06  DCAP64
FILLDECAP_T_5_1097                     0           0   1.471e-06   1.471e-06  DCAP64
FILLDECAP_T_2_119                      0           0   1.471e-06   1.471e-06  DCAP64
FILLDECAP_T_1_905                      0           0   1.471e-06   1.471e-06  DCAP64
FILLDECAP_T_1_587                      0           0   1.471e-06   1.471e-06  DCAP64
FILLDECAP_T_5_1096                     0           0   1.471e-06   1.471e-06  DCAP64
FILLDECAP_T_2_118                      0           0   1.471e-06   1.471e-06  DCAP64
FILLDECAP_T_1_904                      0           0   1.471e-06   1.471e-06  DCAP64
FILLDECAP_T_1_586                      0           0   1.471e-06   1.471e-06  DCAP64
FILLDECAP_T_5_1095                     0           0   1.471e-06   1.471e-06  DCAP64
FILLDECAP_T_2_117                      0           0   1.471e-06   1.471e-06  DCAP64
FILLDECAP_T_1_903                      0           0   1.471e-06   1.471e-06  DCAP64
FILLDECAP_T_1_585                      0           0   1.471e-06   1.471e-06  DCAP64
FILLDECAP_T_5_1094                     0           0   1.471e-06   1.471e-06  DCAP64
FILLDECAP_T_2_116                      0           0   1.471e-06   1.471e-06  DCAP64
FILLDECAP_T_1_902                      0           0   1.471e-06   1.471e-06  DCAP64
FILLDECAP_T_1_584                      0           0   1.471e-06   1.471e-06  DCAP64
FILLDECAP_T_1_1432                     0           0   1.471e-06   1.471e-06  DCAP64
FILLDECAP_T_5_1093                     0           0   1.471e-06   1.471e-06  DCAP64
FILLDECAP_T_2_115                      0           0   1.471e-06   1.471e-06  DCAP64
FILLDECAP_T_1_901                      0           0   1.471e-06   1.471e-06  DCAP64
FILLDECAP_T_1_583                      0           0   1.471e-06   1.471e-06  DCAP64
FILLDECAP_T_5_1092                     0           0   1.471e-06   1.471e-06  DCAP64
FILLDECAP_T_2_114                      0           0   1.471e-06   1.471e-06  DCAP64
FILLDECAP_T_1_900                      0           0   1.471e-06   1.471e-06  DCAP64
FILLDECAP_T_1_582                      0           0   1.471e-06   1.471e-06  DCAP64
FILLDECAP_T_2_113                      0           0   1.471e-06   1.471e-06  DCAP64
FILLDECAP_T_1_915                      0           0   1.471e-06   1.471e-06  DCAP64
FILLDECAP_T_1_1269                     0           0   1.471e-06   1.471e-06  DCAP64
FILLDECAP_T_1_90                       0           0   1.471e-06   1.471e-06  DCAP64
FILLDECAP_T_1_899                      0           0   1.471e-06   1.471e-06  DCAP64
FILLDECAP_T_1_581                      0           0   1.471e-06   1.471e-06  DCAP64
FILLDECAP_T_2_112                      0           0   3.013e-07   3.013e-07  DCAP16
FILLDECAP_T_1_898                      0           0   1.471e-06   1.471e-06  DCAP64
FILLDECAP_T_1_580                      0           0   1.471e-06   1.471e-06  DCAP64
FILLDECAP_T_2_111                      0           0   1.471e-06   1.471e-06  DCAP64
FILLDECAP_T_1_897                      0           0   1.471e-06   1.471e-06  DCAP64
FILLDECAP_T_1_579                      0           0   1.471e-06   1.471e-06  DCAP64
FILLDECAP_T_2_110                      0           0   1.471e-06   1.471e-06  DCAP64
FILLDECAP_T_1_896                      0           0   1.471e-06   1.471e-06  DCAP64
FILLDECAP_T_1_578                      0           0   1.471e-06   1.471e-06  DCAP64
FILLDECAP_T_2_109                      0           0   1.471e-06   1.471e-06  DCAP64
FILLDECAP_T_1_895                      0           0   1.471e-06   1.471e-06  DCAP64
FILLDECAP_T_1_577                      0           0   1.471e-06   1.471e-06  DCAP64
FILLDECAP_T_2_108                      0           0   1.471e-06   1.471e-06  DCAP64
FILLDECAP_T_1_894                      0           0   1.471e-06   1.471e-06  DCAP64
FILLDECAP_T_1_576                      0           0   1.471e-06   1.471e-06  DCAP64
FILLDECAP_T_2_107                      0           0   1.471e-06   1.471e-06  DCAP64
FILLDECAP_T_1_893                      0           0   1.471e-06   1.471e-06  DCAP64
FILLDECAP_T_1_575                      0           0   1.471e-06   1.471e-06  DCAP64
FILLDECAP_T_2_106                      0           0   1.471e-06   1.471e-06  DCAP64
FILLDECAP_T_1_892                      0           0   1.471e-06   1.471e-06  DCAP64
FILLDECAP_T_2_105                      0           0   1.471e-06   1.471e-06  DCAP64
FILLDECAP_T_1_891                      0           0   1.471e-06   1.471e-06  DCAP64
FILLDECAP_T_2_104                      0           0   1.471e-06   1.471e-06  DCAP64
FILLDECAP_T_1_882                      0           0   1.471e-06   1.471e-06  DCAP64
FILLDECAP_T_1_881                      0           0   1.471e-06   1.471e-06  DCAP64
FILLDECAP_T_1_880                      0           0   1.471e-06   1.471e-06  DCAP64
FILLDECAP_T_1_914                      0           0   1.471e-06   1.471e-06  DCAP64
FILLDECAP_T_1_374                      0           0   1.471e-06   1.471e-06  DCAP64
FILLDECAP_T_1_1268                     0           0   1.471e-06   1.471e-06  DCAP64
FILLDECAP_T_1_88                       0           0   1.331e-07   1.331e-07  DCAP8
FILLDECAP_T_1_879                      0           0   1.471e-06   1.471e-06  DCAP64
FILLDECAP_T_1_913                      0           0   1.471e-06   1.471e-06  DCAP64
FILLDECAP_T_1_1264                     0           0   1.846e-08   1.846e-08  DCAP4
FILLDECAP_T_1_87                       0           0   3.013e-07   3.013e-07  DCAP16
FILLDECAP_T_1_912                      0           0   1.471e-06   1.471e-06  DCAP64
FILLDECAP_T_1_1261                     0           0   8.028e-09   8.028e-09  DCAP
FILLDECAP_T_1_86                       0           0   1.471e-06   1.471e-06  DCAP64
FILLDECAP_T_1_911                      0           0   3.013e-07   3.013e-07  DCAP16
FILLDECAP_T_1_1260                     0           0   1.846e-08   1.846e-08  DCAP4
FILLDECAP_T_1_85                       0           0   1.471e-06   1.471e-06  DCAP64
FILLDECAP_T_1_84                       0           0   1.471e-06   1.471e-06  DCAP64
FILLDECAP_T_1_83                       0           0   1.471e-06   1.471e-06  DCAP64
FILLDECAP_T_1_82                       0           0   1.471e-06   1.471e-06  DCAP64
FILLDECAP_T_1_81                       0           0   1.471e-06   1.471e-06  DCAP64
FILLDECAP_T_1_80                       0           0   1.471e-06   1.471e-06  DCAP64
FILLDECAP_T_1_79                       0           0   1.471e-06   1.471e-06  DCAP64
FILLDECAP_T_1_78                       0           0   1.471e-06   1.471e-06  DCAP64
FILLDECAP_T_4_427                      0           0   1.471e-06   1.471e-06  DCAP64
FILLDECAP_T_1_77                       0           0   1.471e-06   1.471e-06  DCAP64
FILLDECAP_T_4_426                      0           0   1.471e-06   1.471e-06  DCAP64
FILLDECAP_T_1_76                       0           0   1.471e-06   1.471e-06  DCAP64
FILLDECAP_T_4_425                      0           0   1.471e-06   1.471e-06  DCAP64
FILLDECAP_T_1_75                       0           0   1.471e-06   1.471e-06  DCAP64
FILLDECAP_T_2_185                      0           0   1.471e-06   1.471e-06  DCAP64
ENDCAP_280                             0           0   8.028e-09   8.028e-09  DCAP
FILLDECAP_T_2_184                      0           0   1.471e-06   1.471e-06  DCAP64
ENDCAP_279                             0           0   8.028e-09   8.028e-09  DCAP
FILLDECAP_T_2_183                      0           0   1.471e-06   1.471e-06  DCAP64
FILLDECAP_T_4_424                      0           0   3.013e-07   3.013e-07  DCAP16
FILLDECAP_T_1_74                       0           0   1.471e-06   1.471e-06  DCAP64
ENDCAP_278                             0           0   8.028e-09   8.028e-09  DCAP
FILLDECAP_T_2_182                      0           0   1.471e-06   1.471e-06  DCAP64
ENDCAP_277                             0           0   8.028e-09   8.028e-09  DCAP
FILLDECAP_T_2_181                      0           0   1.471e-06   1.471e-06  DCAP64
ENDCAP_276                             0           0   8.028e-09   8.028e-09  DCAP
FILLDECAP_T_2_180                      0           0   1.471e-06   1.471e-06  DCAP64
ENDCAP_275                             0           0   8.028e-09   8.028e-09  DCAP
FILLDECAP_T_2_179                      0           0   1.471e-06   1.471e-06  DCAP64
ENDCAP_274                             0           0   8.028e-09   8.028e-09  DCAP
FILLDECAP_T_2_178                      0           0   1.471e-06   1.471e-06  DCAP64
ENDCAP_273                             0           0   8.028e-09   8.028e-09  DCAP
FILLDECAP_T_2_177                      0           0   1.471e-06   1.471e-06  DCAP64
ENDCAP_272                             0           0   8.028e-09   8.028e-09  DCAP
FILLDECAP_T_2_176                      0           0   1.471e-06   1.471e-06  DCAP64
ENDCAP_271                             0           0   8.028e-09   8.028e-09  DCAP
FILLDECAP_T_2_175                      0           0   1.471e-06   1.471e-06  DCAP64
ENDCAP_270                             0           0   8.028e-09   8.028e-09  DCAP
FILLDECAP_T_2_173                      0           0   1.846e-08   1.846e-08  DCAP4
ENDCAP_269                             0           0   8.028e-09   8.028e-09  DCAP
FILLDECAP_T_2_172                      0           0   1.331e-07   1.331e-07  DCAP8
FILLDECAP_T_4_423                      0           0   1.471e-06   1.471e-06  DCAP64
FILLDECAP_T_1_73                       0           0   1.471e-06   1.471e-06  DCAP64
ENDCAP_268                             0           0   8.028e-09   8.028e-09  DCAP
FILLDECAP_T_2_171                      0           0   3.013e-07   3.013e-07  DCAP16
FILLDECAP_T_4_422                      0           0   1.471e-06   1.471e-06  DCAP64
FILLDECAP_T_1_72                       0           0   1.471e-06   1.471e-06  DCAP64
FILLDECAP_T_4_421                      0           0   1.471e-06   1.471e-06  DCAP64
FILLDECAP_T_1_71                       0           0   1.471e-06   1.471e-06  DCAP64
FILLDECAP_T_4_420                      0           0   1.471e-06   1.471e-06  DCAP64
FILLDECAP_T_1_70                       0           0   1.471e-06   1.471e-06  DCAP64
FILLDECAP_T_1_731                      0           0   1.471e-06   1.471e-06  DCAP64
FILLDECAP_T_2_190                      0           0   1.471e-06   1.471e-06  DCAP64
FILLDECAP_T_4_419                      0           0   1.471e-06   1.471e-06  DCAP64
FILLDECAP_T_1_69                       0           0   1.471e-06   1.471e-06  DCAP64
FILLDECAP_T_1_730                      0           0   1.471e-06   1.471e-06  DCAP64
FILLDECAP_T_2_189                      0           0   1.471e-06   1.471e-06  DCAP64
FILLDECAP_T_1_687                      0           0   3.013e-07   3.013e-07  DCAP16
FILLDECAP_T_1_1367                     0           0   1.471e-06   1.471e-06  DCAP64
FILLDECAP_T_2_42                       0           0   1.471e-06   1.471e-06  DCAP64
FILLDECAP_T_4_418                      0           0   1.471e-06   1.471e-06  DCAP64
FILLDECAP_T_1_68                       0           0   1.471e-06   1.471e-06  DCAP64
FILLDECAP_T_1_729                      0           0   1.471e-06   1.471e-06  DCAP64
FILLDECAP_T_2_188                      0           0   1.471e-06   1.471e-06  DCAP64
FILLDECAP_T_5_563                      0           0   1.471e-06   1.471e-06  DCAP64
FILLDECAP_T_4_515                      0           0   1.471e-06   1.471e-06  DCAP64
FILLDECAP_T_1_798                      0           0   1.471e-06   1.471e-06  DCAP64
FILLDECAP_T_5_562                      0           0   1.471e-06   1.471e-06  DCAP64
FILLDECAP_T_4_514                      0           0   1.471e-06   1.471e-06  DCAP64
FILLDECAP_T_1_797                      0           0   1.471e-06   1.471e-06  DCAP64
FILLDECAP_T_1_672                      0           0   1.471e-06   1.471e-06  DCAP64
FILLDECAP_T_5_561                      0           0   1.471e-06   1.471e-06  DCAP64
FILLDECAP_T_1_796                      0           0   1.471e-06   1.471e-06  DCAP64
FILLDECAP_T_1_671                      0           0   1.471e-06   1.471e-06  DCAP64
FILLDECAP_T_4_417                      0           0   1.471e-06   1.471e-06  DCAP64
FILLDECAP_T_1_67                       0           0   1.471e-06   1.471e-06  DCAP64
FILLDECAP_T_4_416                      0           0   1.471e-06   1.471e-06  DCAP64
FILLDECAP_T_1_66                       0           0   1.471e-06   1.471e-06  DCAP64
FILLDECAP_T_1_878                      0           0   1.471e-06   1.471e-06  DCAP64
FILLDECAP_T_2_831                      0           0   1.471e-06   1.471e-06  DCAP64
FILLDECAP_T_1_658                      0           0   1.471e-06   1.471e-06  DCAP64
FILLDECAP_T_1_1167                     0           0   1.471e-06   1.471e-06  DCAP64
FILLDECAP_T_1_877                      0           0   1.471e-06   1.471e-06  DCAP64
FILLDECAP_T_2_830                      0           0   1.471e-06   1.471e-06  DCAP64
FILLDECAP_T_1_657                      0           0   1.471e-06   1.471e-06  DCAP64
FILLDECAP_T_1_1166                     0           0   1.471e-06   1.471e-06  DCAP64
FILLDECAP_T_1_876                      0           0   1.471e-06   1.471e-06  DCAP64
FILLDECAP_T_2_829                      0           0   1.471e-06   1.471e-06  DCAP64
FILLDECAP_T_1_656                      0           0   1.471e-06   1.471e-06  DCAP64
FILLDECAP_T_1_1165                     0           0   1.471e-06   1.471e-06  DCAP64
FILLDECAP_T_1_875                      0           0   1.471e-06   1.471e-06  DCAP64
FILLDECAP_T_2_828                      0           0   3.013e-07   3.013e-07  DCAP16
FILLDECAP_T_1_655                      0           0   1.471e-06   1.471e-06  DCAP64
FILLDECAP_T_1_1164                     0           0   1.471e-06   1.471e-06  DCAP64
FILLDECAP_T_2_827                      0           0   1.471e-06   1.471e-06  DCAP64
FILLDECAP_T_1_654                      0           0   1.471e-06   1.471e-06  DCAP64
FILLDECAP_T_1_1163                     0           0   1.471e-06   1.471e-06  DCAP64
FILLDECAP_T_2_826                      0           0   1.471e-06   1.471e-06  DCAP64
FILLDECAP_T_1_653                      0           0   1.471e-06   1.471e-06  DCAP64
FILLDECAP_T_1_1162                     0           0   1.471e-06   1.471e-06  DCAP64
FILLDECAP_T_2_825                      0           0   1.471e-06   1.471e-06  DCAP64
FILLDECAP_T_1_652                      0           0   1.471e-06   1.471e-06  DCAP64
FILLDECAP_T_1_1161                     0           0   1.471e-06   1.471e-06  DCAP64
FILLDECAP_T_2_824                      0           0   1.471e-06   1.471e-06  DCAP64
FILLDECAP_T_1_651                      0           0   1.471e-06   1.471e-06  DCAP64
FILLDECAP_T_1_843                      0           0   1.471e-06   1.471e-06  DCAP64
ENDCAP_84                              0           0   8.028e-09   8.028e-09  DCAP
FILLDECAP_T_1_1160                     0           0   1.471e-06   1.471e-06  DCAP64
FILLDECAP_T_2_823                      0           0   1.471e-06   1.471e-06  DCAP64
FILLDECAP_T_1_650                      0           0   1.471e-06   1.471e-06  DCAP64
FILLDECAP_T_1_842                      0           0   1.471e-06   1.471e-06  DCAP64
ENDCAP_83                              0           0   8.028e-09   8.028e-09  DCAP
FILLDECAP_T_1_1159                     0           0   1.471e-06   1.471e-06  DCAP64
FILLDECAP_T_4_415                      0           0   1.471e-06   1.471e-06  DCAP64
FILLDECAP_T_1_65                       0           0   1.471e-06   1.471e-06  DCAP64
FILLDECAP_T_2_822                      0           0   1.471e-06   1.471e-06  DCAP64
FILLDECAP_T_1_649                      0           0   1.471e-06   1.471e-06  DCAP64
FILLDECAP_T_1_841                      0           0   1.471e-06   1.471e-06  DCAP64
ENDCAP_82                              0           0   8.028e-09   8.028e-09  DCAP
FILLDECAP_T_1_1158                     0           0   1.471e-06   1.471e-06  DCAP64
FILLDECAP_T_2_821                      0           0   1.471e-06   1.471e-06  DCAP64
FILLDECAP_T_1_648                      0           0   1.471e-06   1.471e-06  DCAP64
FILLDECAP_T_1_1157                     0           0   1.471e-06   1.471e-06  DCAP64
FILLDECAP_T_2_820                      0           0   1.471e-06   1.471e-06  DCAP64
FILLDECAP_T_1_647                      0           0   1.471e-06   1.471e-06  DCAP64
FILLDECAP_T_1_1156                     0           0   1.471e-06   1.471e-06  DCAP64
FILLDECAP_T_2_819                      0           0   1.471e-06   1.471e-06  DCAP64
FILLDECAP_T_1_646                      0           0   1.471e-06   1.471e-06  DCAP64
FILLDECAP_T_1_1155                     0           0   1.471e-06   1.471e-06  DCAP64
FILLDECAP_T_1_1404                     0           0   1.471e-06   1.471e-06  DCAP64
FILLDECAP_T_2_818                      0           0   1.471e-06   1.471e-06  DCAP64
FILLDECAP_T_1_645                      0           0   1.471e-06   1.471e-06  DCAP64
FILLDECAP_T_1_1154                     0           0   1.471e-06   1.471e-06  DCAP64
FILLDECAP_T_1_1403                     0           0   1.471e-06   1.471e-06  DCAP64
FILLDECAP_T_1_644                      0           0   1.471e-06   1.471e-06  DCAP64
FILLDECAP_T_1_1153                     0           0   1.471e-06   1.471e-06  DCAP64
FILLDECAP_T_1_1402                     0           0   1.471e-06   1.471e-06  DCAP64
FILLDECAP_T_1_643                      0           0   1.471e-06   1.471e-06  DCAP64
FILLDECAP_T_1_1401                     0           0   1.471e-06   1.471e-06  DCAP64
FILLDECAP_T_1_1152                     0           0   1.471e-06   1.471e-06  DCAP64
FILLDECAP_T_1_642                      0           0   1.471e-06   1.471e-06  DCAP64
FILLDECAP_T_1_1400                     0           0   1.471e-06   1.471e-06  DCAP64
FILLDECAP_T_1_1151                     0           0   1.471e-06   1.471e-06  DCAP64
FILLDECAP_T_1_641                      0           0   1.471e-06   1.471e-06  DCAP64
FILLDECAP_T_1_1399                     0           0   1.471e-06   1.471e-06  DCAP64
FILLDECAP_T_1_1150                     0           0   1.471e-06   1.471e-06  DCAP64
FILLDECAP_T_1_640                      0           0   1.471e-06   1.471e-06  DCAP64
FILLDECAP_T_1_1398                     0           0   1.471e-06   1.471e-06  DCAP64
FILLDECAP_T_1_1149                     0           0   1.471e-06   1.471e-06  DCAP64
FILLDECAP_T_4_485                      0           0   1.471e-06   1.471e-06  DCAP64
FILLDECAP_T_2_73                       0           0   1.471e-06   1.471e-06  DCAP64
FILLDECAP_T_2_1037                     0           0   1.471e-06   1.471e-06  DCAP64
FILLDECAP_T_1_639                      0           0   1.471e-06   1.471e-06  DCAP64
FILLDECAP_T_1_1397                     0           0   1.471e-06   1.471e-06  DCAP64
FILLDECAP_T_1_1148                     0           0   1.471e-06   1.471e-06  DCAP64
FILLDECAP_T_4_484                      0           0   1.471e-06   1.471e-06  DCAP64
FILLDECAP_T_2_72                       0           0   1.471e-06   1.471e-06  DCAP64
FILLDECAP_T_1_430                      0           0   1.471e-06   1.471e-06  DCAP64
FILLDECAP_T_1_638                      0           0   1.471e-06   1.471e-06  DCAP64
FILLDECAP_T_1_1396                     0           0   1.471e-06   1.471e-06  DCAP64
FILLDECAP_T_1_1147                     0           0   1.471e-06   1.471e-06  DCAP64
FILLDECAP_T_4_483                      0           0   1.471e-06   1.471e-06  DCAP64
FILLDECAP_T_2_71                       0           0   1.471e-06   1.471e-06  DCAP64
FILLDECAP_T_1_637                      0           0   1.471e-06   1.471e-06  DCAP64
FILLDECAP_T_1_1395                     0           0   1.471e-06   1.471e-06  DCAP64
FILLDECAP_T_1_1146                     0           0   1.471e-06   1.471e-06  DCAP64
FILLDECAP_T_5_664                      0           0   1.471e-06   1.471e-06  DCAP64
FILLDECAP_T_4_481                      0           0   1.846e-08   1.846e-08  DCAP4
FILLDECAP_T_2_70                       0           0   1.471e-06   1.471e-06  DCAP64
FILLDECAP_T_1_636                      0           0   1.471e-06   1.471e-06  DCAP64
FILLDECAP_T_1_1394                     0           0   1.471e-06   1.471e-06  DCAP64
FILLDECAP_T_1_1145                     0           0   1.471e-06   1.471e-06  DCAP64
FILLDECAP_T_5_663                      0           0   1.471e-06   1.471e-06  DCAP64
FILLDECAP_T_4_480                      0           0   1.471e-06   1.471e-06  DCAP64
FILLDECAP_T_2_69                       0           0   1.471e-06   1.471e-06  DCAP64
FILLDECAP_T_1_635                      0           0   1.471e-06   1.471e-06  DCAP64
FILLDECAP_T_1_1393                     0           0   1.471e-06   1.471e-06  DCAP64
FILLDECAP_T_1_1144                     0           0   1.471e-06   1.471e-06  DCAP64
FILLDECAP_T_5_662                      0           0   1.471e-06   1.471e-06  DCAP64
FILLDECAP_T_4_479                      0           0   1.471e-06   1.471e-06  DCAP64
FILLDECAP_T_2_68                       0           0   1.471e-06   1.471e-06  DCAP64
FILLDECAP_T_1_634                      0           0   1.471e-06   1.471e-06  DCAP64
FILLDECAP_T_1_1392                     0           0   1.471e-06   1.471e-06  DCAP64
FILLDECAP_T_1_1143                     0           0   1.471e-06   1.471e-06  DCAP64
FILLDECAP_T_5_661                      0           0   1.471e-06   1.471e-06  DCAP64
FILLDECAP_T_4_478                      0           0   1.471e-06   1.471e-06  DCAP64
FILLDECAP_T_2_67                       0           0   1.471e-06   1.471e-06  DCAP64
FILLDECAP_T_1_633                      0           0   1.471e-06   1.471e-06  DCAP64
FILLDECAP_T_1_1391                     0           0   1.471e-06   1.471e-06  DCAP64
FILLDECAP_T_1_1142                     0           0   3.013e-07   3.013e-07  DCAP16
FILLDECAP_T_5_660                      0           0   1.471e-06   1.471e-06  DCAP64
FILLDECAP_T_4_477                      0           0   1.471e-06   1.471e-06  DCAP64
FILLDECAP_T_2_66                       0           0   1.471e-06   1.471e-06  DCAP64
FILLDECAP_T_1_632                      0           0   1.471e-06   1.471e-06  DCAP64
FILLDECAP_T_1_1390                     0           0   1.471e-06   1.471e-06  DCAP64
FILLDECAP_T_5_659                      0           0   1.471e-06   1.471e-06  DCAP64
FILLDECAP_T_4_476                      0           0   1.471e-06   1.471e-06  DCAP64
FILLDECAP_T_2_65                       0           0   1.471e-06   1.471e-06  DCAP64
FILLDECAP_T_1_631                      0           0   1.846e-08   1.846e-08  DCAP4
FILLDECAP_T_1_1389                     0           0   1.471e-06   1.471e-06  DCAP64
FILLDECAP_T_5_658                      0           0   1.471e-06   1.471e-06  DCAP64
FILLDECAP_T_4_475                      0           0   1.471e-06   1.471e-06  DCAP64
FILLDECAP_T_2_64                       0           0   1.471e-06   1.471e-06  DCAP64
FILLDECAP_T_2_1036                     0           0   1.471e-06   1.471e-06  DCAP64
FILLDECAP_T_2_1035                     0           0   1.471e-06   1.471e-06  DCAP64
FILLDECAP_T_2_1034                     0           0   1.471e-06   1.471e-06  DCAP64
FILLDECAP_T_2_1033                     0           0   1.471e-06   1.471e-06  DCAP64
FILLDECAP_T_1_574                      0           0   1.471e-06   1.471e-06  DCAP64
FILLDECAP_T_1_573                      0           0   3.013e-07   3.013e-07  DCAP16
FILLDECAP_T_1_572                      0           0   1.471e-06   1.471e-06  DCAP64
FILLDECAP_T_1_571                      0           0   1.471e-06   1.471e-06  DCAP64
FILLDECAP_T_1_570                      0           0   1.471e-06   1.471e-06  DCAP64
FILLDECAP_T_1_569                      0           0   1.471e-06   1.471e-06  DCAP64
FILLDECAP_T_1_568                      0           0   1.471e-06   1.471e-06  DCAP64
FILLDECAP_T_1_567                      0           0   1.471e-06   1.471e-06  DCAP64
FILLDECAP_T_1_566                      0           0   1.471e-06   1.471e-06  DCAP64
FILLDECAP_T_1_565                      0           0   1.471e-06   1.471e-06  DCAP64
FILLDECAP_T_1_564                      0           0   1.471e-06   1.471e-06  DCAP64
FILLDECAP_T_1_563                      0           0   1.471e-06   1.471e-06  DCAP64
FILLDECAP_T_1_562                      0           0   1.471e-06   1.471e-06  DCAP64
FILLDECAP_T_1_561                      0           0   1.471e-06   1.471e-06  DCAP64
FILLDECAP_T_1_560                      0           0   1.471e-06   1.471e-06  DCAP64
FILLDECAP_T_1_559                      0           0   1.471e-06   1.471e-06  DCAP64
FILLDECAP_T_1_558                      0           0   1.471e-06   1.471e-06  DCAP64
FILLDECAP_T_1_557                      0           0   1.471e-06   1.471e-06  DCAP64
FILLDECAP_T_1_556                      0           0   1.471e-06   1.471e-06  DCAP64
FILLDECAP_T_1_555                      0           0   1.471e-06   1.471e-06  DCAP64
FILLDECAP_T_1_554                      0           0   1.471e-06   1.471e-06  DCAP64
FILLDECAP_T_1_553                      0           0   1.471e-06   1.471e-06  DCAP64
FILLDECAP_T_1_552                      0           0   1.471e-06   1.471e-06  DCAP64
FILLDECAP_T_1_551                      0           0   1.471e-06   1.471e-06  DCAP64
FILLDECAP_T_1_550                      0           0   1.471e-06   1.471e-06  DCAP64
FILLDECAP_T_2_1032                     0           0   1.471e-06   1.471e-06  DCAP64
FILLDECAP_T_1_549                      0           0   1.471e-06   1.471e-06  DCAP64
FILLDECAP_T_1_548                      0           0   1.471e-06   1.471e-06  DCAP64
FILLDECAP_T_2_187                      0           0   1.471e-06   1.471e-06  DCAP64
FILLDECAP_T_1_547                      0           0   1.471e-06   1.471e-06  DCAP64
FILLDECAP_T_2_186                      0           0   1.471e-06   1.471e-06  DCAP64
FILLDECAP_T_5_1245                     0           0   1.471e-06   1.471e-06  DCAP64
FILLDECAP_T_2_959                      0           0   1.471e-06   1.471e-06  DCAP64
FILLDECAP_T_5_1244                     0           0   1.471e-06   1.471e-06  DCAP64
FILLDECAP_T_2_958                      0           0   1.471e-06   1.471e-06  DCAP64
FILLDECAP_T_5_1243                     0           0   1.471e-06   1.471e-06  DCAP64
FILLDECAP_T_2_957                      0           0   1.471e-06   1.471e-06  DCAP64
FILLDECAP_T_5_1242                     0           0   1.471e-06   1.471e-06  DCAP64
FILLDECAP_T_2_956                      0           0   1.471e-06   1.471e-06  DCAP64
FILLDECAP_T_2_1031                     0           0   1.471e-06   1.471e-06  DCAP64
FILLDECAP_T_5_1241                     0           0   1.471e-06   1.471e-06  DCAP64
FILLDECAP_T_2_955                      0           0   1.471e-06   1.471e-06  DCAP64
FILLDECAP_T_5_1240                     0           0   1.471e-06   1.471e-06  DCAP64
FILLDECAP_T_2_954                      0           0   1.471e-06   1.471e-06  DCAP64
FILLDECAP_T_5_1239                     0           0   1.471e-06   1.471e-06  DCAP64
FILLDECAP_T_2_953                      0           0   1.471e-06   1.471e-06  DCAP64
FILLDECAP_T_2_1030                     0           0   1.471e-06   1.471e-06  DCAP64
FILLDECAP_T_2_1029                     0           0   1.471e-06   1.471e-06  DCAP64
FILLDECAP_T_2_1028                     0           0   1.471e-06   1.471e-06  DCAP64
FILLDECAP_T_5_64                       0           0   1.471e-06   1.471e-06  DCAP64
FILLDECAP_T_5_555                      0           0   1.471e-06   1.471e-06  DCAP64
FILLDECAP_T_1_790                      0           0   1.471e-06   1.471e-06  DCAP64
FILLDECAP_T_5_63                       0           0   1.471e-06   1.471e-06  DCAP64
FILLDECAP_T_5_554                      0           0   1.471e-06   1.471e-06  DCAP64
FILLDECAP_T_1_789                      0           0   1.471e-06   1.471e-06  DCAP64
FILLDECAP_T_5_62                       0           0   1.471e-06   1.471e-06  DCAP64
FILLDECAP_T_5_553                      0           0   1.471e-06   1.471e-06  DCAP64
FILLDECAP_T_1_788                      0           0   1.471e-06   1.471e-06  DCAP64
FILLDECAP_T_5_61                       0           0   1.471e-06   1.471e-06  DCAP64
FILLDECAP_T_5_552                      0           0   1.471e-06   1.471e-06  DCAP64
FILLDECAP_T_1_787                      0           0   1.471e-06   1.471e-06  DCAP64
FILLDECAP_T_5_60                       0           0   1.471e-06   1.471e-06  DCAP64
FILLDECAP_T_1_786                      0           0   1.471e-06   1.471e-06  DCAP64
FILLDECAP_T_2_1027                     0           0   3.013e-07   3.013e-07  DCAP16
FILLDECAP_T_5_59                       0           0   1.471e-06   1.471e-06  DCAP64
FILLDECAP_T_1_785                      0           0   1.471e-06   1.471e-06  DCAP64
FILLDECAP_T_5_58                       0           0   1.471e-06   1.471e-06  DCAP64
FILLDECAP_T_1_784                      0           0   1.471e-06   1.471e-06  DCAP64
FILLDECAP_T_5_57                       0           0   1.331e-07   1.331e-07  DCAP8
FILLDECAP_T_1_783                      0           0   1.471e-06   1.471e-06  DCAP64
FILLDECAP_T_5_55                       0           0   3.013e-07   3.013e-07  DCAP16
FILLDECAP_T_1_782                      0           0   1.471e-06   1.471e-06  DCAP64
FILLDECAP_T_5_53                       0           0   1.471e-06   1.471e-06  DCAP64
FILLDECAP_T_1_781                      0           0   1.471e-06   1.471e-06  DCAP64
FILLDECAP_T_5_52                       0           0   1.471e-06   1.471e-06  DCAP64
FILLDECAP_T_1_780                      0           0   1.471e-06   1.471e-06  DCAP64
FILLDECAP_T_5_51                       0           0   1.471e-06   1.471e-06  DCAP64
FILLDECAP_T_1_779                      0           0   1.471e-06   1.471e-06  DCAP64
FILLDECAP_T_5_50                       0           0   1.471e-06   1.471e-06  DCAP64
FILLDECAP_T_1_778                      0           0   1.471e-06   1.471e-06  DCAP64
FILLDECAP_T_5_49                       0           0   1.471e-06   1.471e-06  DCAP64
FILLDECAP_T_1_777                      0           0   1.471e-06   1.471e-06  DCAP64
FILLDECAP_T_5_48                       0           0   1.471e-06   1.471e-06  DCAP64
FILLDECAP_T_1_776                      0           0   1.471e-06   1.471e-06  DCAP64
FILLDECAP_T_2_1026                     0           0   1.471e-06   1.471e-06  DCAP64
FILLDECAP_T_5_47                       0           0   1.471e-06   1.471e-06  DCAP64
FILLDECAP_T_1_775                      0           0   1.471e-06   1.471e-06  DCAP64
FILLDECAP_T_1_488                      0           0   1.471e-06   1.471e-06  DCAP64
FILLDECAP_T_5_46                       0           0   1.471e-06   1.471e-06  DCAP64
FILLDECAP_T_1_774                      0           0   1.471e-06   1.471e-06  DCAP64
FILLDECAP_T_2_1025                     0           0   1.471e-06   1.471e-06  DCAP64
ENDCAP_51                              0           0   8.028e-09   8.028e-09  DCAP
ENDCAP_50                              0           0   8.028e-09   8.028e-09  DCAP
ENDCAP_49                              0           0   8.028e-09   8.028e-09  DCAP
ENDCAP_48                              0           0   8.028e-09   8.028e-09  DCAP
FILLDECAP_T_2_1024                     0           0   1.471e-06   1.471e-06  DCAP64
FILLDECAP_T_1_955                      0           0   1.471e-06   1.471e-06  DCAP64
FILLDECAP_T_2_1023                     0           0   1.471e-06   1.471e-06  DCAP64
FILLDECAP_T_1_954                      0           0   1.471e-06   1.471e-06  DCAP64
FILLDECAP_T_2_1022                     0           0   1.471e-06   1.471e-06  DCAP64
FILLDECAP_T_1_953                      0           0   1.471e-06   1.471e-06  DCAP64
FILLDECAP_T_2_1021                     0           0   1.471e-06   1.471e-06  DCAP64
FILLDECAP_T_1_952                      0           0   1.471e-06   1.471e-06  DCAP64
FILLDECAP_T_2_1020                     0           0   1.471e-06   1.471e-06  DCAP64
FILLDECAP_T_1_951                      0           0   1.471e-06   1.471e-06  DCAP64
FILLDECAP_T_2_1019                     0           0   1.471e-06   1.471e-06  DCAP64
FILLDECAP_T_1_950                      0           0   1.471e-06   1.471e-06  DCAP64
FILLDECAP_T_1_949                      0           0   1.471e-06   1.471e-06  DCAP64
FILLDECAP_T_1_4                        0           0   1.471e-06   1.471e-06  DCAP64
FILLDECAP_T_1_1074                     0           0   1.471e-06   1.471e-06  DCAP64
FILLDECAP_T_4_124                      0           0   1.471e-06   1.471e-06  DCAP64
FILLDECAP_T_1_306                      0           0   1.471e-06   1.471e-06  DCAP64
FILLDECAP_T_5_1149                     0           0   1.471e-06   1.471e-06  DCAP64
FILLDECAP_T_2_1060                     0           0   1.471e-06   1.471e-06  DCAP64
FILLDECAP_T_1_948                      0           0   1.471e-06   1.471e-06  DCAP64
FILLDECAP_T_1_305                      0           0   1.471e-06   1.471e-06  DCAP64
FILLDECAP_T_5_1148                     0           0   1.471e-06   1.471e-06  DCAP64
FILLDECAP_T_2_1059                     0           0   1.471e-06   1.471e-06  DCAP64
FILLDECAP_T_1_304                      0           0   1.471e-06   1.471e-06  DCAP64
FILLDECAP_T_2_1058                     0           0   1.471e-06   1.471e-06  DCAP64
FILLDECAP_T_1_303                      0           0   1.471e-06   1.471e-06  DCAP64
FILLDECAP_T_2_1057                     0           0   1.471e-06   1.471e-06  DCAP64
FILLDECAP_T_1_302                      0           0   1.471e-06   1.471e-06  DCAP64
FILLDECAP_T_2_1056                     0           0   1.471e-06   1.471e-06  DCAP64
FILLDECAP_T_1_301                      0           0   1.471e-06   1.471e-06  DCAP64
FILLDECAP_T_2_1055                     0           0   3.013e-07   3.013e-07  DCAP16
FILLDECAP_T_1_300                      0           0   1.471e-06   1.471e-06  DCAP64
FILLDECAP_T_2_1054                     0           0   1.471e-06   1.471e-06  DCAP64
FILLDECAP_T_1_299                      0           0   1.471e-06   1.471e-06  DCAP64
FILLDECAP_T_2_1053                     0           0   1.471e-06   1.471e-06  DCAP64
FILLDECAP_T_1_298                      0           0   1.471e-06   1.471e-06  DCAP64
FILLDECAP_T_2_1052                     0           0   1.471e-06   1.471e-06  DCAP64
FILLDECAP_T_1_297                      0           0   1.471e-06   1.471e-06  DCAP64
FILLDECAP_T_2_1051                     0           0   1.471e-06   1.471e-06  DCAP64
FILLDECAP_T_1_296                      0           0   1.471e-06   1.471e-06  DCAP64
FILLDECAP_T_2_1050                     0           0   1.471e-06   1.471e-06  DCAP64
FILLDECAP_T_1_947                      0           0   1.471e-06   1.471e-06  DCAP64
FILLDECAP_T_1_295                      0           0   1.471e-06   1.471e-06  DCAP64
FILLDECAP_T_2_1049                     0           0   1.471e-06   1.471e-06  DCAP64
FILLDECAP_T_1_294                      0           0   1.471e-06   1.471e-06  DCAP64
FILLDECAP_T_2_1048                     0           0   1.471e-06   1.471e-06  DCAP64
FILLDECAP_T_1_293                      0           0   1.471e-06   1.471e-06  DCAP64
FILLDECAP_T_2_1047                     0           0   1.471e-06   1.471e-06  DCAP64
FILLDECAP_T_1_946                      0           0   1.471e-06   1.471e-06  DCAP64
FILLDECAP_T_1_945                      0           0   1.471e-06   1.471e-06  DCAP64
FILLDECAP_T_1_944                      0           0   1.471e-06   1.471e-06  DCAP64
FILLDECAP_T_1_943                      0           0   1.471e-06   1.471e-06  DCAP64
FILLDECAP_T_1_334                      0           0   1.471e-06   1.471e-06  DCAP64
FILLDECAP_T_1_333                      0           0   1.471e-06   1.471e-06  DCAP64
FILLDECAP_T_1_332                      0           0   1.471e-06   1.471e-06  DCAP64
FILLDECAP_T_1_331                      0           0   1.471e-06   1.471e-06  DCAP64
FILLDECAP_T_1_330                      0           0   1.471e-06   1.471e-06  DCAP64
FILLDECAP_T_1_33                       0           0   1.471e-06   1.471e-06  DCAP64
FILLDECAP_T_1_942                      0           0   1.471e-06   1.471e-06  DCAP64
FILLDECAP_T_1_329                      0           0   1.471e-06   1.471e-06  DCAP64
FILLDECAP_T_1_328                      0           0   1.471e-06   1.471e-06  DCAP64
FILLDECAP_T_1_327                      0           0   1.471e-06   1.471e-06  DCAP64
FILLDECAP_T_1_326                      0           0   1.471e-06   1.471e-06  DCAP64
FILLDECAP_T_1_325                      0           0   1.471e-06   1.471e-06  DCAP64
FILLDECAP_T_1_324                      0           0   1.471e-06   1.471e-06  DCAP64
FILLDECAP_T_1_323                      0           0   1.471e-06   1.471e-06  DCAP64
FILLDECAP_T_1_890                      0           0   1.471e-06   1.471e-06  DCAP64
FILLDECAP_T_2_103                      0           0   1.471e-06   1.471e-06  DCAP64
FILLDECAP_T_1_322                      0           0   1.471e-06   1.471e-06  DCAP64
FILLDECAP_T_1_889                      0           0   1.471e-06   1.471e-06  DCAP64
FILLDECAP_T_2_102                      0           0   1.471e-06   1.471e-06  DCAP64
FILLDECAP_T_1_321                      0           0   1.471e-06   1.471e-06  DCAP64
FILLDECAP_T_1_320                      0           0   1.471e-06   1.471e-06  DCAP64
FILLDECAP_T_1_319                      0           0   1.471e-06   1.471e-06  DCAP64
FILLDECAP_T_1_318                      0           0   1.471e-06   1.471e-06  DCAP64
FILLDECAP_T_1_704                      0           0   1.471e-06   1.471e-06  DCAP64
FILLDECAP_T_2_877                      0           0   1.471e-06   1.471e-06  DCAP64
FILLDECAP_T_1_703                      0           0   1.471e-06   1.471e-06  DCAP64
FILLDECAP_T_2_876                      0           0   1.471e-06   1.471e-06  DCAP64
FILLDECAP_T_1_702                      0           0   1.471e-06   1.471e-06  DCAP64
FILLDECAP_T_1_701                      0           0   1.471e-06   1.471e-06  DCAP64
ENDCAP_224                             0           0   8.028e-09   8.028e-09  DCAP
FILLDECAP_T_1_700                      0           0   1.471e-06   1.471e-06  DCAP64
ENDCAP_223                             0           0   8.028e-09   8.028e-09  DCAP
FILLDECAP_T_1_699                      0           0   1.471e-06   1.471e-06  DCAP64
ENDCAP_222                             0           0   8.028e-09   8.028e-09  DCAP
FILLDECAP_T_1_698                      0           0   1.471e-06   1.471e-06  DCAP64
FILLDECAP_T_2_614                      0           0   1.471e-06   1.471e-06  DCAP64
ENDCAP_221                             0           0   8.028e-09   8.028e-09  DCAP
FILLDECAP_T_1_3                        0           0   1.471e-06   1.471e-06  DCAP64
FILLDECAP_T_1_1073                     0           0   1.471e-06   1.471e-06  DCAP64
FILLDECAP_T_4_123                      0           0   1.471e-06   1.471e-06  DCAP64
FILLDECAP_T_1_697                      0           0   1.471e-06   1.471e-06  DCAP64
FILLDECAP_T_2_613                      0           0   1.471e-06   1.471e-06  DCAP64
ENDCAP_220                             0           0   8.028e-09   8.028e-09  DCAP
FILLDECAP_T_1_696                      0           0   1.471e-06   1.471e-06  DCAP64
FILLDECAP_T_2_612                      0           0   1.471e-06   1.471e-06  DCAP64
ENDCAP_219                             0           0   8.028e-09   8.028e-09  DCAP
FILLDECAP_T_1_1376                     0           0   1.471e-06   1.471e-06  DCAP64
FILLDECAP_T_1_695                      0           0   1.471e-06   1.471e-06  DCAP64
FILLDECAP_T_2_611                      0           0   1.471e-06   1.471e-06  DCAP64
ENDCAP_218                             0           0   8.028e-09   8.028e-09  DCAP
FILLDECAP_T_1_1375                     0           0   1.471e-06   1.471e-06  DCAP64
FILLDECAP_T_1_694                      0           0   1.471e-06   1.471e-06  DCAP64
FILLDECAP_T_2_610                      0           0   1.471e-06   1.471e-06  DCAP64
ENDCAP_217                             0           0   8.028e-09   8.028e-09  DCAP
FILLDECAP_T_1_1374                     0           0   1.471e-06   1.471e-06  DCAP64
FILLDECAP_T_1_693                      0           0   1.471e-06   1.471e-06  DCAP64
FILLDECAP_T_2_609                      0           0   1.471e-06   1.471e-06  DCAP64
ENDCAP_216                             0           0   8.028e-09   8.028e-09  DCAP
FILLDECAP_T_1_1373                     0           0   1.471e-06   1.471e-06  DCAP64
FILLDECAP_T_1_692                      0           0   1.471e-06   1.471e-06  DCAP64
FILLDECAP_T_2_608                      0           0   1.471e-06   1.471e-06  DCAP64
ENDCAP_215                             0           0   8.028e-09   8.028e-09  DCAP
FILLDECAP_T_1_1372                     0           0   1.471e-06   1.471e-06  DCAP64
FILLDECAP_T_1_691                      0           0   1.471e-06   1.471e-06  DCAP64
FILLDECAP_T_2_607                      0           0   1.471e-06   1.471e-06  DCAP64
ENDCAP_214                             0           0   8.028e-09   8.028e-09  DCAP
FILLDECAP_T_1_1371                     0           0   1.471e-06   1.471e-06  DCAP64
FILLDECAP_T_1_690                      0           0   1.471e-06   1.471e-06  DCAP64
FILLDECAP_T_2_606                      0           0   1.471e-06   1.471e-06  DCAP64
ENDCAP_213                             0           0   8.028e-09   8.028e-09  DCAP
FILLDECAP_T_1_1370                     0           0   1.471e-06   1.471e-06  DCAP64
FILLDECAP_T_2_45                       0           0   1.471e-06   1.471e-06  DCAP64
FILLDECAP_T_1_292                      0           0   1.471e-06   1.471e-06  DCAP64
FILLDECAP_T_1_689                      0           0   1.471e-06   1.471e-06  DCAP64
FILLDECAP_T_2_605                      0           0   1.471e-06   1.471e-06  DCAP64
ENDCAP_212                             0           0   8.028e-09   8.028e-09  DCAP
FILLDECAP_T_1_1369                     0           0   1.471e-06   1.471e-06  DCAP64
FILLDECAP_T_2_44                       0           0   1.471e-06   1.471e-06  DCAP64
FILLDECAP_T_1_291                      0           0   1.471e-06   1.471e-06  DCAP64
FILLDECAP_T_1_688                      0           0   1.471e-06   1.471e-06  DCAP64
FILLDECAP_T_1_1368                     0           0   1.471e-06   1.471e-06  DCAP64
FILLDECAP_T_2_43                       0           0   1.471e-06   1.471e-06  DCAP64
FILLDECAP_T_1_290                      0           0   1.471e-06   1.471e-06  DCAP64
FILLDECAP_T_2_138                      0           0   1.471e-06   1.471e-06  DCAP64
FILLDECAP_T_2_137                      0           0   1.471e-06   1.471e-06  DCAP64
FILLDECAP_T_2_136                      0           0   1.471e-06   1.471e-06  DCAP64
FILLDECAP_T_2_135                      0           0   1.471e-06   1.471e-06  DCAP64
FILLDECAP_T_2_134                      0           0   1.471e-06   1.471e-06  DCAP64
FILLDECAP_T_2_133                      0           0   1.471e-06   1.471e-06  DCAP64
FILLDECAP_T_2_132                      0           0   1.471e-06   1.471e-06  DCAP64
FILLDECAP_T_2_131                      0           0   1.471e-06   1.471e-06  DCAP64
FILLDECAP_T_2_130                      0           0   1.471e-06   1.471e-06  DCAP64
FILLDECAP_T_5_174                      0           0   1.471e-06   1.471e-06  DCAP64
FILLDECAP_T_2_247                      0           0   1.471e-06   1.471e-06  DCAP64
FILLDECAP_T_1_262                      0           0   1.471e-06   1.471e-06  DCAP64
FILLDECAP_T_1_261                      0           0   1.471e-06   1.471e-06  DCAP64
FILLDECAP_T_5_1081                     0           0   1.471e-06   1.471e-06  DCAP64
FILLDECAP_T_4_46                       0           0   1.471e-06   1.471e-06  DCAP64
FILLDECAP_T_4_1208                     0           0   1.471e-06   1.471e-06  DCAP64
FILLDECAP_T_1_260                      0           0   3.013e-07   3.013e-07  DCAP16
FILLDECAP_T_5_1080                     0           0   1.471e-06   1.471e-06  DCAP64
FILLDECAP_T_4_45                       0           0   1.471e-06   1.471e-06  DCAP64
FILLDECAP_T_4_1206                     0           0   8.028e-09   8.028e-09  DCAP
FILLDECAP_T_1_259                      0           0   1.471e-06   1.471e-06  DCAP64
FILLDECAP_T_5_1079                     0           0   1.471e-06   1.471e-06  DCAP64
FILLDECAP_T_4_44                       0           0   1.471e-06   1.471e-06  DCAP64
FILLDECAP_T_4_1205                     0           0   1.846e-08   1.846e-08  DCAP4
FILLDECAP_T_1_258                      0           0   1.471e-06   1.471e-06  DCAP64
FILLDECAP_T_5_1078                     0           0   1.471e-06   1.471e-06  DCAP64
FILLDECAP_T_4_43                       0           0   1.471e-06   1.471e-06  DCAP64
FILLDECAP_T_4_1204                     0           0   7.166e-07   7.166e-07  DCAP32
FILLDECAP_T_1_257                      0           0   1.471e-06   1.471e-06  DCAP64
FILLDECAP_T_5_1077                     0           0   1.471e-06   1.471e-06  DCAP64
FILLDECAP_T_4_42                       0           0   1.471e-06   1.471e-06  DCAP64
FILLDECAP_T_4_1203                     0           0   1.471e-06   1.471e-06  DCAP64
FILLDECAP_T_1_256                      0           0   1.471e-06   1.471e-06  DCAP64
FILLDECAP_T_5_1076                     0           0   1.471e-06   1.471e-06  DCAP64
FILLDECAP_T_4_41                       0           0   1.471e-06   1.471e-06  DCAP64
FILLDECAP_T_4_1202                     0           0   1.471e-06   1.471e-06  DCAP64
FILLDECAP_T_1_255                      0           0   1.471e-06   1.471e-06  DCAP64
FILLDECAP_T_5_1075                     0           0   1.471e-06   1.471e-06  DCAP64
FILLDECAP_T_4_40                       0           0   1.471e-06   1.471e-06  DCAP64
FILLDECAP_T_4_1201                     0           0   1.471e-06   1.471e-06  DCAP64
FILLDECAP_T_1_254                      0           0   1.471e-06   1.471e-06  DCAP64
FILLDECAP_T_5_1074                     0           0   1.471e-06   1.471e-06  DCAP64
FILLDECAP_T_4_39                       0           0   1.471e-06   1.471e-06  DCAP64
FILLDECAP_T_4_1200                     0           0   1.471e-06   1.471e-06  DCAP64
FILLDECAP_T_1_253                      0           0   1.471e-06   1.471e-06  DCAP64
FILLDECAP_T_5_1073                     0           0   1.471e-06   1.471e-06  DCAP64
FILLDECAP_T_4_38                       0           0   1.471e-06   1.471e-06  DCAP64
FILLDECAP_T_4_1199                     0           0   1.471e-06   1.471e-06  DCAP64
FILLDECAP_T_1_252                      0           0   1.471e-06   1.471e-06  DCAP64
FILLDECAP_T_5_1072                     0           0   1.471e-06   1.471e-06  DCAP64
FILLDECAP_T_4_37                       0           0   1.471e-06   1.471e-06  DCAP64
FILLDECAP_T_4_1198                     0           0   1.471e-06   1.471e-06  DCAP64
FILLDECAP_T_1_251                      0           0   1.471e-06   1.471e-06  DCAP64
FILLDECAP_T_5_1071                     0           0   1.471e-06   1.471e-06  DCAP64
FILLDECAP_T_4_36                       0           0   1.471e-06   1.471e-06  DCAP64
FILLDECAP_T_4_1197                     0           0   1.471e-06   1.471e-06  DCAP64
FILLDECAP_T_1_250                      0           0   1.471e-06   1.471e-06  DCAP64
FILLDECAP_T_5_1070                     0           0   1.471e-06   1.471e-06  DCAP64
FILLDECAP_T_4_35                       0           0   1.471e-06   1.471e-06  DCAP64
FILLDECAP_T_4_1196                     0           0   1.471e-06   1.471e-06  DCAP64
FILLDECAP_T_1_249                      0           0   1.471e-06   1.471e-06  DCAP64
FILLDECAP_T_1_248                      0           0   1.471e-06   1.471e-06  DCAP64
FILLDECAP_T_1_247                      0           0   1.471e-06   1.471e-06  DCAP64
FILLDECAP_T_1_246                      0           0   1.471e-06   1.471e-06  DCAP64
FILLDECAP_T_1_245                      0           0   1.471e-06   1.471e-06  DCAP64
FILLDECAP_T_1_244                      0           0   1.471e-06   1.471e-06  DCAP64
FILLDECAP_T_1_243                      0           0   1.471e-06   1.471e-06  DCAP64
FILLDECAP_T_1_242                      0           0   1.471e-06   1.471e-06  DCAP64
FILLDECAP_T_1_241                      0           0   1.471e-06   1.471e-06  DCAP64
FILLDECAP_T_1_240                      0           0   1.471e-06   1.471e-06  DCAP64
FILLDECAP_T_1_239                      0           0   1.471e-06   1.471e-06  DCAP64
FILLDECAP_T_2_1077                     0           0   1.471e-06   1.471e-06  DCAP64
FILLDECAP_T_1_238                      0           0   1.471e-06   1.471e-06  DCAP64
FILLDECAP_T_2_1076                     0           0   1.471e-06   1.471e-06  DCAP64
FILLDECAP_T_1_237                      0           0   1.471e-06   1.471e-06  DCAP64
FILLDECAP_T_2_1075                     0           0   1.471e-06   1.471e-06  DCAP64
FILLDECAP_T_1_236                      0           0   1.471e-06   1.471e-06  DCAP64
FILLDECAP_T_1_235                      0           0   1.471e-06   1.471e-06  DCAP64
FILLDECAP_T_1_234                      0           0   1.471e-06   1.471e-06  DCAP64
FILLDECAP_T_5_1238                     0           0   1.471e-06   1.471e-06  DCAP64
FILLDECAP_T_2_952                      0           0   1.471e-06   1.471e-06  DCAP64
FILLDECAP_T_5_1237                     0           0   1.471e-06   1.471e-06  DCAP64
FILLDECAP_T_2_951                      0           0   1.471e-06   1.471e-06  DCAP64
FILLDECAP_T_2_444                      0           0   1.471e-06   1.471e-06  DCAP64
FILLDECAP_T_5_1236                     0           0   1.471e-06   1.471e-06  DCAP64
FILLDECAP_T_2_950                      0           0   1.471e-06   1.471e-06  DCAP64
FILLDECAP_T_5_1044                     0           0   1.471e-06   1.471e-06  DCAP64
FILLDECAP_T_4_9                        0           0   1.471e-06   1.471e-06  DCAP64
FILLDECAP_T_2_1095                     0           0   1.471e-06   1.471e-06  DCAP64
FILLDECAP_T_1_533                      0           0   1.471e-06   1.471e-06  DCAP64
FILLDECAP_T_2_443                      0           0   1.471e-06   1.471e-06  DCAP64
FILLDECAP_T_5_1235                     0           0   1.471e-06   1.471e-06  DCAP64
FILLDECAP_T_2_949                      0           0   1.471e-06   1.471e-06  DCAP64
FILLDECAP_T_5_1043                     0           0   1.471e-06   1.471e-06  DCAP64
FILLDECAP_T_4_8                        0           0   1.471e-06   1.471e-06  DCAP64
FILLDECAP_T_2_1094                     0           0   1.471e-06   1.471e-06  DCAP64
FILLDECAP_T_1_532                      0           0   1.471e-06   1.471e-06  DCAP64
FILLDECAP_T_2_442                      0           0   1.471e-06   1.471e-06  DCAP64
FILLDECAP_T_5_1234                     0           0   1.471e-06   1.471e-06  DCAP64
FILLDECAP_T_2_948                      0           0   1.471e-06   1.471e-06  DCAP64
FILLDECAP_T_5_1042                     0           0   1.471e-06   1.471e-06  DCAP64
FILLDECAP_T_4_7                        0           0   1.471e-06   1.471e-06  DCAP64
FILLDECAP_T_2_1093                     0           0   1.471e-06   1.471e-06  DCAP64
FILLDECAP_T_1_531                      0           0   1.471e-06   1.471e-06  DCAP64
FILLDECAP_T_2_441                      0           0   1.471e-06   1.471e-06  DCAP64
FILLDECAP_T_5_1233                     0           0   1.471e-06   1.471e-06  DCAP64
FILLDECAP_T_2_947                      0           0   1.471e-06   1.471e-06  DCAP64
FILLDECAP_T_5_1041                     0           0   1.471e-06   1.471e-06  DCAP64
FILLDECAP_T_4_6                        0           0   1.471e-06   1.471e-06  DCAP64
FILLDECAP_T_2_1092                     0           0   1.471e-06   1.471e-06  DCAP64
FILLDECAP_T_1_530                      0           0   1.471e-06   1.471e-06  DCAP64
FILLDECAP_T_2_440                      0           0   1.471e-06   1.471e-06  DCAP64
FILLDECAP_T_2_946                      0           0   1.471e-06   1.471e-06  DCAP64
ENDCAP_364                             0           0   8.028e-09   8.028e-09  DCAP
FILLDECAP_T_5_1040                     0           0   1.471e-06   1.471e-06  DCAP64
FILLDECAP_T_4_5                        0           0   1.471e-06   1.471e-06  DCAP64
FILLDECAP_T_2_1091                     0           0   1.471e-06   1.471e-06  DCAP64
FILLDECAP_T_1_529                      0           0   1.471e-06   1.471e-06  DCAP64
FILLDECAP_T_2_439                      0           0   1.471e-06   1.471e-06  DCAP64
FILLDECAP_T_2_945                      0           0   1.471e-06   1.471e-06  DCAP64
ENDCAP_363                             0           0   8.028e-09   8.028e-09  DCAP
FILLDECAP_T_5_1039                     0           0   1.471e-06   1.471e-06  DCAP64
FILLDECAP_T_4_4                        0           0   1.471e-06   1.471e-06  DCAP64
FILLDECAP_T_2_1090                     0           0   1.471e-06   1.471e-06  DCAP64
FILLDECAP_T_1_528                      0           0   1.471e-06   1.471e-06  DCAP64
FILLDECAP_T_2_438                      0           0   1.471e-06   1.471e-06  DCAP64
FILLDECAP_T_2_944                      0           0   1.471e-06   1.471e-06  DCAP64
ENDCAP_362                             0           0   8.028e-09   8.028e-09  DCAP
FILLDECAP_T_5_1038                     0           0   1.471e-06   1.471e-06  DCAP64
FILLDECAP_T_4_3                        0           0   1.471e-06   1.471e-06  DCAP64
FILLDECAP_T_2_1089                     0           0   1.471e-06   1.471e-06  DCAP64
FILLDECAP_T_1_527                      0           0   1.471e-06   1.471e-06  DCAP64
FILLDECAP_T_2_437                      0           0   1.471e-06   1.471e-06  DCAP64
FILLDECAP_T_2_943                      0           0   8.028e-09   8.028e-09  DCAP
ENDCAP_361                             0           0   8.028e-09   8.028e-09  DCAP
FILLDECAP_T_5_1037                     0           0   1.471e-06   1.471e-06  DCAP64
FILLDECAP_T_4_2                        0           0   1.471e-06   1.471e-06  DCAP64
FILLDECAP_T_2_1088                     0           0   1.471e-06   1.471e-06  DCAP64
FILLDECAP_T_1_526                      0           0   1.471e-06   1.471e-06  DCAP64
FILLDECAP_T_2_436                      0           0   1.471e-06   1.471e-06  DCAP64
FILLDECAP_T_2_942                      0           0   1.331e-07   1.331e-07  DCAP8
ENDCAP_360                             0           0   8.028e-09   8.028e-09  DCAP
FILLDECAP_T_2_435                      0           0   1.471e-06   1.471e-06  DCAP64
FILLDECAP_T_2_941                      0           0   1.471e-06   1.471e-06  DCAP64
ENDCAP_359                             0           0   8.028e-09   8.028e-09  DCAP
FILLDECAP_T_2_434                      0           0   1.471e-06   1.471e-06  DCAP64
FILLDECAP_T_2_940                      0           0   1.471e-06   1.471e-06  DCAP64
FILLDECAP_T_2_433                      0           0   1.471e-06   1.471e-06  DCAP64
FILLDECAP_T_2_939                      0           0   1.471e-06   1.471e-06  DCAP64
FILLDECAP_T_2_432                      0           0   1.471e-06   1.471e-06  DCAP64
FILLDECAP_T_2_938                      0           0   1.471e-06   1.471e-06  DCAP64
FILLDECAP_T_2_431                      0           0   1.471e-06   1.471e-06  DCAP64
FILLDECAP_T_2_937                      0           0   1.471e-06   1.471e-06  DCAP64
FILLDECAP_T_1_317                      0           0   1.471e-06   1.471e-06  DCAP64
FILLDECAP_T_5_1315                     0           0   1.846e-08   1.846e-08  DCAP4
FILLDECAP_T_1_823                      0           0   1.471e-06   1.471e-06  DCAP64
FILLDECAP_T_5_1160                     0           0   1.471e-06   1.471e-06  DCAP64
FILLDECAP_T_2_1071                     0           0   1.471e-06   1.471e-06  DCAP64
FILLDECAP_T_2_430                      0           0   3.013e-07   3.013e-07  DCAP16
FILLDECAP_T_2_936                      0           0   1.471e-06   1.471e-06  DCAP64
FILLDECAP_T_1_714                      0           0   1.471e-06   1.471e-06  DCAP64
FILLDECAP_T_4_102                      0           0   1.471e-06   1.471e-06  DCAP64
FILLDECAP_T_1_316                      0           0   3.013e-07   3.013e-07  DCAP16
FILLDECAP_T_5_1314                     0           0   1.331e-07   1.331e-07  DCAP8
FILLDECAP_T_1_822                      0           0   1.471e-06   1.471e-06  DCAP64
FILLDECAP_T_5_1159                     0           0   1.471e-06   1.471e-06  DCAP64
FILLDECAP_T_2_1070                     0           0   1.471e-06   1.471e-06  DCAP64
FILLDECAP_T_2_429                      0           0   1.471e-06   1.471e-06  DCAP64
FILLDECAP_T_2_935                      0           0   1.471e-06   1.471e-06  DCAP64
FILLDECAP_T_1_713                      0           0   1.471e-06   1.471e-06  DCAP64
FILLDECAP_T_4_101                      0           0   1.471e-06   1.471e-06  DCAP64
FILLDECAP_T_1_315                      0           0   1.471e-06   1.471e-06  DCAP64
FILLDECAP_T_5_1312                     0           0   7.166e-07   7.166e-07  DCAP32
FILLDECAP_T_1_821                      0           0   1.471e-06   1.471e-06  DCAP64
FILLDECAP_T_5_1158                     0           0   1.471e-06   1.471e-06  DCAP64
FILLDECAP_T_2_1069                     0           0   1.471e-06   1.471e-06  DCAP64
FILLDECAP_T_2_428                      0           0   1.471e-06   1.471e-06  DCAP64
FILLDECAP_T_1_712                      0           0   1.471e-06   1.471e-06  DCAP64
FILLDECAP_T_4_100                      0           0   1.471e-06   1.471e-06  DCAP64
FILLDECAP_T_1_314                      0           0   1.471e-06   1.471e-06  DCAP64
FILLDECAP_T_5_1311                     0           0   1.471e-06   1.471e-06  DCAP64
FILLDECAP_T_1_820                      0           0   1.471e-06   1.471e-06  DCAP64
FILLDECAP_T_5_1157                     0           0   1.471e-06   1.471e-06  DCAP64
FILLDECAP_T_2_1068                     0           0   1.471e-06   1.471e-06  DCAP64
FILLDECAP_T_2_427                      0           0   1.471e-06   1.471e-06  DCAP64
FILLDECAP_T_1_711                      0           0   1.471e-06   1.471e-06  DCAP64
FILLDECAP_T_1_313                      0           0   1.471e-06   1.471e-06  DCAP64
FILLDECAP_T_5_1310                     0           0   1.471e-06   1.471e-06  DCAP64
FILLDECAP_T_1_819                      0           0   1.471e-06   1.471e-06  DCAP64
FILLDECAP_T_5_1156                     0           0   1.471e-06   1.471e-06  DCAP64
FILLDECAP_T_2_1067                     0           0   1.471e-06   1.471e-06  DCAP64
FILLDECAP_T_2_1078                     0           0   1.471e-06   1.471e-06  DCAP64
FILLDECAP_T_1_516                      0           0   1.471e-06   1.471e-06  DCAP64
FILLDECAP_T_2_426                      0           0   1.471e-06   1.471e-06  DCAP64
FILLDECAP_T_1_710                      0           0   1.471e-06   1.471e-06  DCAP64
FILLDECAP_T_1_312                      0           0   1.471e-06   1.471e-06  DCAP64
FILLDECAP_T_5_1309                     0           0   1.471e-06   1.471e-06  DCAP64
FILLDECAP_T_1_818                      0           0   1.471e-06   1.471e-06  DCAP64
FILLDECAP_T_5_1155                     0           0   1.471e-06   1.471e-06  DCAP64
FILLDECAP_T_2_1066                     0           0   1.471e-06   1.471e-06  DCAP64
FILLDECAP_T_2_425                      0           0   1.471e-06   1.471e-06  DCAP64
FILLDECAP_T_1_709                      0           0   1.471e-06   1.471e-06  DCAP64
FILLDECAP_T_1_311                      0           0   1.471e-06   1.471e-06  DCAP64
FILLDECAP_T_5_1307                     0           0   1.846e-08   1.846e-08  DCAP4
FILLDECAP_T_1_817                      0           0   1.471e-06   1.471e-06  DCAP64
FILLDECAP_T_5_1154                     0           0   1.471e-06   1.471e-06  DCAP64
FILLDECAP_T_2_1065                     0           0   1.471e-06   1.471e-06  DCAP64
FILLDECAP_T_2_424                      0           0   1.471e-06   1.471e-06  DCAP64
FILLDECAP_T_1_708                      0           0   1.471e-06   1.471e-06  DCAP64
FILLDECAP_T_1_310                      0           0   1.471e-06   1.471e-06  DCAP64
FILLDECAP_T_1_816                      0           0   1.471e-06   1.471e-06  DCAP64
FILLDECAP_T_5_1153                     0           0   1.471e-06   1.471e-06  DCAP64
FILLDECAP_T_2_1064                     0           0   1.471e-06   1.471e-06  DCAP64
FILLDECAP_T_2_423                      0           0   1.471e-06   1.471e-06  DCAP64
FILLDECAP_T_1_707                      0           0   1.471e-06   1.471e-06  DCAP64
FILLDECAP_T_1_309                      0           0   1.471e-06   1.471e-06  DCAP64
FILLDECAP_T_5_1152                     0           0   1.471e-06   1.471e-06  DCAP64
FILLDECAP_T_2_1063                     0           0   1.471e-06   1.471e-06  DCAP64
FILLDECAP_T_2_422                      0           0   1.471e-06   1.471e-06  DCAP64
FILLDECAP_T_1_706                      0           0   1.471e-06   1.471e-06  DCAP64
FILLDECAP_T_1_308                      0           0   1.471e-06   1.471e-06  DCAP64
FILLDECAP_T_5_1151                     0           0   1.471e-06   1.471e-06  DCAP64
FILLDECAP_T_2_1062                     0           0   1.471e-06   1.471e-06  DCAP64
FILLDECAP_T_2_421                      0           0   1.471e-06   1.471e-06  DCAP64
FILLDECAP_T_1_705                      0           0   1.471e-06   1.471e-06  DCAP64
FILLDECAP_T_1_307                      0           0   1.471e-06   1.471e-06  DCAP64
FILLDECAP_T_5_1150                     0           0   1.471e-06   1.471e-06  DCAP64
FILLDECAP_T_2_1061                     0           0   1.471e-06   1.471e-06  DCAP64
FILLDECAP_T_2_331                      0           0   1.471e-06   1.471e-06  DCAP64
FILLDECAP_T_1_206                      0           0   1.471e-06   1.471e-06  DCAP64
FILLDECAP_T_2_420                      0           0   1.471e-06   1.471e-06  DCAP64
FILLDECAP_T_1_602                      0           0   1.471e-06   1.471e-06  DCAP64
FILLDECAP_T_1_601                      0           0   3.013e-07   3.013e-07  DCAP16
FILLDECAP_T_1_600                      0           0   1.471e-06   1.471e-06  DCAP64
FILLDECAP_T_1_599                      0           0   1.471e-06   1.471e-06  DCAP64
FILLDECAP_T_1_598                      0           0   1.471e-06   1.471e-06  DCAP64
FILLDECAP_T_1_854                      0           0   1.471e-06   1.471e-06  DCAP64
FILLDECAP_T_5_1107                     0           0   1.471e-06   1.471e-06  DCAP64
FILLDECAP_T_2_129                      0           0   1.471e-06   1.471e-06  DCAP64
FILLDECAP_T_1_2                        0           0   1.471e-06   1.471e-06  DCAP64
FILLDECAP_T_1_1072                     0           0   1.471e-06   1.471e-06  DCAP64
FILLDECAP_T_4_122                      0           0   1.471e-06   1.471e-06  DCAP64
FILLDECAP_T_1_597                      0           0   1.471e-06   1.471e-06  DCAP64
FILLDECAP_T_1_853                      0           0   1.471e-06   1.471e-06  DCAP64
FILLDECAP_T_5_1106                     0           0   1.471e-06   1.471e-06  DCAP64
FILLDECAP_T_2_128                      0           0   1.471e-06   1.471e-06  DCAP64
FILLDECAP_T_1_596                      0           0   1.471e-06   1.471e-06  DCAP64
FILLDECAP_T_1_852                      0           0   1.471e-06   1.471e-06  DCAP64
FILLDECAP_T_5_1105                     0           0   1.471e-06   1.471e-06  DCAP64
FILLDECAP_T_2_127                      0           0   1.471e-06   1.471e-06  DCAP64
FILLDECAP_T_1_595                      0           0   1.471e-06   1.471e-06  DCAP64
FILLDECAP_T_1_851                      0           0   1.471e-06   1.471e-06  DCAP64
FILLDECAP_T_5_1104                     0           0   1.471e-06   1.471e-06  DCAP64
FILLDECAP_T_2_126                      0           0   1.471e-06   1.471e-06  DCAP64
FILLDECAP_T_1_594                      0           0   1.471e-06   1.471e-06  DCAP64
FILLDECAP_T_1_850                      0           0   1.471e-06   1.471e-06  DCAP64
FILLDECAP_T_5_1103                     0           0   1.471e-06   1.471e-06  DCAP64
FILLDECAP_T_2_125                      0           0   1.471e-06   1.471e-06  DCAP64
FILLDECAP_T_1_593                      0           0   1.471e-06   1.471e-06  DCAP64
FILLDECAP_T_1_849                      0           0   1.471e-06   1.471e-06  DCAP64
FILLDECAP_T_5_1102                     0           0   1.471e-06   1.471e-06  DCAP64
FILLDECAP_T_2_124                      0           0   1.471e-06   1.471e-06  DCAP64
ENDCAP_267                             0           0   8.028e-09   8.028e-09  DCAP
FILLDECAP_T_1_728                      0           0   1.471e-06   1.471e-06  DCAP64
FILLDECAP_T_2_170                      0           0   7.166e-07   7.166e-07  DCAP32
ENDCAP_211                             0           0   8.028e-09   8.028e-09  DCAP
FILLDECAP_T_2_604                      0           0   1.471e-06   1.471e-06  DCAP64
ENDCAP_266                             0           0   8.028e-09   8.028e-09  DCAP
FILLDECAP_T_1_727                      0           0   1.471e-06   1.471e-06  DCAP64
FILLDECAP_T_2_169                      0           0   1.471e-06   1.471e-06  DCAP64
ENDCAP_210                             0           0   8.028e-09   8.028e-09  DCAP
FILLDECAP_T_2_603                      0           0   1.471e-06   1.471e-06  DCAP64
ENDCAP_265                             0           0   8.028e-09   8.028e-09  DCAP
FILLDECAP_T_1_726                      0           0   1.471e-06   1.471e-06  DCAP64
FILLDECAP_T_2_168                      0           0   1.471e-06   1.471e-06  DCAP64
ENDCAP_264                             0           0   8.028e-09   8.028e-09  DCAP
FILLDECAP_T_1_725                      0           0   1.471e-06   1.471e-06  DCAP64
FILLDECAP_T_2_167                      0           0   1.471e-06   1.471e-06  DCAP64
FILLDECAP_T_1_724                      0           0   1.471e-06   1.471e-06  DCAP64
ENDCAP_263                             0           0   8.028e-09   8.028e-09  DCAP
FILLDECAP_T_2_166                      0           0   1.471e-06   1.471e-06  DCAP64
ENDCAP_262                             0           0   8.028e-09   8.028e-09  DCAP
FILLDECAP_T_1_723                      0           0   1.471e-06   1.471e-06  DCAP64
FILLDECAP_T_2_165                      0           0   1.471e-06   1.471e-06  DCAP64
ENDCAP_261                             0           0   8.028e-09   8.028e-09  DCAP
FILLDECAP_T_1_722                      0           0   1.471e-06   1.471e-06  DCAP64
FILLDECAP_T_2_164                      0           0   1.471e-06   1.471e-06  DCAP64
FILLDECAP_T_1_721                      0           0   1.471e-06   1.471e-06  DCAP64
ENDCAP_260                             0           0   8.028e-09   8.028e-09  DCAP
FILLDECAP_T_2_163                      0           0   1.471e-06   1.471e-06  DCAP64
FILLDECAP_T_1_720                      0           0   1.471e-06   1.471e-06  DCAP64
ENDCAP_259                             0           0   8.028e-09   8.028e-09  DCAP
FILLDECAP_T_2_162                      0           0   1.471e-06   1.471e-06  DCAP64
FILLDECAP_T_1_719                      0           0   1.471e-06   1.471e-06  DCAP64
FILLDECAP_T_5_607                      0           0   1.471e-06   1.471e-06  DCAP64
ENDCAP_258                             0           0   8.028e-09   8.028e-09  DCAP
FILLDECAP_T_2_161                      0           0   1.471e-06   1.471e-06  DCAP64
FILLDECAP_T_1_718                      0           0   1.471e-06   1.471e-06  DCAP64
FILLDECAP_T_5_606                      0           0   1.471e-06   1.471e-06  DCAP64
ENDCAP_257                             0           0   8.028e-09   8.028e-09  DCAP
FILLDECAP_T_2_160                      0           0   1.471e-06   1.471e-06  DCAP64
FILLDECAP_T_1_717                      0           0   1.471e-06   1.471e-06  DCAP64
FILLDECAP_T_5_605                      0           0   1.471e-06   1.471e-06  DCAP64
ENDCAP_256                             0           0   8.028e-09   8.028e-09  DCAP
FILLDECAP_T_2_159                      0           0   1.471e-06   1.471e-06  DCAP64
FILLDECAP_T_1_716                      0           0   1.471e-06   1.471e-06  DCAP64
FILLDECAP_T_5_604                      0           0   1.471e-06   1.471e-06  DCAP64
ENDCAP_255                             0           0   8.028e-09   8.028e-09  DCAP
FILLDECAP_T_1_715                      0           0   3.013e-07   3.013e-07  DCAP16
FILLDECAP_T_5_603                      0           0   1.471e-06   1.471e-06  DCAP64
ENDCAP_254                             0           0   8.028e-09   8.028e-09  DCAP
FILLDECAP_T_5_602                      0           0   1.471e-06   1.471e-06  DCAP64
ENDCAP_253                             0           0   8.028e-09   8.028e-09  DCAP
FILLDECAP_T_1_770                      0           0   1.471e-06   1.471e-06  DCAP64
FILLDECAP_T_1_769                      0           0   1.471e-06   1.471e-06  DCAP64
FILLDECAP_T_1_768                      0           0   1.471e-06   1.471e-06  DCAP64
FILLDECAP_T_1_767                      0           0   1.471e-06   1.471e-06  DCAP64
FILLDECAP_T_1_766                      0           0   1.471e-06   1.471e-06  DCAP64
FILLDECAP_T_2_845                      0           0   1.471e-06   1.471e-06  DCAP64
FILLDECAP_T_1_765                      0           0   1.471e-06   1.471e-06  DCAP64
FILLDECAP_T_2_844                      0           0   1.471e-06   1.471e-06  DCAP64
FILLDECAP_T_1_764                      0           0   1.471e-06   1.471e-06  DCAP64
FILLDECAP_T_2_843                      0           0   1.471e-06   1.471e-06  DCAP64
FILLDECAP_T_1_616                      0           0   1.471e-06   1.471e-06  DCAP64
FILLDECAP_T_1_763                      0           0   1.471e-06   1.471e-06  DCAP64
FILLDECAP_T_2_842                      0           0   1.471e-06   1.471e-06  DCAP64
FILLDECAP_T_1_615                      0           0   1.471e-06   1.471e-06  DCAP64
FILLDECAP_T_1_762                      0           0   1.471e-06   1.471e-06  DCAP64
FILLDECAP_T_2_841                      0           0   1.471e-06   1.471e-06  DCAP64
FILLDECAP_T_1_614                      0           0   1.471e-06   1.471e-06  DCAP64
FILLDECAP_T_1_761                      0           0   1.471e-06   1.471e-06  DCAP64
FILLDECAP_T_2_840                      0           0   1.471e-06   1.471e-06  DCAP64
FILLDECAP_T_1_613                      0           0   1.471e-06   1.471e-06  DCAP64
FILLDECAP_T_1_760                      0           0   1.471e-06   1.471e-06  DCAP64
FILLDECAP_T_1_938                      0           0   1.471e-06   1.471e-06  DCAP64
FILLDECAP_T_2_839                      0           0   1.471e-06   1.471e-06  DCAP64
FILLDECAP_T_1_612                      0           0   1.471e-06   1.471e-06  DCAP64
FILLDECAP_T_1_759                      0           0   1.471e-06   1.471e-06  DCAP64
FILLDECAP_T_1_937                      0           0   1.471e-06   1.471e-06  DCAP64
FILLDECAP_T_2_838                      0           0   1.471e-06   1.471e-06  DCAP64
FILLDECAP_T_1_611                      0           0   1.471e-06   1.471e-06  DCAP64
FILLDECAP_T_1_610                      0           0   1.471e-06   1.471e-06  DCAP64
FILLDECAP_T_1_609                      0           0   1.471e-06   1.471e-06  DCAP64
FILLDECAP_T_1_608                      0           0   1.471e-06   1.471e-06  DCAP64
FILLDECAP_T_1_607                      0           0   1.471e-06   1.471e-06  DCAP64
FILLDECAP_T_1_606                      0           0   1.471e-06   1.471e-06  DCAP64
FILLDECAP_T_1_605                      0           0   1.471e-06   1.471e-06  DCAP64
FILLDECAP_T_1_604                      0           0   1.471e-06   1.471e-06  DCAP64
FILLDECAP_T_4_962                      0           0   3.013e-07   3.013e-07  DCAP16
FILLDECAP_T_1_1305                     0           0   1.471e-06   1.471e-06  DCAP64
FILLDECAP_T_1_603                      0           0   1.471e-06   1.471e-06  DCAP64
FILLDECAP_T_4_961                      0           0   7.166e-07   7.166e-07  DCAP32
FILLDECAP_T_1_1304                     0           0   1.471e-06   1.471e-06  DCAP64
FILLDECAP_T_4_960                      0           0   1.471e-06   1.471e-06  DCAP64
FILLDECAP_T_1_1303                     0           0   1.471e-06   1.471e-06  DCAP64
FILLDECAP_T_4_959                      0           0   1.471e-06   1.471e-06  DCAP64
FILLDECAP_T_1_1302                     0           0   1.471e-06   1.471e-06  DCAP64
FILLDECAP_T_4_958                      0           0   1.471e-06   1.471e-06  DCAP64
FILLDECAP_T_1_1301                     0           0   1.471e-06   1.471e-06  DCAP64
FILLDECAP_T_4_957                      0           0   1.471e-06   1.471e-06  DCAP64
FILLDECAP_T_1_1299                     0           0   1.331e-07   1.331e-07  DCAP8
FILLDECAP_T_4_956                      0           0   1.471e-06   1.471e-06  DCAP64
FILLDECAP_T_1_1298                     0           0   8.028e-09   8.028e-09  DCAP
FILLDECAP_T_4_955                      0           0   1.471e-06   1.471e-06  DCAP64
FILLDECAP_T_1_1297                     0           0   1.846e-08   1.846e-08  DCAP4
FILLDECAP_T_4_954                      0           0   1.471e-06   1.471e-06  DCAP64
FILLDECAP_T_1_1296                     0           0   1.846e-08   1.846e-08  DCAP4
FILLDECAP_T_1_1443                     0           0   3.013e-07   3.013e-07  DCAP16
FILLDECAP_T_2_358                      0           0   1.471e-06   1.471e-06  DCAP64
FILLDECAP_T_1_1442                     0           0   1.471e-06   1.471e-06  DCAP64
FILLDECAP_T_2_357                      0           0   1.471e-06   1.471e-06  DCAP64
FILLDECAP_T_1_1441                     0           0   1.471e-06   1.471e-06  DCAP64
FILLDECAP_T_2_356                      0           0   1.471e-06   1.471e-06  DCAP64
FILLDECAP_T_1_1440                     0           0   1.471e-06   1.471e-06  DCAP64
FILLDECAP_T_1_1439                     0           0   1.471e-06   1.471e-06  DCAP64
FILLDECAP_T_1_1438                     0           0   1.471e-06   1.471e-06  DCAP64
FILLDECAP_T_1_1437                     0           0   1.471e-06   1.471e-06  DCAP64
FILLDECAP_T_1_1436                     0           0   1.471e-06   1.471e-06  DCAP64
FILLDECAP_T_1_1435                     0           0   1.471e-06   1.471e-06  DCAP64
FILLDECAP_T_1_1434                     0           0   1.471e-06   1.471e-06  DCAP64
FILLDECAP_T_1_1433                     0           0   1.471e-06   1.471e-06  DCAP64
FILLDECAP_T_5_892                      0           0   1.471e-06   1.471e-06  DCAP64
FILLDECAP_T_1_413                      0           0   1.471e-06   1.471e-06  DCAP64
FILLDECAP_T_5_891                      0           0   1.471e-06   1.471e-06  DCAP64
FILLDECAP_T_1_412                      0           0   1.471e-06   1.471e-06  DCAP64
FILLDECAP_T_5_890                      0           0   1.471e-06   1.471e-06  DCAP64
FILLDECAP_T_1_411                      0           0   1.471e-06   1.471e-06  DCAP64
FILLDECAP_T_1_410                      0           0   1.471e-06   1.471e-06  DCAP64
FILLDECAP_T_1_961                      0           0   1.471e-06   1.471e-06  DCAP64
FILLDECAP_T_2_996                      0           0   1.471e-06   1.471e-06  DCAP64
FILLDECAP_T_1_409                      0           0   1.471e-06   1.471e-06  DCAP64
FILLDECAP_T_1_960                      0           0   1.471e-06   1.471e-06  DCAP64
FILLDECAP_T_2_995                      0           0   1.471e-06   1.471e-06  DCAP64
FILLDECAP_T_1_408                      0           0   1.471e-06   1.471e-06  DCAP64
FILLDECAP_T_1_959                      0           0   1.471e-06   1.471e-06  DCAP64
FILLDECAP_T_2_994                      0           0   1.471e-06   1.471e-06  DCAP64
FILLDECAP_T_1_888                      0           0   1.471e-06   1.471e-06  DCAP64
FILLDECAP_T_1_407                      0           0   1.471e-06   1.471e-06  DCAP64
FILLDECAP_T_1_958                      0           0   1.471e-06   1.471e-06  DCAP64
FILLDECAP_T_2_993                      0           0   1.471e-06   1.471e-06  DCAP64
FILLDECAP_T_1_887                      0           0   1.471e-06   1.471e-06  DCAP64
FILLDECAP_T_1_406                      0           0   1.471e-06   1.471e-06  DCAP64
FILLDECAP_T_1_957                      0           0   1.471e-06   1.471e-06  DCAP64
FILLDECAP_T_2_992                      0           0   1.471e-06   1.471e-06  DCAP64
FILLDECAP_T_1_886                      0           0   1.471e-06   1.471e-06  DCAP64
FILLDECAP_T_4_310                      0           0   1.471e-06   1.471e-06  DCAP64
ENDCAP_64                              0           0   8.028e-09   8.028e-09  DCAP
FILLDECAP_T_1_1124                     0           0   1.471e-06   1.471e-06  DCAP64
FILLDECAP_T_2_882                      0           0   1.471e-06   1.471e-06  DCAP64
FILLDECAP_T_1_338                      0           0   1.471e-06   1.471e-06  DCAP64
ENDCAP_32                              0           0   8.028e-09   8.028e-09  DCAP
FILLDECAP_T_2_445                      0           0   1.471e-06   1.471e-06  DCAP64
FILLDECAP_T_2_602                      0           0   1.471e-06   1.471e-06  DCAP64
ENDCAP_209                             0           0   8.028e-09   8.028e-09  DCAP
FILLDECAP_T_1_1366                     0           0   1.471e-06   1.471e-06  DCAP64
FILLDECAP_T_2_41                       0           0   1.471e-06   1.471e-06  DCAP64
FILLDECAP_T_4_377                      0           0   1.471e-06   1.471e-06  DCAP64
FILLDECAP_T_2_478                      0           0   1.471e-06   1.471e-06  DCAP64
FILLDECAP_T_2_601                      0           0   1.471e-06   1.471e-06  DCAP64
ENDCAP_208                             0           0   8.028e-09   8.028e-09  DCAP
FILLDECAP_T_1_1365                     0           0   1.471e-06   1.471e-06  DCAP64
FILLDECAP_T_2_40                       0           0   1.471e-06   1.471e-06  DCAP64
FILLDECAP_T_4_376                      0           0   1.471e-06   1.471e-06  DCAP64
FILLDECAP_T_2_477                      0           0   1.471e-06   1.471e-06  DCAP64
FILLDECAP_T_2_881                      0           0   1.471e-06   1.471e-06  DCAP64
FILLDECAP_T_1_337                      0           0   1.471e-06   1.471e-06  DCAP64
ENDCAP_31                              0           0   8.028e-09   8.028e-09  DCAP
FILLDECAP_T_1_1071                     0           0   1.471e-06   1.471e-06  DCAP64
FILLDECAP_T_4_121                      0           0   1.471e-06   1.471e-06  DCAP64
FILLDECAP_T_2_417                      0           0   1.471e-06   1.471e-06  DCAP64
FILLDECAP_T_2_151                      0           0   1.471e-06   1.471e-06  DCAP64
FILLDECAP_T_5_1204                     0           0   1.471e-06   1.471e-06  DCAP64
FILLDECAP_T_1_1182                     0           0   1.471e-06   1.471e-06  DCAP64
FILLDECAP_T_1_1230                     0           0   3.013e-07   3.013e-07  DCAP16
FILLDECAP_T_2_564                      0           0   1.471e-06   1.471e-06  DCAP64
ENDCAP_171                             0           0   8.028e-09   8.028e-09  DCAP
FILLDECAP_T_1_1229                     0           0   1.471e-06   1.471e-06  DCAP64
FILLDECAP_T_2_563                      0           0   1.471e-06   1.471e-06  DCAP64
ENDCAP_170                             0           0   8.028e-09   8.028e-09  DCAP
ENDCAP_53                              0           0   8.028e-09   8.028e-09  DCAP
FILLDECAP_T_4_309                      0           0   1.471e-06   1.471e-06  DCAP64
FILLDECAP_T_1_1123                     0           0   1.471e-06   1.471e-06  DCAP64
ENDCAP_63                              0           0   8.028e-09   8.028e-09  DCAP
FILLDECAP_T_1_1388                     0           0   1.471e-06   1.471e-06  DCAP64
FILLDECAP_T_1_178                      0           0   1.471e-06   1.471e-06  DCAP64
FILLDECAP_T_1_1088                     0           0   1.471e-06   1.471e-06  DCAP64
FILLDECAP_T_5_657                      0           0   1.471e-06   1.471e-06  DCAP64
FILLDECAP_T_4_474                      0           0   1.471e-06   1.471e-06  DCAP64
FILLDECAP_T_2_63                       0           0   1.471e-06   1.471e-06  DCAP64
ENDCAP_52                              0           0   8.028e-09   8.028e-09  DCAP
FILLDECAP_T_2_902                      0           0   1.471e-06   1.471e-06  DCAP64
FILLDECAP_T_4_253                      0           0   1.471e-06   1.471e-06  DCAP64
FILLDECAP_T_1_32                       0           0   1.471e-06   1.471e-06  DCAP64
FILLDECAP_T_4_252                      0           0   1.471e-06   1.471e-06  DCAP64
FILLDECAP_T_1_31                       0           0   1.471e-06   1.471e-06  DCAP64
FILLDECAP_T_1_1070                     0           0   1.471e-06   1.471e-06  DCAP64
FILLDECAP_T_4_120                      0           0   1.471e-06   1.471e-06  DCAP64
FILLDECAP_T_2_101                      0           0   1.471e-06   1.471e-06  DCAP64
FILLDECAP_T_2_100                      0           0   1.471e-06   1.471e-06  DCAP64
FILLDECAP_T_1_964                      0           0   1.471e-06   1.471e-06  DCAP64
FILLDECAP_T_2_999                      0           0   3.013e-07   3.013e-07  DCAP16
ENDCAP_339                             0           0   8.028e-09   8.028e-09  DCAP
FILLDECAP_T_2_99                       0           0   1.471e-06   1.471e-06  DCAP64
FILLDECAP_T_1_963                      0           0   1.471e-06   1.471e-06  DCAP64
FILLDECAP_T_2_998                      0           0   1.471e-06   1.471e-06  DCAP64
ENDCAP_338                             0           0   8.028e-09   8.028e-09  DCAP
FILLDECAP_T_2_98                       0           0   1.471e-06   1.471e-06  DCAP64
FILLDECAP_T_1_962                      0           0   1.471e-06   1.471e-06  DCAP64
FILLDECAP_T_2_997                      0           0   1.471e-06   1.471e-06  DCAP64
ENDCAP_337                             0           0   8.028e-09   8.028e-09  DCAP
FILLDECAP_T_2_97                       0           0   1.471e-06   1.471e-06  DCAP64
FILLDECAP_T_2_96                       0           0   1.471e-06   1.471e-06  DCAP64
FILLDECAP_T_2_95                       0           0   1.471e-06   1.471e-06  DCAP64
FILLDECAP_T_1_623                      0           0   1.471e-06   1.471e-06  DCAP64
FILLDECAP_T_1_1062                     0           0   1.471e-06   1.471e-06  DCAP64
FILLDECAP_T_2_94                       0           0   1.471e-06   1.471e-06  DCAP64
FILLDECAP_T_1_622                      0           0   1.471e-06   1.471e-06  DCAP64
FILLDECAP_T_1_1061                     0           0   1.471e-06   1.471e-06  DCAP64
FILLDECAP_T_2_93                       0           0   1.471e-06   1.471e-06  DCAP64
FILLDECAP_T_1_621                      0           0   1.471e-06   1.471e-06  DCAP64
FILLDECAP_T_1_1060                     0           0   1.471e-06   1.471e-06  DCAP64
FILLDECAP_T_2_92                       0           0   1.471e-06   1.471e-06  DCAP64
FILLDECAP_T_1_620                      0           0   1.471e-06   1.471e-06  DCAP64
FILLDECAP_T_1_1059                     0           0   1.471e-06   1.471e-06  DCAP64
FILLDECAP_T_2_91                       0           0   1.471e-06   1.471e-06  DCAP64
FILLDECAP_T_1_619                      0           0   1.471e-06   1.471e-06  DCAP64
FILLDECAP_T_1_1058                     0           0   1.471e-06   1.471e-06  DCAP64
FILLDECAP_T_2_90                       0           0   1.471e-06   1.471e-06  DCAP64
FILLDECAP_T_1_1387                     0           0   3.013e-07   3.013e-07  DCAP16
FILLDECAP_T_1_1087                     0           0   1.471e-06   1.471e-06  DCAP64
FILLDECAP_T_5_656                      0           0   1.471e-06   1.471e-06  DCAP64
FILLDECAP_T_4_473                      0           0   1.471e-06   1.471e-06  DCAP64
FILLDECAP_T_2_62                       0           0   1.471e-06   1.471e-06  DCAP64
FILLDECAP_T_1_667                      0           0   1.471e-06   1.471e-06  DCAP64
FILLDECAP_T_2_901                      0           0   1.471e-06   1.471e-06  DCAP64
FILLDECAP_T_1_1204                     0           0   1.471e-06   1.471e-06  DCAP64
FILLDECAP_T_2_546                      0           0   1.471e-06   1.471e-06  DCAP64
FILLDECAP_T_1_1386                     0           0   1.471e-06   1.471e-06  DCAP64
FILLDECAP_T_1_1086                     0           0   1.471e-06   1.471e-06  DCAP64
FILLDECAP_T_5_655                      0           0   1.471e-06   1.471e-06  DCAP64
FILLDECAP_T_4_472                      0           0   1.471e-06   1.471e-06  DCAP64
FILLDECAP_T_2_61                       0           0   1.471e-06   1.471e-06  DCAP64
FILLDECAP_T_1_666                      0           0   1.471e-06   1.471e-06  DCAP64
FILLDECAP_T_1_1334                     0           0   1.471e-06   1.471e-06  DCAP64
FILLDECAP_T_2_900                      0           0   1.471e-06   1.471e-06  DCAP64
FILLDECAP_T_2_977                      0           0   1.471e-06   1.471e-06  DCAP64
ENDCAP_152                             0           0   8.028e-09   8.028e-09  DCAP
FILLDECAP_T_1_1203                     0           0   1.471e-06   1.471e-06  DCAP64
FILLDECAP_T_2_545                      0           0   1.471e-06   1.471e-06  DCAP64
FILLDECAP_T_1_1385                     0           0   1.471e-06   1.471e-06  DCAP64
FILLDECAP_T_1_1084                     0           0   1.846e-08   1.846e-08  DCAP4
FILLDECAP_T_5_654                      0           0   1.471e-06   1.471e-06  DCAP64
FILLDECAP_T_4_471                      0           0   1.471e-06   1.471e-06  DCAP64
FILLDECAP_T_2_60                       0           0   1.471e-06   1.471e-06  DCAP64
FILLDECAP_T_1_665                      0           0   1.471e-06   1.471e-06  DCAP64
FILLDECAP_T_1_1333                     0           0   1.471e-06   1.471e-06  DCAP64
FILLDECAP_T_1_840                      0           0   1.471e-06   1.471e-06  DCAP64
ENDCAP_81                              0           0   8.028e-09   8.028e-09  DCAP
FILLDECAP_T_1_1141                     0           0   1.471e-06   1.471e-06  DCAP64
FILLDECAP_T_2_899                      0           0   1.471e-06   1.471e-06  DCAP64
FILLDECAP_T_2_976                      0           0   1.471e-06   1.471e-06  DCAP64
ENDCAP_151                             0           0   8.028e-09   8.028e-09  DCAP
FILLDECAP_T_1_1202                     0           0   1.471e-06   1.471e-06  DCAP64
FILLDECAP_T_1_1348                     0           0   1.471e-06   1.471e-06  DCAP64
FILLDECAP_T_2_544                      0           0   1.471e-06   1.471e-06  DCAP64
FILLDECAP_T_1_1384                     0           0   1.471e-06   1.471e-06  DCAP64
FILLDECAP_T_5_653                      0           0   1.471e-06   1.471e-06  DCAP64
FILLDECAP_T_4_470                      0           0   1.471e-06   1.471e-06  DCAP64
FILLDECAP_T_2_59                       0           0   1.471e-06   1.471e-06  DCAP64
FILLDECAP_T_1_664                      0           0   1.471e-06   1.471e-06  DCAP64
FILLDECAP_T_1_1332                     0           0   1.471e-06   1.471e-06  DCAP64
FILLDECAP_T_1_839                      0           0   1.471e-06   1.471e-06  DCAP64
ENDCAP_80                              0           0   8.028e-09   8.028e-09  DCAP
FILLDECAP_T_1_1140                     0           0   1.471e-06   1.471e-06  DCAP64
FILLDECAP_T_2_898                      0           0   1.471e-06   1.471e-06  DCAP64
FILLDECAP_T_2_975                      0           0   1.471e-06   1.471e-06  DCAP64
ENDCAP_150                             0           0   8.028e-09   8.028e-09  DCAP
FILLDECAP_T_1_1198                     0           0   1.846e-08   1.846e-08  DCAP4
FILLDECAP_T_1_1347                     0           0   1.471e-06   1.471e-06  DCAP64
FILLDECAP_T_2_543                      0           0   3.013e-07   3.013e-07  DCAP16
FILLDECAP_T_1_1383                     0           0   1.471e-06   1.471e-06  DCAP64
FILLDECAP_T_5_652                      0           0   3.013e-07   3.013e-07  DCAP16
FILLDECAP_T_4_469                      0           0   1.471e-06   1.471e-06  DCAP64
FILLDECAP_T_2_58                       0           0   1.471e-06   1.471e-06  DCAP64
FILLDECAP_T_1_663                      0           0   1.471e-06   1.471e-06  DCAP64
FILLDECAP_T_1_1330                     0           0   1.846e-08   1.846e-08  DCAP4
ENDCAP_47                              0           0   8.028e-09   8.028e-09  DCAP
FILLDECAP_T_1_885                      0           0   1.471e-06   1.471e-06  DCAP64
FILLDECAP_T_1_838                      0           0   1.471e-06   1.471e-06  DCAP64
ENDCAP_79                              0           0   8.028e-09   8.028e-09  DCAP
FILLDECAP_T_1_1139                     0           0   1.471e-06   1.471e-06  DCAP64
FILLDECAP_T_2_897                      0           0   1.471e-06   1.471e-06  DCAP64
FILLDECAP_T_2_974                      0           0   1.471e-06   1.471e-06  DCAP64
ENDCAP_149                             0           0   8.028e-09   8.028e-09  DCAP
FILLDECAP_T_1_1346                     0           0   1.471e-06   1.471e-06  DCAP64
FILLDECAP_T_2_542                      0           0   1.471e-06   1.471e-06  DCAP64
FILLDECAP_T_4_303                      0           0   1.471e-06   1.471e-06  DCAP64
FILLDECAP_T_1_1117                     0           0   1.471e-06   1.471e-06  DCAP64
ENDCAP_57                              0           0   8.028e-09   8.028e-09  DCAP
FILLDECAP_T_1_1382                     0           0   1.471e-06   1.471e-06  DCAP64
FILLDECAP_T_5_651                      0           0   1.471e-06   1.471e-06  DCAP64
FILLDECAP_T_4_468                      0           0   1.471e-06   1.471e-06  DCAP64
FILLDECAP_T_2_57                       0           0   1.471e-06   1.471e-06  DCAP64
FILLDECAP_T_1_662                      0           0   1.471e-06   1.471e-06  DCAP64
FILLDECAP_T_1_1329                     0           0   1.331e-07   1.331e-07  DCAP8
ENDCAP_46                              0           0   8.028e-09   8.028e-09  DCAP
FILLDECAP_T_1_884                      0           0   1.471e-06   1.471e-06  DCAP64
FILLDECAP_T_1_837                      0           0   1.471e-06   1.471e-06  DCAP64
ENDCAP_78                              0           0   8.028e-09   8.028e-09  DCAP
FILLDECAP_T_1_1138                     0           0   1.471e-06   1.471e-06  DCAP64
FILLDECAP_T_2_896                      0           0   1.471e-06   1.471e-06  DCAP64
FILLDECAP_T_2_973                      0           0   1.471e-06   1.471e-06  DCAP64
ENDCAP_148                             0           0   8.028e-09   8.028e-09  DCAP
FILLDECAP_T_1_1345                     0           0   1.471e-06   1.471e-06  DCAP64
FILLDECAP_T_2_541                      0           0   1.471e-06   1.471e-06  DCAP64
ENDCAP_45                              0           0   8.028e-09   8.028e-09  DCAP
FILLDECAP_T_1_883                      0           0   3.013e-07   3.013e-07  DCAP16
FILLDECAP_T_1_836                      0           0   1.471e-06   1.471e-06  DCAP64
ENDCAP_77                              0           0   8.028e-09   8.028e-09  DCAP
FILLDECAP_T_1_1137                     0           0   1.471e-06   1.471e-06  DCAP64
FILLDECAP_T_2_895                      0           0   1.471e-06   1.471e-06  DCAP64
FILLDECAP_T_2_972                      0           0   1.471e-06   1.471e-06  DCAP64
ENDCAP_147                             0           0   8.028e-09   8.028e-09  DCAP
FILLDECAP_T_1_1344                     0           0   1.471e-06   1.471e-06  DCAP64
FILLDECAP_T_2_540                      0           0   1.471e-06   1.471e-06  DCAP64
FILLDECAP_T_1_676                      0           0   1.471e-06   1.471e-06  DCAP64
FILLDECAP_T_2_909                      0           0   1.471e-06   1.471e-06  DCAP64
ENDCAP_44                              0           0   8.028e-09   8.028e-09  DCAP
FILLDECAP_T_1_835                      0           0   1.471e-06   1.471e-06  DCAP64
ENDCAP_76                              0           0   8.028e-09   8.028e-09  DCAP
FILLDECAP_T_1_1136                     0           0   1.471e-06   1.471e-06  DCAP64
FILLDECAP_T_2_894                      0           0   1.471e-06   1.471e-06  DCAP64
FILLDECAP_T_2_971                      0           0   3.013e-07   3.013e-07  DCAP16
ENDCAP_146                             0           0   8.028e-09   8.028e-09  DCAP
FILLDECAP_T_1_1343                     0           0   1.471e-06   1.471e-06  DCAP64
FILLDECAP_T_2_539                      0           0   1.471e-06   1.471e-06  DCAP64
FILLDECAP_T_1_675                      0           0   1.471e-06   1.471e-06  DCAP64
FILLDECAP_T_2_908                      0           0   1.471e-06   1.471e-06  DCAP64
ENDCAP_43                              0           0   8.028e-09   8.028e-09  DCAP
FILLDECAP_T_1_834                      0           0   1.471e-06   1.471e-06  DCAP64
ENDCAP_75                              0           0   8.028e-09   8.028e-09  DCAP
FILLDECAP_T_1_1135                     0           0   1.471e-06   1.471e-06  DCAP64
FILLDECAP_T_2_893                      0           0   1.471e-06   1.471e-06  DCAP64
ENDCAP_56                              0           0   8.028e-09   8.028e-09  DCAP
FILLDECAP_T_2_970                      0           0   1.471e-06   1.471e-06  DCAP64
ENDCAP_145                             0           0   8.028e-09   8.028e-09  DCAP
FILLDECAP_T_1_1342                     0           0   1.471e-06   1.471e-06  DCAP64
FILLDECAP_T_2_538                      0           0   1.471e-06   1.471e-06  DCAP64
FILLDECAP_T_1_674                      0           0   1.471e-06   1.471e-06  DCAP64
FILLDECAP_T_2_907                      0           0   1.471e-06   1.471e-06  DCAP64
FILLDECAP_T_4_251                      0           0   1.471e-06   1.471e-06  DCAP64
FILLDECAP_T_1_30                       0           0   1.471e-06   1.471e-06  DCAP64
ENDCAP_42                              0           0   8.028e-09   8.028e-09  DCAP
FILLDECAP_T_1_833                      0           0   1.471e-06   1.471e-06  DCAP64
ENDCAP_74                              0           0   8.028e-09   8.028e-09  DCAP
FILLDECAP_T_1_1134                     0           0   1.471e-06   1.471e-06  DCAP64
FILLDECAP_T_2_892                      0           0   1.471e-06   1.471e-06  DCAP64
ENDCAP_55                              0           0   8.028e-09   8.028e-09  DCAP
FILLDECAP_T_2_969                      0           0   1.471e-06   1.471e-06  DCAP64
ENDCAP_144                             0           0   8.028e-09   8.028e-09  DCAP
FILLDECAP_T_1_1341                     0           0   1.471e-06   1.471e-06  DCAP64
FILLDECAP_T_2_537                      0           0   1.471e-06   1.471e-06  DCAP64
FILLDECAP_T_1_673                      0           0   1.471e-06   1.471e-06  DCAP64
FILLDECAP_T_2_906                      0           0   1.471e-06   1.471e-06  DCAP64
ENDCAP_41                              0           0   8.028e-09   8.028e-09  DCAP
FILLDECAP_T_1_832                      0           0   1.471e-06   1.471e-06  DCAP64
ENDCAP_73                              0           0   8.028e-09   8.028e-09  DCAP
FILLDECAP_T_1_1133                     0           0   1.471e-06   1.471e-06  DCAP64
FILLDECAP_T_2_891                      0           0   1.471e-06   1.471e-06  DCAP64
ENDCAP_54                              0           0   8.028e-09   8.028e-09  DCAP
FILLDECAP_T_2_968                      0           0   1.471e-06   1.471e-06  DCAP64
ENDCAP_143                             0           0   8.028e-09   8.028e-09  DCAP
FILLDECAP_T_1_1340                     0           0   1.471e-06   1.471e-06  DCAP64
FILLDECAP_T_2_536                      0           0   1.471e-06   1.471e-06  DCAP64
ENDCAP_40                              0           0   8.028e-09   8.028e-09  DCAP
FILLDECAP_T_1_831                      0           0   1.471e-06   1.471e-06  DCAP64
ENDCAP_72                              0           0   8.028e-09   8.028e-09  DCAP
FILLDECAP_T_1_1132                     0           0   1.471e-06   1.471e-06  DCAP64
FILLDECAP_T_2_890                      0           0   1.471e-06   1.471e-06  DCAP64
FILLDECAP_T_2_967                      0           0   1.471e-06   1.471e-06  DCAP64
ENDCAP_142                             0           0   8.028e-09   8.028e-09  DCAP
FILLDECAP_T_1_1339                     0           0   1.471e-06   1.471e-06  DCAP64
FILLDECAP_T_2_535                      0           0   1.471e-06   1.471e-06  DCAP64
FILLDECAP_T_1_345                      0           0   1.471e-06   1.471e-06  DCAP64
ENDCAP_39                              0           0   8.028e-09   8.028e-09  DCAP
FILLDECAP_T_1_830                      0           0   1.471e-06   1.471e-06  DCAP64
ENDCAP_71                              0           0   8.028e-09   8.028e-09  DCAP
FILLDECAP_T_1_1131                     0           0   1.471e-06   1.471e-06  DCAP64
FILLDECAP_T_2_889                      0           0   1.471e-06   1.471e-06  DCAP64
FILLDECAP_T_2_966                      0           0   1.471e-06   1.471e-06  DCAP64
ENDCAP_141                             0           0   8.028e-09   8.028e-09  DCAP
FILLDECAP_T_5_560                      0           0   1.471e-06   1.471e-06  DCAP64
FILLDECAP_T_1_795                      0           0   1.471e-06   1.471e-06  DCAP64
FILLDECAP_T_1_670                      0           0   1.471e-06   1.471e-06  DCAP64
FILLDECAP_T_2_534                      0           0   1.471e-06   1.471e-06  DCAP64
FILLDECAP_T_1_1338                     0           0   1.471e-06   1.471e-06  DCAP64
FILLDECAP_T_1_1246                     0           0   1.471e-06   1.471e-06  DCAP64
FILLDECAP_T_1_1245                     0           0   1.471e-06   1.471e-06  DCAP64
FILLDECAP_T_1_1244                     0           0   1.471e-06   1.471e-06  DCAP64
FILLDECAP_T_1_1243                     0           0   1.471e-06   1.471e-06  DCAP64
FILLDECAP_T_1_1242                     0           0   1.471e-06   1.471e-06  DCAP64
FILLDECAP_T_1_1241                     0           0   1.471e-06   1.471e-06  DCAP64
FILLDECAP_T_1_799                      0           0   3.013e-07   3.013e-07  DCAP16
FILLDECAP_T_2_573                      0           0   1.471e-06   1.471e-06  DCAP64
ENDCAP_180                             0           0   8.028e-09   8.028e-09  DCAP
FILLDECAP_T_1_1240                     0           0   1.471e-06   1.471e-06  DCAP64
FILLDECAP_T_4_631                      0           0   1.471e-06   1.471e-06  DCAP64
ENDCAP_309                             0           0   8.028e-09   8.028e-09  DCAP
FILLDECAP_T_1_1078                     0           0   1.471e-06   1.471e-06  DCAP64
FILLDECAP_T_4_128                      0           0   1.471e-06   1.471e-06  DCAP64
FILLDECAP_T_1_1215                     0           0   1.471e-06   1.471e-06  DCAP64
FILLDECAP_T_2_557                      0           0   1.471e-06   1.471e-06  DCAP64
FILLDECAP_T_1_1214                     0           0   1.471e-06   1.471e-06  DCAP64
FILLDECAP_T_2_556                      0           0   1.471e-06   1.471e-06  DCAP64
FILLDECAP_T_1_1213                     0           0   1.471e-06   1.471e-06  DCAP64
FILLDECAP_T_2_555                      0           0   1.471e-06   1.471e-06  DCAP64
FILLDECAP_T_1_1212                     0           0   1.471e-06   1.471e-06  DCAP64
FILLDECAP_T_2_554                      0           0   1.471e-06   1.471e-06  DCAP64
FILLDECAP_T_1_1211                     0           0   1.471e-06   1.471e-06  DCAP64
FILLDECAP_T_2_553                      0           0   1.471e-06   1.471e-06  DCAP64
FILLDECAP_T_1_1210                     0           0   1.471e-06   1.471e-06  DCAP64
FILLDECAP_T_2_552                      0           0   1.471e-06   1.471e-06  DCAP64
ENDCAP_167                             0           0   8.028e-09   8.028e-09  DCAP
FILLDECAP_T_1_1218                     0           0   1.471e-06   1.471e-06  DCAP64
FILLDECAP_T_1_1223                     0           0   1.471e-06   1.471e-06  DCAP64
FILLDECAP_T_4_650                      0           0   3.013e-07   3.013e-07  DCAP16
ENDCAP_328                             0           0   8.028e-09   8.028e-09  DCAP
FILLDECAP_T_2_150                      0           0   1.471e-06   1.471e-06  DCAP64
ENDCAP_164                             0           0   8.028e-09   8.028e-09  DCAP
FILLDECAP_T_2_989                      0           0   1.471e-06   1.471e-06  DCAP64
FILLDECAP_T_1_1181                     0           0   1.471e-06   1.471e-06  DCAP64
FILLDECAP_T_2_990                      0           0   1.471e-06   1.471e-06  DCAP64
ENDCAP_165                             0           0   8.028e-09   8.028e-09  DCAP
FILLDECAP_T_1_1216                     0           0   7.166e-07   7.166e-07  DCAP32
FILLDECAP_T_2_558                      0           0   1.471e-06   1.471e-06  DCAP64
FILLDECAP_T_1_1237                     0           0   1.471e-06   1.471e-06  DCAP64
FILLDECAP_T_5_558                      0           0   1.471e-06   1.471e-06  DCAP64
FILLDECAP_T_1_793                      0           0   1.471e-06   1.471e-06  DCAP64
FILLDECAP_T_4_635                      0           0   1.471e-06   1.471e-06  DCAP64
ENDCAP_313                             0           0   8.028e-09   8.028e-09  DCAP
FILLDECAP_T_1_1082                     0           0   1.471e-06   1.471e-06  DCAP64
FILLDECAP_T_4_132                      0           0   1.471e-06   1.471e-06  DCAP64
ENDCAP_166                             0           0   8.028e-09   8.028e-09  DCAP
FILLDECAP_T_1_1217                     0           0   1.846e-08   1.846e-08  DCAP4
FILLDECAP_T_4_249                      0           0   1.471e-06   1.471e-06  DCAP64
FILLDECAP_T_2_298                      0           0   1.471e-06   1.471e-06  DCAP64
FILLDECAP_T_1_28                       0           0   3.013e-07   3.013e-07  DCAP16
FILLDECAP_T_2_152                      0           0   1.471e-06   1.471e-06  DCAP64
FILLDECAP_T_5_1205                     0           0   1.471e-06   1.471e-06  DCAP64
FILLDECAP_T_1_1183                     0           0   1.471e-06   1.471e-06  DCAP64
FILLDECAP_T_1_1225                     0           0   1.471e-06   1.471e-06  DCAP64
FILLDECAP_T_5_694                      0           0   1.471e-06   1.471e-06  DCAP64
FILLDECAP_T_4_652                      0           0   1.471e-06   1.471e-06  DCAP64
ENDCAP_330                             0           0   8.028e-09   8.028e-09  DCAP
FILLDECAP_T_5_698                      0           0   1.471e-06   1.471e-06  DCAP64
ENDCAP_334                             0           0   8.028e-09   8.028e-09  DCAP
ENDCAP_168                             0           0   8.028e-09   8.028e-09  DCAP
FILLDECAP_T_1_1219                     0           0   1.471e-06   1.471e-06  DCAP64
FILLDECAP_T_1_1224                     0           0   1.471e-06   1.471e-06  DCAP64
FILLDECAP_T_4_651                      0           0   1.471e-06   1.471e-06  DCAP64
ENDCAP_329                             0           0   8.028e-09   8.028e-09  DCAP
FILLDECAP_T_1_1227                     0           0   1.471e-06   1.471e-06  DCAP64
FILLDECAP_T_5_696                      0           0   1.471e-06   1.471e-06  DCAP64
ENDCAP_332                             0           0   8.028e-09   8.028e-09  DCAP
ENDCAP_177                             0           0   8.028e-09   8.028e-09  DCAP
FILLDECAP_T_2_570                      0           0   1.471e-06   1.471e-06  DCAP64
FILLDECAP_T_1_1226                     0           0   1.471e-06   1.471e-06  DCAP64
FILLDECAP_T_5_695                      0           0   1.471e-06   1.471e-06  DCAP64
FILLDECAP_T_4_653                      0           0   1.471e-06   1.471e-06  DCAP64
ENDCAP_331                             0           0   8.028e-09   8.028e-09  DCAP
FILLDECAP_T_4_250                      0           0   1.471e-06   1.471e-06  DCAP64
FILLDECAP_T_2_299                      0           0   1.471e-06   1.471e-06  DCAP64
FILLDECAP_T_1_29                       0           0   1.846e-08   1.846e-08  DCAP4
FILLDECAP_T_5_834                      0           0   1.471e-06   1.471e-06  DCAP64
FILLDECAP_T_1_1228                     0           0   1.471e-06   1.471e-06  DCAP64
FILLDECAP_T_5_697                      0           0   1.471e-06   1.471e-06  DCAP64
ENDCAP_333                             0           0   8.028e-09   8.028e-09  DCAP
FILLDECAP_T_5_699                      0           0   1.471e-06   1.471e-06  DCAP64
ENDCAP_335                             0           0   8.028e-09   8.028e-09  DCAP
FILLDECAP_T_5_700                      0           0   1.471e-06   1.471e-06  DCAP64
ENDCAP_336                             0           0   8.028e-09   8.028e-09  DCAP
FILLDECAP_T_5_1317                     0           0   7.166e-07   7.166e-07  DCAP32
FILLDECAP_T_1_824                      0           0   1.471e-06   1.471e-06  DCAP64
FILLDECAP_T_5_1161                     0           0   1.471e-06   1.471e-06  DCAP64
FILLDECAP_T_2_1072                     0           0   1.471e-06   1.471e-06  DCAP64
FILLDECAP_T_5_1318                     0           0   3.013e-07   3.013e-07  DCAP16
FILLDECAP_T_1_825                      0           0   1.471e-06   1.471e-06  DCAP64
FILLDECAP_T_5_1162                     0           0   1.471e-06   1.471e-06  DCAP64
FILLDECAP_T_2_1073                     0           0   1.471e-06   1.471e-06  DCAP64
FILLDECAP_T_5_1319                     0           0   1.331e-07   1.331e-07  DCAP8
FILLDECAP_T_1_826                      0           0   1.471e-06   1.471e-06  DCAP64
FILLDECAP_T_5_1163                     0           0   1.471e-06   1.471e-06  DCAP64
FILLDECAP_T_2_1074                     0           0   1.471e-06   1.471e-06  DCAP64
FILLDECAP_T_2_153                      0           0   1.471e-06   1.471e-06  DCAP64
FILLDECAP_T_5_1206                     0           0   1.471e-06   1.471e-06  DCAP64
FILLDECAP_T_1_1184                     0           0   1.471e-06   1.471e-06  DCAP64
FILLDECAP_T_2_154                      0           0   1.471e-06   1.471e-06  DCAP64
FILLDECAP_T_5_1207                     0           0   1.471e-06   1.471e-06  DCAP64
FILLDECAP_T_1_1185                     0           0   1.471e-06   1.471e-06  DCAP64
FILLDECAP_T_5_1208                     0           0   1.471e-06   1.471e-06  DCAP64
FILLDECAP_T_1_1186                     0           0   1.471e-06   1.471e-06  DCAP64
FILLDECAP_T_2_562                      0           0   1.471e-06   1.471e-06  DCAP64
ENDCAP_169                             0           0   8.028e-09   8.028e-09  DCAP
ENDCAP_281                             0           0   8.028e-09   8.028e-09  DCAP
FILLDECAP_T_1_857                      0           0   1.471e-06   1.471e-06  DCAP64
FILLDECAP_T_1_1008                     0           0   1.471e-06   1.471e-06  DCAP64
ENDCAP_303                             0           0   8.028e-09   8.028e-09  DCAP
FILLDECAP_T_5_1209                     0           0   1.471e-06   1.471e-06  DCAP64
FILLDECAP_T_1_1187                     0           0   1.471e-06   1.471e-06  DCAP64
ENDCAP_282                             0           0   8.028e-09   8.028e-09  DCAP
FILLDECAP_T_1_858                      0           0   1.471e-06   1.471e-06  DCAP64
FILLDECAP_T_1_1009                     0           0   1.471e-06   1.471e-06  DCAP64
ENDCAP_304                             0           0   8.028e-09   8.028e-09  DCAP
FILLDECAP_T_5_1210                     0           0   1.471e-06   1.471e-06  DCAP64
FILLDECAP_T_1_1188                     0           0   1.471e-06   1.471e-06  DCAP64
ENDCAP_283                             0           0   8.028e-09   8.028e-09  DCAP
FILLDECAP_T_1_859                      0           0   1.471e-06   1.471e-06  DCAP64
FILLDECAP_T_1_1010                     0           0   1.471e-06   1.471e-06  DCAP64
ENDCAP_305                             0           0   8.028e-09   8.028e-09  DCAP
FILLDECAP_T_5_1211                     0           0   1.471e-06   1.471e-06  DCAP64
FILLDECAP_T_1_1189                     0           0   1.471e-06   1.471e-06  DCAP64
FILLDECAP_T_2_565                      0           0   1.471e-06   1.471e-06  DCAP64
ENDCAP_172                             0           0   8.028e-09   8.028e-09  DCAP
FILLDECAP_T_1_1231                     0           0   1.331e-07   1.331e-07  DCAP8
ENDCAP_284                             0           0   8.028e-09   8.028e-09  DCAP
FILLDECAP_T_1_860                      0           0   1.471e-06   1.471e-06  DCAP64
FILLDECAP_T_1_1011                     0           0   1.471e-06   1.471e-06  DCAP64
ENDCAP_306                             0           0   8.028e-09   8.028e-09  DCAP
FILLDECAP_T_5_1212                     0           0   1.471e-06   1.471e-06  DCAP64
FILLDECAP_T_1_1190                     0           0   1.471e-06   1.471e-06  DCAP64
FILLDECAP_T_1_1168                     0           0   1.471e-06   1.471e-06  DCAP64
FILLDECAP_T_2_566                      0           0   1.471e-06   1.471e-06  DCAP64
ENDCAP_173                             0           0   8.028e-09   8.028e-09  DCAP
FILLDECAP_T_1_1233                     0           0   1.471e-06   1.471e-06  DCAP64
ENDCAP_285                             0           0   8.028e-09   8.028e-09  DCAP
FILLDECAP_T_1_861                      0           0   1.471e-06   1.471e-06  DCAP64
FILLDECAP_T_1_1012                     0           0   1.471e-06   1.471e-06  DCAP64
ENDCAP_307                             0           0   8.028e-09   8.028e-09  DCAP
FILLDECAP_T_1_1320                     0           0   1.471e-06   1.471e-06  DCAP64
FILLDECAP_T_1_659                      0           0   3.013e-07   3.013e-07  DCAP16
FILLDECAP_T_1_1326                     0           0   1.471e-06   1.471e-06  DCAP64
FILLDECAP_T_5_1213                     0           0   1.471e-06   1.471e-06  DCAP64
FILLDECAP_T_1_1191                     0           0   1.471e-06   1.471e-06  DCAP64
FILLDECAP_T_1_1169                     0           0   1.471e-06   1.471e-06  DCAP64
FILLDECAP_T_2_567                      0           0   1.471e-06   1.471e-06  DCAP64
ENDCAP_174                             0           0   8.028e-09   8.028e-09  DCAP
FILLDECAP_T_1_1234                     0           0   1.471e-06   1.471e-06  DCAP64
FILLDECAP_T_4_632                      0           0   1.471e-06   1.471e-06  DCAP64
ENDCAP_310                             0           0   8.028e-09   8.028e-09  DCAP
FILLDECAP_T_1_1079                     0           0   1.471e-06   1.471e-06  DCAP64
FILLDECAP_T_4_129                      0           0   1.471e-06   1.471e-06  DCAP64
FILLDECAP_T_1_335                      0           0   1.471e-06   1.471e-06  DCAP64
ENDCAP_29                              0           0   8.028e-09   8.028e-09  DCAP
ENDCAP_286                             0           0   8.028e-09   8.028e-09  DCAP
FILLDECAP_T_1_862                      0           0   1.471e-06   1.471e-06  DCAP64
FILLDECAP_T_1_1013                     0           0   1.471e-06   1.471e-06  DCAP64
ENDCAP_308                             0           0   8.028e-09   8.028e-09  DCAP
FILLDECAP_T_1_1321                     0           0   1.471e-06   1.471e-06  DCAP64
FILLDECAP_T_1_660                      0           0   1.471e-06   1.471e-06  DCAP64
FILLDECAP_T_1_1327                     0           0   7.166e-07   7.166e-07  DCAP32
FILLDECAP_T_5_1214                     0           0   1.471e-06   1.471e-06  DCAP64
FILLDECAP_T_1_1192                     0           0   1.471e-06   1.471e-06  DCAP64
FILLDECAP_T_2_568                      0           0   1.471e-06   1.471e-06  DCAP64
ENDCAP_175                             0           0   8.028e-09   8.028e-09  DCAP
FILLDECAP_T_1_1235                     0           0   1.471e-06   1.471e-06  DCAP64
FILLDECAP_T_5_556                      0           0   1.471e-06   1.471e-06  DCAP64
FILLDECAP_T_1_791                      0           0   1.471e-06   1.471e-06  DCAP64
FILLDECAP_T_4_633                      0           0   1.471e-06   1.471e-06  DCAP64
ENDCAP_311                             0           0   8.028e-09   8.028e-09  DCAP
FILLDECAP_T_4_362                      0           0   1.471e-06   1.471e-06  DCAP64
ENDCAP_85                              0           0   8.028e-09   8.028e-09  DCAP
FILLDECAP_T_1_1080                     0           0   1.471e-06   1.471e-06  DCAP64
FILLDECAP_T_4_130                      0           0   1.471e-06   1.471e-06  DCAP64
FILLDECAP_T_2_569                      0           0   1.471e-06   1.471e-06  DCAP64
ENDCAP_176                             0           0   8.028e-09   8.028e-09  DCAP
FILLDECAP_T_1_1236                     0           0   1.471e-06   1.471e-06  DCAP64
FILLDECAP_T_5_557                      0           0   1.471e-06   1.471e-06  DCAP64
FILLDECAP_T_1_792                      0           0   1.471e-06   1.471e-06  DCAP64
FILLDECAP_T_4_634                      0           0   1.471e-06   1.471e-06  DCAP64
ENDCAP_312                             0           0   8.028e-09   8.028e-09  DCAP
FILLDECAP_T_1_1081                     0           0   1.471e-06   1.471e-06  DCAP64
FILLDECAP_T_4_131                      0           0   1.471e-06   1.471e-06  DCAP64
FILLDECAP_T_2_571                      0           0   3.013e-07   3.013e-07  DCAP16
ENDCAP_178                             0           0   8.028e-09   8.028e-09  DCAP
FILLDECAP_T_1_1238                     0           0   1.471e-06   1.471e-06  DCAP64
FILLDECAP_T_5_559                      0           0   1.471e-06   1.471e-06  DCAP64
FILLDECAP_T_1_794                      0           0   1.471e-06   1.471e-06  DCAP64
FILLDECAP_T_4_636                      0           0   1.471e-06   1.471e-06  DCAP64
ENDCAP_314                             0           0   8.028e-09   8.028e-09  DCAP
FILLDECAP_T_1_1083                     0           0   1.331e-07   1.331e-07  DCAP8
FILLDECAP_T_4_133                      0           0   1.471e-06   1.471e-06  DCAP64
FILLDECAP_T_2_275                      0           0   1.471e-06   1.471e-06  DCAP64
FILLDECAP_T_1_5                        0           0   1.471e-06   1.471e-06  DCAP64
FILLDECAP_T_4_1405                     0           0   1.471e-06   1.471e-06  DCAP64
FILLDECAP_T_2_572                      0           0   1.471e-06   1.471e-06  DCAP64
ENDCAP_179                             0           0   8.028e-09   8.028e-09  DCAP
FILLDECAP_T_1_1239                     0           0   1.471e-06   1.471e-06  DCAP64
FILLDECAP_T_4_637                      0           0   1.471e-06   1.471e-06  DCAP64
ENDCAP_315                             0           0   8.028e-09   8.028e-09  DCAP
FILLDECAP_T_2_276                      0           0   1.471e-06   1.471e-06  DCAP64
FILLDECAP_T_1_6                        0           0   1.471e-06   1.471e-06  DCAP64
FILLDECAP_T_4_1406                     0           0   1.471e-06   1.471e-06  DCAP64
FILLDECAP_T_1_1247                     0           0   1.471e-06   1.471e-06  DCAP64
FILLDECAP_T_1_1248                     0           0   1.471e-06   1.471e-06  DCAP64
FILLDECAP_T_1_1249                     0           0   1.471e-06   1.471e-06  DCAP64
FILLDECAP_T_1_336                      0           0   1.471e-06   1.471e-06  DCAP64
ENDCAP_30                              0           0   8.028e-09   8.028e-09  DCAP
ENDCAP_287                             0           0   8.028e-09   8.028e-09  DCAP
FILLDECAP_T_1_863                      0           0   1.471e-06   1.471e-06  DCAP64
FILLDECAP_T_1_1014                     0           0   1.471e-06   1.471e-06  DCAP64
FILLDECAP_T_1_661                      0           0   1.471e-06   1.471e-06  DCAP64
FILLDECAP_T_1_1328                     0           0   3.013e-07   3.013e-07  DCAP16
FILLDECAP_T_5_1215                     0           0   1.471e-06   1.471e-06  DCAP64
FILLDECAP_T_1_1193                     0           0   1.471e-06   1.471e-06  DCAP64
FILLDECAP_T_1_1250                     0           0   1.471e-06   1.471e-06  DCAP64
FILLDECAP_T_1_1251                     0           0   1.471e-06   1.471e-06  DCAP64
FILLDECAP_T_1_811                      0           0   1.471e-06   1.471e-06  DCAP64
FILLDECAP_T_2_585                      0           0   1.471e-06   1.471e-06  DCAP64
ENDCAP_192                             0           0   8.028e-09   8.028e-09  DCAP
FILLDECAP_T_1_1252                     0           0   1.471e-06   1.471e-06  DCAP64
FILLDECAP_T_1_812                      0           0   1.471e-06   1.471e-06  DCAP64
FILLDECAP_T_2_586                      0           0   1.471e-06   1.471e-06  DCAP64
ENDCAP_193                             0           0   8.028e-09   8.028e-09  DCAP
FILLDECAP_T_1_1253                     0           0   1.471e-06   1.471e-06  DCAP64
FILLDECAP_T_1_813                      0           0   1.471e-06   1.471e-06  DCAP64
ENDCAP_194                             0           0   8.028e-09   8.028e-09  DCAP
FILLDECAP_T_1_1254                     0           0   1.471e-06   1.471e-06  DCAP64
FILLDECAP_T_1_814                      0           0   1.471e-06   1.471e-06  DCAP64
ENDCAP_195                             0           0   8.028e-09   8.028e-09  DCAP
FILLDECAP_T_1_1255                     0           0   1.471e-06   1.471e-06  DCAP64
FILLDECAP_T_1_815                      0           0   1.471e-06   1.471e-06  DCAP64
ENDCAP_196                             0           0   8.028e-09   8.028e-09  DCAP
FILLDECAP_T_1_1256                     0           0   1.471e-06   1.471e-06  DCAP64
FILLDECAP_T_1_1280                     0           0   1.471e-06   1.471e-06  DCAP64
FILLDECAP_T_2_590                      0           0   1.471e-06   1.471e-06  DCAP64
ENDCAP_197                             0           0   8.028e-09   8.028e-09  DCAP
FILLDECAP_T_1_1354                     0           0   1.471e-06   1.471e-06  DCAP64
FILLDECAP_T_2_29                       0           0   1.471e-06   1.471e-06  DCAP64
FILLDECAP_T_4_639                      0           0   1.471e-06   1.471e-06  DCAP64
ENDCAP_317                             0           0   8.028e-09   8.028e-09  DCAP
FILLDECAP_T_1_340                      0           0   1.471e-06   1.471e-06  DCAP64
ENDCAP_34                              0           0   8.028e-09   8.028e-09  DCAP
FILLDECAP_T_2_447                      0           0   1.471e-06   1.471e-06  DCAP64
FILLDECAP_T_4_312                      0           0   3.013e-07   3.013e-07  DCAP16
ENDCAP_66                              0           0   8.028e-09   8.028e-09  DCAP
FILLDECAP_T_1_1126                     0           0   1.471e-06   1.471e-06  DCAP64
FILLDECAP_T_2_884                      0           0   3.013e-07   3.013e-07  DCAP16
ENDCAP_291                             0           0   8.028e-09   8.028e-09  DCAP
FILLDECAP_T_1_867                      0           0   1.471e-06   1.471e-06  DCAP64
FILLDECAP_T_1_1018                     0           0   1.471e-06   1.471e-06  DCAP64
FILLDECAP_T_5_1219                     0           0   1.471e-06   1.471e-06  DCAP64
FILLDECAP_T_1_1197                     0           0   1.471e-06   1.471e-06  DCAP64
FILLDECAP_T_1_1281                     0           0   1.471e-06   1.471e-06  DCAP64
FILLDECAP_T_2_591                      0           0   1.471e-06   1.471e-06  DCAP64
ENDCAP_198                             0           0   8.028e-09   8.028e-09  DCAP
FILLDECAP_T_1_1355                     0           0   1.471e-06   1.471e-06  DCAP64
FILLDECAP_T_2_30                       0           0   1.471e-06   1.471e-06  DCAP64
FILLDECAP_T_4_640                      0           0   1.471e-06   1.471e-06  DCAP64
ENDCAP_318                             0           0   8.028e-09   8.028e-09  DCAP
FILLDECAP_T_1_341                      0           0   1.471e-06   1.471e-06  DCAP64
ENDCAP_35                              0           0   8.028e-09   8.028e-09  DCAP
FILLDECAP_T_1_732                      0           0   1.471e-06   1.471e-06  DCAP64
FILLDECAP_T_2_191                      0           0   1.471e-06   1.471e-06  DCAP64
FILLDECAP_T_1_459                      0           0   1.471e-06   1.471e-06  DCAP64
FILLDECAP_T_1_150                      0           0   1.471e-06   1.471e-06  DCAP64
FILLDECAP_T_2_448                      0           0   1.471e-06   1.471e-06  DCAP64
FILLDECAP_T_4_313                      0           0   1.471e-06   1.471e-06  DCAP64
ENDCAP_67                              0           0   8.028e-09   8.028e-09  DCAP
FILLDECAP_T_1_1127                     0           0   1.471e-06   1.471e-06  DCAP64
FILLDECAP_T_2_885                      0           0   1.471e-06   1.471e-06  DCAP64
ENDCAP_292                             0           0   8.028e-09   8.028e-09  DCAP
FILLDECAP_T_1_868                      0           0   1.471e-06   1.471e-06  DCAP64
FILLDECAP_T_1_1019                     0           0   1.471e-06   1.471e-06  DCAP64
FILLDECAP_T_1_1282                     0           0   1.471e-06   1.471e-06  DCAP64
FILLDECAP_T_2_592                      0           0   1.471e-06   1.471e-06  DCAP64
ENDCAP_199                             0           0   8.028e-09   8.028e-09  DCAP
FILLDECAP_T_1_1356                     0           0   1.471e-06   1.471e-06  DCAP64
FILLDECAP_T_2_31                       0           0   1.471e-06   1.471e-06  DCAP64
FILLDECAP_T_4_641                      0           0   1.471e-06   1.471e-06  DCAP64
ENDCAP_319                             0           0   8.028e-09   8.028e-09  DCAP
FILLDECAP_T_1_342                      0           0   1.471e-06   1.471e-06  DCAP64
ENDCAP_36                              0           0   8.028e-09   8.028e-09  DCAP
FILLDECAP_T_4_314                      0           0   1.471e-06   1.471e-06  DCAP64
ENDCAP_68                              0           0   8.028e-09   8.028e-09  DCAP
FILLDECAP_T_1_827                      0           0   3.013e-07   3.013e-07  DCAP16
FILLDECAP_T_1_1128                     0           0   1.471e-06   1.471e-06  DCAP64
FILLDECAP_T_2_886                      0           0   1.471e-06   1.471e-06  DCAP64
FILLDECAP_T_1_869                      0           0   1.471e-06   1.471e-06  DCAP64
FILLDECAP_T_1_1020                     0           0   1.471e-06   1.471e-06  DCAP64
ENDCAP_288                             0           0   8.028e-09   8.028e-09  DCAP
FILLDECAP_T_1_864                      0           0   1.471e-06   1.471e-06  DCAP64
FILLDECAP_T_1_1015                     0           0   1.471e-06   1.471e-06  DCAP64
FILLDECAP_T_5_1216                     0           0   1.471e-06   1.471e-06  DCAP64
FILLDECAP_T_1_1194                     0           0   1.471e-06   1.471e-06  DCAP64
FILLDECAP_T_1_1283                     0           0   1.471e-06   1.471e-06  DCAP64
FILLDECAP_T_2_593                      0           0   1.471e-06   1.471e-06  DCAP64
ENDCAP_200                             0           0   8.028e-09   8.028e-09  DCAP
FILLDECAP_T_1_1357                     0           0   1.471e-06   1.471e-06  DCAP64
FILLDECAP_T_2_32                       0           0   1.471e-06   1.471e-06  DCAP64
FILLDECAP_T_4_642                      0           0   1.471e-06   1.471e-06  DCAP64
ENDCAP_320                             0           0   8.028e-09   8.028e-09  DCAP
FILLDECAP_T_1_343                      0           0   1.471e-06   1.471e-06  DCAP64
ENDCAP_37                              0           0   8.028e-09   8.028e-09  DCAP
FILLDECAP_T_4_315                      0           0   1.471e-06   1.471e-06  DCAP64
ENDCAP_69                              0           0   8.028e-09   8.028e-09  DCAP
FILLDECAP_T_1_828                      0           0   1.471e-06   1.471e-06  DCAP64
FILLDECAP_T_1_1129                     0           0   1.471e-06   1.471e-06  DCAP64
FILLDECAP_T_2_887                      0           0   1.471e-06   1.471e-06  DCAP64
FILLDECAP_T_1_668                      0           0   1.471e-06   1.471e-06  DCAP64
FILLDECAP_T_1_1284                     0           0   1.471e-06   1.471e-06  DCAP64
FILLDECAP_T_2_594                      0           0   1.471e-06   1.471e-06  DCAP64
ENDCAP_201                             0           0   8.028e-09   8.028e-09  DCAP
FILLDECAP_T_1_1358                     0           0   1.471e-06   1.471e-06  DCAP64
FILLDECAP_T_2_33                       0           0   1.471e-06   1.471e-06  DCAP64
FILLDECAP_T_5_42                       0           0   1.846e-08   1.846e-08  DCAP4
FILLDECAP_T_1_771                      0           0   3.013e-07   3.013e-07  DCAP16
FILLDECAP_T_5_171                      0           0   1.471e-06   1.471e-06  DCAP64
FILLDECAP_T_2_244                      0           0   1.471e-06   1.471e-06  DCAP64
FILLDECAP_T_4_643                      0           0   1.471e-06   1.471e-06  DCAP64
ENDCAP_321                             0           0   8.028e-09   8.028e-09  DCAP
FILLDECAP_T_1_344                      0           0   3.013e-07   3.013e-07  DCAP16
ENDCAP_38                              0           0   8.028e-09   8.028e-09  DCAP
FILLDECAP_T_1_829                      0           0   1.471e-06   1.471e-06  DCAP64
ENDCAP_70                              0           0   8.028e-09   8.028e-09  DCAP
FILLDECAP_T_1_1130                     0           0   1.471e-06   1.471e-06  DCAP64
FILLDECAP_T_2_888                      0           0   1.471e-06   1.471e-06  DCAP64
FILLDECAP_T_1_669                      0           0   1.471e-06   1.471e-06  DCAP64
FILLDECAP_T_1_1285                     0           0   1.471e-06   1.471e-06  DCAP64
FILLDECAP_T_2_595                      0           0   1.471e-06   1.471e-06  DCAP64
ENDCAP_202                             0           0   8.028e-09   8.028e-09  DCAP
FILLDECAP_T_1_1359                     0           0   3.013e-07   3.013e-07  DCAP16
FILLDECAP_T_2_34                       0           0   1.471e-06   1.471e-06  DCAP64
FILLDECAP_T_5_44                       0           0   1.471e-06   1.471e-06  DCAP64
FILLDECAP_T_1_772                      0           0   1.471e-06   1.471e-06  DCAP64
FILLDECAP_T_5_172                      0           0   1.471e-06   1.471e-06  DCAP64
FILLDECAP_T_2_245                      0           0   1.471e-06   1.471e-06  DCAP64
FILLDECAP_T_4_644                      0           0   1.471e-06   1.471e-06  DCAP64
ENDCAP_322                             0           0   8.028e-09   8.028e-09  DCAP
FILLDECAP_T_1_1286                     0           0   1.471e-06   1.471e-06  DCAP64
FILLDECAP_T_2_596                      0           0   1.471e-06   1.471e-06  DCAP64
ENDCAP_203                             0           0   8.028e-09   8.028e-09  DCAP
FILLDECAP_T_1_1360                     0           0   1.471e-06   1.471e-06  DCAP64
FILLDECAP_T_2_35                       0           0   1.471e-06   1.471e-06  DCAP64
FILLDECAP_T_5_45                       0           0   1.471e-06   1.471e-06  DCAP64
FILLDECAP_T_1_773                      0           0   1.471e-06   1.471e-06  DCAP64
FILLDECAP_T_5_173                      0           0   1.471e-06   1.471e-06  DCAP64
FILLDECAP_T_2_246                      0           0   1.471e-06   1.471e-06  DCAP64
FILLDECAP_T_4_645                      0           0   1.471e-06   1.471e-06  DCAP64
ENDCAP_323                             0           0   8.028e-09   8.028e-09  DCAP
FILLDECAP_T_1_1287                     0           0   1.471e-06   1.471e-06  DCAP64
FILLDECAP_T_2_597                      0           0   1.471e-06   1.471e-06  DCAP64
ENDCAP_204                             0           0   8.028e-09   8.028e-09  DCAP
FILLDECAP_T_1_1361                     0           0   1.471e-06   1.471e-06  DCAP64
FILLDECAP_T_2_36                       0           0   1.471e-06   1.471e-06  DCAP64
FILLDECAP_T_4_646                      0           0   1.471e-06   1.471e-06  DCAP64
ENDCAP_324                             0           0   8.028e-09   8.028e-09  DCAP
FILLDECAP_T_1_1288                     0           0   1.471e-06   1.471e-06  DCAP64
FILLDECAP_T_2_598                      0           0   1.471e-06   1.471e-06  DCAP64
ENDCAP_205                             0           0   8.028e-09   8.028e-09  DCAP
FILLDECAP_T_1_1362                     0           0   1.471e-06   1.471e-06  DCAP64
FILLDECAP_T_2_37                       0           0   1.471e-06   1.471e-06  DCAP64
FILLDECAP_T_4_647                      0           0   1.471e-06   1.471e-06  DCAP64
ENDCAP_325                             0           0   8.028e-09   8.028e-09  DCAP
FILLDECAP_T_1_1220                     0           0   1.471e-06   1.471e-06  DCAP64
FILLDECAP_T_1_1289                     0           0   1.471e-06   1.471e-06  DCAP64
FILLDECAP_T_2_599                      0           0   3.013e-07   3.013e-07  DCAP16
ENDCAP_206                             0           0   8.028e-09   8.028e-09  DCAP
FILLDECAP_T_1_1363                     0           0   1.471e-06   1.471e-06  DCAP64
FILLDECAP_T_2_38                       0           0   1.471e-06   1.471e-06  DCAP64
FILLDECAP_T_4_374                      0           0   1.471e-06   1.471e-06  DCAP64
FILLDECAP_T_2_475                      0           0   1.471e-06   1.471e-06  DCAP64
FILLDECAP_T_4_648                      0           0   1.471e-06   1.471e-06  DCAP64
ENDCAP_326                             0           0   8.028e-09   8.028e-09  DCAP
FILLDECAP_T_1_1221                     0           0   1.471e-06   1.471e-06  DCAP64
FILLDECAP_T_1_1290                     0           0   1.471e-06   1.471e-06  DCAP64
FILLDECAP_T_2_600                      0           0   1.471e-06   1.471e-06  DCAP64
ENDCAP_207                             0           0   8.028e-09   8.028e-09  DCAP
FILLDECAP_T_1_1364                     0           0   1.471e-06   1.471e-06  DCAP64
FILLDECAP_T_2_39                       0           0   1.471e-06   1.471e-06  DCAP64
FILLDECAP_T_4_375                      0           0   1.471e-06   1.471e-06  DCAP64
FILLDECAP_T_2_476                      0           0   1.471e-06   1.471e-06  DCAP64
FILLDECAP_T_4_649                      0           0   1.471e-06   1.471e-06  DCAP64
ENDCAP_327                             0           0   8.028e-09   8.028e-09  DCAP
FILLDECAP_T_1_1222                     0           0   1.471e-06   1.471e-06  DCAP64
ENDCAP_289                             0           0   8.028e-09   8.028e-09  DCAP
FILLDECAP_T_1_865                      0           0   1.471e-06   1.471e-06  DCAP64
FILLDECAP_T_1_1016                     0           0   1.471e-06   1.471e-06  DCAP64
FILLDECAP_T_5_1217                     0           0   1.471e-06   1.471e-06  DCAP64
FILLDECAP_T_1_1195                     0           0   1.471e-06   1.471e-06  DCAP64
FILLDECAP_T_1_339                      0           0   1.471e-06   1.471e-06  DCAP64
ENDCAP_33                              0           0   8.028e-09   8.028e-09  DCAP
FILLDECAP_T_2_446                      0           0   1.471e-06   1.471e-06  DCAP64
FILLDECAP_T_4_311                      0           0   1.471e-06   1.471e-06  DCAP64
ENDCAP_65                              0           0   8.028e-09   8.028e-09  DCAP
FILLDECAP_T_1_1125                     0           0   1.471e-06   1.471e-06  DCAP64
FILLDECAP_T_2_883                      0           0   1.471e-06   1.471e-06  DCAP64
ENDCAP_290                             0           0   8.028e-09   8.028e-09  DCAP
FILLDECAP_T_1_866                      0           0   1.471e-06   1.471e-06  DCAP64
FILLDECAP_T_1_1017                     0           0   1.471e-06   1.471e-06  DCAP64
FILLDECAP_T_5_1218                     0           0   1.471e-06   1.471e-06  DCAP64
FILLDECAP_T_1_1196                     0           0   1.471e-06   1.471e-06  DCAP64
FILLDECAP_T_2_418                      0           0   1.471e-06   1.471e-06  DCAP64
FILLDECAP_T_4_638                      0           0   1.471e-06   1.471e-06  DCAP64
ENDCAP_316                             0           0   8.028e-09   8.028e-09  DCAP
FILLDECAP_T_2_277                      0           0   1.471e-06   1.471e-06  DCAP64
FILLDECAP_T_1_7                        0           0   1.471e-06   1.471e-06  DCAP64
FILLDECAP_T_4_1407                     0           0   1.471e-06   1.471e-06  DCAP64
FILLDECAP_T_2_419                      0           0   1.471e-06   1.471e-06  DCAP64
FILLDECAP_T_2_278                      0           0   1.471e-06   1.471e-06  DCAP64
FILLDECAP_T_1_8                        0           0   1.471e-06   1.471e-06  DCAP64
FILLDECAP_T_4_1408                     0           0   1.471e-06   1.471e-06  DCAP64
FILLDECAP_T_1_9                        0           0   1.471e-06   1.471e-06  DCAP64
FILLDECAP_T_2_279                      0           0   1.471e-06   1.471e-06  DCAP64
FILLDECAP_T_4_1409                     0           0   1.471e-06   1.471e-06  DCAP64
FILLDECAP_T_2_280                      0           0   1.471e-06   1.471e-06  DCAP64
FILLDECAP_T_1_10                       0           0   1.471e-06   1.471e-06  DCAP64
FILLDECAP_T_4_1410                     0           0   1.471e-06   1.471e-06  DCAP64
FILLDECAP_T_4_232                      0           0   1.471e-06   1.471e-06  DCAP64
FILLDECAP_T_2_281                      0           0   1.471e-06   1.471e-06  DCAP64
FILLDECAP_T_1_11                       0           0   1.471e-06   1.471e-06  DCAP64
FILLDECAP_T_4_1411                     0           0   1.471e-06   1.471e-06  DCAP64
FILLDECAP_T_4_233                      0           0   1.471e-06   1.471e-06  DCAP64
FILLDECAP_T_2_282                      0           0   1.471e-06   1.471e-06  DCAP64
FILLDECAP_T_1_12                       0           0   1.471e-06   1.471e-06  DCAP64
FILLDECAP_T_4_1412                     0           0   1.471e-06   1.471e-06  DCAP64
FILLDECAP_T_4_234                      0           0   1.471e-06   1.471e-06  DCAP64
FILLDECAP_T_2_283                      0           0   1.471e-06   1.471e-06  DCAP64
FILLDECAP_T_1_13                       0           0   1.471e-06   1.471e-06  DCAP64
FILLDECAP_T_4_1413                     0           0   1.471e-06   1.471e-06  DCAP64
FILLDECAP_T_4_235                      0           0   1.471e-06   1.471e-06  DCAP64
FILLDECAP_T_2_284                      0           0   1.471e-06   1.471e-06  DCAP64
FILLDECAP_T_1_14                       0           0   1.471e-06   1.471e-06  DCAP64
FILLDECAP_T_4_1414                     0           0   1.471e-06   1.471e-06  DCAP64
FILLDECAP_T_4_236                      0           0   1.471e-06   1.471e-06  DCAP64
FILLDECAP_T_2_285                      0           0   1.471e-06   1.471e-06  DCAP64
FILLDECAP_T_1_15                       0           0   1.471e-06   1.471e-06  DCAP64
FILLDECAP_T_4_1415                     0           0   1.471e-06   1.471e-06  DCAP64
FILLDECAP_T_4_237                      0           0   1.471e-06   1.471e-06  DCAP64
FILLDECAP_T_2_286                      0           0   3.013e-07   3.013e-07  DCAP16
FILLDECAP_T_1_16                       0           0   1.471e-06   1.471e-06  DCAP64
FILLDECAP_T_4_1416                     0           0   1.471e-06   1.471e-06  DCAP64
FILLDECAP_T_2_79                       0           0   1.471e-06   1.471e-06  DCAP64
FILLDECAP_T_2_80                       0           0   1.471e-06   1.471e-06  DCAP64
FILLDECAP_T_2_81                       0           0   1.471e-06   1.471e-06  DCAP64
FILLDECAP_T_2_82                       0           0   1.471e-06   1.471e-06  DCAP64
FILLDECAP_T_1_1063                     0           0   1.471e-06   1.471e-06  DCAP64
FILLDECAP_T_1_624                      0           0   1.471e-06   1.471e-06  DCAP64
FILLDECAP_T_2_83                       0           0   1.471e-06   1.471e-06  DCAP64
FILLDECAP_T_1_1064                     0           0   1.471e-06   1.471e-06  DCAP64
FILLDECAP_T_1_625                      0           0   1.471e-06   1.471e-06  DCAP64
FILLDECAP_T_2_84                       0           0   3.013e-07   3.013e-07  DCAP16
FILLDECAP_T_1_1065                     0           0   1.471e-06   1.471e-06  DCAP64
FILLDECAP_T_1_626                      0           0   1.471e-06   1.471e-06  DCAP64
FILLDECAP_T_5_243                      0           0   1.471e-06   1.471e-06  DCAP64
ENDCAP_7                               0           0   8.028e-09   8.028e-09  DCAP
FILLDECAP_T_1_1315                     0           0   1.471e-06   1.471e-06  DCAP64
FILLDECAP_T_2_397                      0           0   1.471e-06   1.471e-06  DCAP64
FILLDECAP_T_2_85                       0           0   1.471e-06   1.471e-06  DCAP64
FILLDECAP_T_1_1066                     0           0   1.471e-06   1.471e-06  DCAP64
FILLDECAP_T_1_627                      0           0   1.471e-06   1.471e-06  DCAP64
FILLDECAP_T_5_244                      0           0   1.471e-06   1.471e-06  DCAP64
ENDCAP_8                               0           0   8.028e-09   8.028e-09  DCAP
FILLDECAP_T_1_1316                     0           0   1.471e-06   1.471e-06  DCAP64
FILLDECAP_T_2_398                      0           0   1.471e-06   1.471e-06  DCAP64
FILLDECAP_T_2_86                       0           0   1.471e-06   1.471e-06  DCAP64
FILLDECAP_T_1_1067                     0           0   1.471e-06   1.471e-06  DCAP64
FILLDECAP_T_1_628                      0           0   7.166e-07   7.166e-07  DCAP32
FILLDECAP_T_5_245                      0           0   1.471e-06   1.471e-06  DCAP64
ENDCAP_9                               0           0   8.028e-09   8.028e-09  DCAP
FILLDECAP_T_1_1317                     0           0   1.471e-06   1.471e-06  DCAP64
FILLDECAP_T_2_399                      0           0   1.471e-06   1.471e-06  DCAP64
FILLDECAP_T_2_87                       0           0   1.471e-06   1.471e-06  DCAP64
FILLDECAP_T_1_1068                     0           0   1.471e-06   1.471e-06  DCAP64
FILLDECAP_T_1_629                      0           0   8.028e-09   8.028e-09  DCAP
FILLDECAP_T_1_617                      0           0   1.471e-06   1.471e-06  DCAP64
FILLDECAP_T_1_1055                     0           0   1.471e-06   1.471e-06  DCAP64
FILLDECAP_T_2_88                       0           0   1.471e-06   1.471e-06  DCAP64
FILLDECAP_T_1_1069                     0           0   1.471e-06   1.471e-06  DCAP64
FILLDECAP_T_1_630                      0           0   7.166e-07   7.166e-07  DCAP32
FILLDECAP_T_1_618                      0           0   1.471e-06   1.471e-06  DCAP64
FILLDECAP_T_1_1057                     0           0   1.471e-06   1.471e-06  DCAP64
FILLDECAP_T_2_89                       0           0   1.471e-06   1.471e-06  DCAP64
FILLDECAP_T_1_1205                     0           0   1.471e-06   1.471e-06  DCAP64
FILLDECAP_T_2_547                      0           0   1.471e-06   1.471e-06  DCAP64
FILLDECAP_T_1_1206                     0           0   1.471e-06   1.471e-06  DCAP64
FILLDECAP_T_2_548                      0           0   1.471e-06   1.471e-06  DCAP64
FILLDECAP_T_1_1207                     0           0   1.471e-06   1.471e-06  DCAP64
FILLDECAP_T_2_549                      0           0   1.471e-06   1.471e-06  DCAP64
FILLDECAP_T_1_1208                     0           0   1.471e-06   1.471e-06  DCAP64
FILLDECAP_T_2_550                      0           0   1.471e-06   1.471e-06  DCAP64
FILLDECAP_T_1_1209                     0           0   1.471e-06   1.471e-06  DCAP64
FILLDECAP_T_2_551                      0           0   1.471e-06   1.471e-06  DCAP64
FILLDECAP_T_1_870                      0           0   1.471e-06   1.471e-06  DCAP64
FILLDECAP_T_1_1021                     0           0   1.471e-06   1.471e-06  DCAP64
ENDCAP_225                             0           0   8.028e-09   8.028e-09  DCAP
FILLDECAP_T_4_1052                     0           0   1.471e-06   1.471e-06  DCAP64
FILLDECAP_T_4_1401                     0           0   1.471e-06   1.471e-06  DCAP64
FILLDECAP_T_1_871                      0           0   1.471e-06   1.471e-06  DCAP64
FILLDECAP_T_1_1022                     0           0   1.471e-06   1.471e-06  DCAP64
FILLDECAP_T_4_1053                     0           0   1.471e-06   1.471e-06  DCAP64
FILLDECAP_T_1_872                      0           0   1.471e-06   1.471e-06  DCAP64
FILLDECAP_T_1_1023                     0           0   1.471e-06   1.471e-06  DCAP64
FILLDECAP_T_1_873                      0           0   1.471e-06   1.471e-06  DCAP64
FILLDECAP_T_1_1024                     0           0   1.471e-06   1.471e-06  DCAP64
FILLDECAP_T_5_640                      0           0   1.471e-06   1.471e-06  DCAP64
FILLDECAP_T_4_457                      0           0   1.471e-06   1.471e-06  DCAP64
FILLDECAP_T_2_46                       0           0   1.471e-06   1.471e-06  DCAP64
FILLDECAP_T_1_874                      0           0   1.471e-06   1.471e-06  DCAP64
FILLDECAP_T_1_1025                     0           0   1.471e-06   1.471e-06  DCAP64
FILLDECAP_T_5_641                      0           0   1.471e-06   1.471e-06  DCAP64
FILLDECAP_T_4_458                      0           0   1.471e-06   1.471e-06  DCAP64
FILLDECAP_T_2_47                       0           0   1.471e-06   1.471e-06  DCAP64
FILLDECAP_T_5_885                      0           0   1.471e-06   1.471e-06  DCAP64
FILLDECAP_T_5_475                      0           0   1.471e-06   1.471e-06  DCAP64
FILLDECAP_T_1_1026                     0           0   1.471e-06   1.471e-06  DCAP64
FILLDECAP_T_5_886                      0           0   1.471e-06   1.471e-06  DCAP64
FILLDECAP_T_5_476                      0           0   1.471e-06   1.471e-06  DCAP64
FILLDECAP_T_1_1027                     0           0   1.331e-07   1.331e-07  DCAP8
FILLDECAP_T_5_887                      0           0   1.471e-06   1.471e-06  DCAP64
FILLDECAP_T_5_477                      0           0   1.471e-06   1.471e-06  DCAP64
FILLDECAP_T_1_1029                     0           0   1.471e-06   1.471e-06  DCAP64
FILLDECAP_T_5_888                      0           0   1.471e-06   1.471e-06  DCAP64
FILLDECAP_T_5_478                      0           0   1.471e-06   1.471e-06  DCAP64
FILLDECAP_T_1_1030                     0           0   1.471e-06   1.471e-06  DCAP64
FILLDECAP_T_5_889                      0           0   1.471e-06   1.471e-06  DCAP64
FILLDECAP_T_5_479                      0           0   1.471e-06   1.471e-06  DCAP64
FILLDECAP_T_1_1031                     0           0   1.471e-06   1.471e-06  DCAP64
FILLDECAP_T_5_480                      0           0   1.471e-06   1.471e-06  DCAP64
FILLDECAP_T_1_1032                     0           0   1.471e-06   1.471e-06  DCAP64
FILLDECAP_T_5_481                      0           0   1.471e-06   1.471e-06  DCAP64
FILLDECAP_T_1_1033                     0           0   1.471e-06   1.471e-06  DCAP64
FILLDECAP_T_5_482                      0           0   1.471e-06   1.471e-06  DCAP64
FILLDECAP_T_1_1034                     0           0   1.471e-06   1.471e-06  DCAP64
FILLDECAP_T_5_483                      0           0   3.013e-07   3.013e-07  DCAP16
FILLDECAP_T_1_1035                     0           0   1.471e-06   1.471e-06  DCAP64
FILLDECAP_T_5_484                      0           0   1.471e-06   1.471e-06  DCAP64
FILLDECAP_T_1_1036                     0           0   1.471e-06   1.471e-06  DCAP64
FILLDECAP_T_5_485                      0           0   1.471e-06   1.471e-06  DCAP64
FILLDECAP_T_1_1037                     0           0   1.471e-06   1.471e-06  DCAP64
FILLDECAP_T_5_486                      0           0   1.471e-06   1.471e-06  DCAP64
FILLDECAP_T_1_1038                     0           0   1.471e-06   1.471e-06  DCAP64
FILLDECAP_T_5_487                      0           0   1.471e-06   1.471e-06  DCAP64
FILLDECAP_T_1_1039                     0           0   1.471e-06   1.471e-06  DCAP64
FILLDECAP_T_5_488                      0           0   1.471e-06   1.471e-06  DCAP64
FILLDECAP_T_4_316                      0           0   1.471e-06   1.471e-06  DCAP64
FILLDECAP_T_1_1040                     0           0   1.471e-06   1.471e-06  DCAP64
FILLDECAP_T_5_489                      0           0   1.471e-06   1.471e-06  DCAP64
FILLDECAP_T_4_317                      0           0   1.471e-06   1.471e-06  DCAP64
FILLDECAP_T_1_1041                     0           0   1.471e-06   1.471e-06  DCAP64
FILLDECAP_T_5_490                      0           0   1.471e-06   1.471e-06  DCAP64
FILLDECAP_T_4_318                      0           0   1.471e-06   1.471e-06  DCAP64
FILLDECAP_T_1_1042                     0           0   1.471e-06   1.471e-06  DCAP64
FILLDECAP_T_5_491                      0           0   1.471e-06   1.471e-06  DCAP64
FILLDECAP_T_4_319                      0           0   1.471e-06   1.471e-06  DCAP64
FILLDECAP_T_1_1043                     0           0   1.471e-06   1.471e-06  DCAP64
FILLDECAP_T_5_492                      0           0   1.471e-06   1.471e-06  DCAP64
FILLDECAP_T_4_320                      0           0   1.471e-06   1.471e-06  DCAP64
FILLDECAP_T_1_1044                     0           0   1.471e-06   1.471e-06  DCAP64
FILLDECAP_T_5_493                      0           0   1.471e-06   1.471e-06  DCAP64
FILLDECAP_T_4_321                      0           0   1.471e-06   1.471e-06  DCAP64
FILLDECAP_T_1_1045                     0           0   1.471e-06   1.471e-06  DCAP64
ENDCAP_293                             0           0   8.028e-09   8.028e-09  DCAP
FILLDECAP_T_1_1377                     0           0   1.471e-06   1.471e-06  DCAP64
FILLDECAP_T_5_646                      0           0   1.471e-06   1.471e-06  DCAP64
FILLDECAP_T_4_463                      0           0   1.471e-06   1.471e-06  DCAP64
FILLDECAP_T_2_52                       0           0   1.471e-06   1.471e-06  DCAP64
FILLDECAP_T_5_494                      0           0   1.471e-06   1.471e-06  DCAP64
FILLDECAP_T_4_322                      0           0   1.471e-06   1.471e-06  DCAP64
FILLDECAP_T_1_1046                     0           0   1.471e-06   1.471e-06  DCAP64
ENDCAP_294                             0           0   8.028e-09   8.028e-09  DCAP
FILLDECAP_T_1_1378                     0           0   1.471e-06   1.471e-06  DCAP64
FILLDECAP_T_5_647                      0           0   1.471e-06   1.471e-06  DCAP64
FILLDECAP_T_4_464                      0           0   1.471e-06   1.471e-06  DCAP64
FILLDECAP_T_2_53                       0           0   1.471e-06   1.471e-06  DCAP64
FILLDECAP_T_5_495                      0           0   1.471e-06   1.471e-06  DCAP64
FILLDECAP_T_4_323                      0           0   1.471e-06   1.471e-06  DCAP64
FILLDECAP_T_1_1047                     0           0   1.471e-06   1.471e-06  DCAP64
ENDCAP_295                             0           0   8.028e-09   8.028e-09  DCAP
FILLDECAP_T_1_1379                     0           0   1.471e-06   1.471e-06  DCAP64
FILLDECAP_T_5_648                      0           0   1.471e-06   1.471e-06  DCAP64
FILLDECAP_T_4_465                      0           0   1.471e-06   1.471e-06  DCAP64
FILLDECAP_T_2_54                       0           0   1.471e-06   1.471e-06  DCAP64
FILLDECAP_T_4_324                      0           0   1.471e-06   1.471e-06  DCAP64
FILLDECAP_T_1_1048                     0           0   1.471e-06   1.471e-06  DCAP64
FILLDECAP_T_1_1001                     0           0   1.471e-06   1.471e-06  DCAP64
ENDCAP_296                             0           0   8.028e-09   8.028e-09  DCAP
FILLDECAP_T_1_1380                     0           0   1.471e-06   1.471e-06  DCAP64
FILLDECAP_T_5_649                      0           0   1.471e-06   1.471e-06  DCAP64
FILLDECAP_T_4_466                      0           0   1.471e-06   1.471e-06  DCAP64
FILLDECAP_T_2_55                       0           0   1.471e-06   1.471e-06  DCAP64
FILLDECAP_T_4_325                      0           0   1.471e-06   1.471e-06  DCAP64
FILLDECAP_T_1_1049                     0           0   1.471e-06   1.471e-06  DCAP64
FILLDECAP_T_1_1002                     0           0   1.471e-06   1.471e-06  DCAP64
ENDCAP_297                             0           0   8.028e-09   8.028e-09  DCAP
FILLDECAP_T_1_1381                     0           0   1.471e-06   1.471e-06  DCAP64
FILLDECAP_T_5_650                      0           0   1.471e-06   1.471e-06  DCAP64
FILLDECAP_T_4_467                      0           0   1.471e-06   1.471e-06  DCAP64
FILLDECAP_T_2_56                       0           0   3.013e-07   3.013e-07  DCAP16
FILLDECAP_T_4_326                      0           0   1.471e-06   1.471e-06  DCAP64
FILLDECAP_T_4_148                      0           0   1.471e-06   1.471e-06  DCAP64
FILLDECAP_T_1_1050                     0           0   1.471e-06   1.471e-06  DCAP64
FILLDECAP_T_1_1003                     0           0   1.471e-06   1.471e-06  DCAP64
ENDCAP_298                             0           0   8.028e-09   8.028e-09  DCAP
FILLDECAP_T_4_327                      0           0   1.471e-06   1.471e-06  DCAP64
FILLDECAP_T_4_149                      0           0   1.471e-06   1.471e-06  DCAP64
FILLDECAP_T_1_1051                     0           0   1.471e-06   1.471e-06  DCAP64
FILLDECAP_T_1_1004                     0           0   1.471e-06   1.471e-06  DCAP64
ENDCAP_299                             0           0   8.028e-09   8.028e-09  DCAP
FILLDECAP_T_4_328                      0           0   1.471e-06   1.471e-06  DCAP64
FILLDECAP_T_4_150                      0           0   1.471e-06   1.471e-06  DCAP64
FILLDECAP_T_2_846                      0           0   1.471e-06   1.471e-06  DCAP64
FILLDECAP_T_1_1052                     0           0   1.471e-06   1.471e-06  DCAP64
FILLDECAP_T_1_1005                     0           0   1.471e-06   1.471e-06  DCAP64
ENDCAP_300                             0           0   8.028e-09   8.028e-09  DCAP
FILLDECAP_T_4_329                      0           0   1.471e-06   1.471e-06  DCAP64
FILLDECAP_T_4_151                      0           0   1.471e-06   1.471e-06  DCAP64
FILLDECAP_T_2_847                      0           0   1.471e-06   1.471e-06  DCAP64
FILLDECAP_T_1_1053                     0           0   1.471e-06   1.471e-06  DCAP64
FILLDECAP_T_1_855                      0           0   3.013e-07   3.013e-07  DCAP16
FILLDECAP_T_1_1006                     0           0   1.471e-06   1.471e-06  DCAP64
ENDCAP_301                             0           0   8.028e-09   8.028e-09  DCAP
FILLDECAP_T_4_330                      0           0   1.471e-06   1.471e-06  DCAP64
FILLDECAP_T_4_152                      0           0   1.471e-06   1.471e-06  DCAP64
FILLDECAP_T_2_848                      0           0   1.471e-06   1.471e-06  DCAP64
FILLDECAP_T_1_1054                     0           0   1.471e-06   1.471e-06  DCAP64
FILLDECAP_T_1_856                      0           0   1.471e-06   1.471e-06  DCAP64
FILLDECAP_T_1_1007                     0           0   1.471e-06   1.471e-06  DCAP64
ENDCAP_302                             0           0   8.028e-09   8.028e-09  DCAP
FILLDECAP_T_5_893                      0           0   1.471e-06   1.471e-06  DCAP64
FILLDECAP_T_1_414                      0           0   1.471e-06   1.471e-06  DCAP64
FILLDECAP_T_1_965                      0           0   1.471e-06   1.471e-06  DCAP64
ENDCAP_340                             0           0   8.028e-09   8.028e-09  DCAP
FILLDECAP_T_2_1000                     0           0   1.471e-06   1.471e-06  DCAP64
FILLDECAP_T_5_894                      0           0   1.471e-06   1.471e-06  DCAP64
FILLDECAP_T_1_415                      0           0   1.471e-06   1.471e-06  DCAP64
FILLDECAP_T_1_966                      0           0   7.166e-07   7.166e-07  DCAP32
ENDCAP_341                             0           0   8.028e-09   8.028e-09  DCAP
FILLDECAP_T_2_1001                     0           0   1.471e-06   1.471e-06  DCAP64
FILLDECAP_T_5_895                      0           0   1.471e-06   1.471e-06  DCAP64
FILLDECAP_T_1_416                      0           0   1.471e-06   1.471e-06  DCAP64
ENDCAP_342                             0           0   8.028e-09   8.028e-09  DCAP
FILLDECAP_T_2_1002                     0           0   1.471e-06   1.471e-06  DCAP64
FILLDECAP_T_5_896                      0           0   1.471e-06   1.471e-06  DCAP64
FILLDECAP_T_1_417                      0           0   1.471e-06   1.471e-06  DCAP64
ENDCAP_343                             0           0   8.028e-09   8.028e-09  DCAP
FILLDECAP_T_2_1003                     0           0   1.471e-06   1.471e-06  DCAP64
FILLDECAP_T_5_897                      0           0   1.471e-06   1.471e-06  DCAP64
FILLDECAP_T_1_418                      0           0   1.471e-06   1.471e-06  DCAP64
ENDCAP_344                             0           0   8.028e-09   8.028e-09  DCAP
FILLDECAP_T_2_1004                     0           0   1.471e-06   1.471e-06  DCAP64
FILLDECAP_T_5_898                      0           0   1.471e-06   1.471e-06  DCAP64
FILLDECAP_T_1_419                      0           0   1.471e-06   1.471e-06  DCAP64
ENDCAP_345                             0           0   8.028e-09   8.028e-09  DCAP
FILLDECAP_T_2_1005                     0           0   1.471e-06   1.471e-06  DCAP64
FILLDECAP_T_5_899                      0           0   1.471e-06   1.471e-06  DCAP64
FILLDECAP_T_1_420                      0           0   1.471e-06   1.471e-06  DCAP64
ENDCAP_346                             0           0   8.028e-09   8.028e-09  DCAP
FILLDECAP_T_2_1006                     0           0   1.471e-06   1.471e-06  DCAP64
FILLDECAP_T_5_900                      0           0   1.471e-06   1.471e-06  DCAP64
FILLDECAP_T_1_421                      0           0   1.471e-06   1.471e-06  DCAP64
ENDCAP_347                             0           0   8.028e-09   8.028e-09  DCAP
FILLDECAP_T_2_1007                     0           0   1.471e-06   1.471e-06  DCAP64
FILLDECAP_T_5_901                      0           0   1.471e-06   1.471e-06  DCAP64
FILLDECAP_T_1_422                      0           0   1.471e-06   1.471e-06  DCAP64
ENDCAP_348                             0           0   8.028e-09   8.028e-09  DCAP
FILLDECAP_T_2_1008                     0           0   1.471e-06   1.471e-06  DCAP64
FILLDECAP_T_5_902                      0           0   1.471e-06   1.471e-06  DCAP64
FILLDECAP_T_1_423                      0           0   1.471e-06   1.471e-06  DCAP64
ENDCAP_349                             0           0   8.028e-09   8.028e-09  DCAP
FILLDECAP_T_2_1009                     0           0   1.471e-06   1.471e-06  DCAP64
FILLDECAP_T_5_903                      0           0   1.471e-06   1.471e-06  DCAP64
FILLDECAP_T_1_424                      0           0   1.471e-06   1.471e-06  DCAP64
ENDCAP_350                             0           0   8.028e-09   8.028e-09  DCAP
FILLDECAP_T_2_1010                     0           0   1.471e-06   1.471e-06  DCAP64
FILLDECAP_T_5_904                      0           0   1.471e-06   1.471e-06  DCAP64
FILLDECAP_T_1_425                      0           0   1.471e-06   1.471e-06  DCAP64
ENDCAP_351                             0           0   8.028e-09   8.028e-09  DCAP
FILLDECAP_T_2_1011                     0           0   1.471e-06   1.471e-06  DCAP64
FILLDECAP_T_5_905                      0           0   1.471e-06   1.471e-06  DCAP64
FILLDECAP_T_1_426                      0           0   1.471e-06   1.471e-06  DCAP64
ENDCAP_352                             0           0   8.028e-09   8.028e-09  DCAP
FILLDECAP_T_2_1012                     0           0   1.471e-06   1.471e-06  DCAP64
FILLDECAP_T_5_906                      0           0   1.471e-06   1.471e-06  DCAP64
FILLDECAP_T_1_427                      0           0   1.471e-06   1.471e-06  DCAP64
ENDCAP_353                             0           0   8.028e-09   8.028e-09  DCAP
FILLDECAP_T_2_1013                     0           0   1.471e-06   1.471e-06  DCAP64
FILLDECAP_T_5_907                      0           0   1.471e-06   1.471e-06  DCAP64
FILLDECAP_T_1_428                      0           0   3.013e-07   3.013e-07  DCAP16
ENDCAP_354                             0           0   8.028e-09   8.028e-09  DCAP
FILLDECAP_T_2_1014                     0           0   1.471e-06   1.471e-06  DCAP64
FILLDECAP_T_5_908                      0           0   1.471e-06   1.471e-06  DCAP64
FILLDECAP_T_5_1266                     0           0   1.846e-08   1.846e-08  DCAP4
FILLDECAP_T_1_429                      0           0   1.471e-06   1.471e-06  DCAP64
ENDCAP_355                             0           0   8.028e-09   8.028e-09  DCAP
FILLDECAP_T_2_1015                     0           0   1.471e-06   1.471e-06  DCAP64
FILLDECAP_T_1_1075                     0           0   1.471e-06   1.471e-06  DCAP64
FILLDECAP_T_4_125                      0           0   1.471e-06   1.471e-06  DCAP64
FILLDECAP_T_1_1076                     0           0   1.471e-06   1.471e-06  DCAP64
FILLDECAP_T_4_126                      0           0   1.471e-06   1.471e-06  DCAP64
FILLDECAP_T_1_1077                     0           0   1.471e-06   1.471e-06  DCAP64
FILLDECAP_T_4_127                      0           0   1.471e-06   1.471e-06  DCAP64
FILLDECAP_T_4_300                      0           0   1.471e-06   1.471e-06  DCAP64
FILLDECAP_T_1_1113                     0           0   1.331e-07   1.331e-07  DCAP8
FILLDECAP_T_4_301                      0           0   1.471e-06   1.471e-06  DCAP64
FILLDECAP_T_1_1115                     0           0   1.471e-06   1.471e-06  DCAP64
FILLDECAP_T_4_302                      0           0   1.471e-06   1.471e-06  DCAP64
FILLDECAP_T_1_1116                     0           0   1.471e-06   1.471e-06  DCAP64
FILLDECAP_T_4_304                      0           0   1.471e-06   1.471e-06  DCAP64
ENDCAP_58                              0           0   8.028e-09   8.028e-09  DCAP
FILLDECAP_T_1_1118                     0           0   1.471e-06   1.471e-06  DCAP64
FILLDECAP_T_4_305                      0           0   1.471e-06   1.471e-06  DCAP64
ENDCAP_59                              0           0   8.028e-09   8.028e-09  DCAP
FILLDECAP_T_1_1119                     0           0   1.471e-06   1.471e-06  DCAP64
FILLDECAP_T_1_1322                     0           0   1.471e-06   1.471e-06  DCAP64
FILLDECAP_T_4_306                      0           0   1.471e-06   1.471e-06  DCAP64
ENDCAP_60                              0           0   8.028e-09   8.028e-09  DCAP
FILLDECAP_T_1_1120                     0           0   1.471e-06   1.471e-06  DCAP64
FILLDECAP_T_2_878                      0           0   1.471e-06   1.471e-06  DCAP64
FILLDECAP_T_1_1323                     0           0   1.471e-06   1.471e-06  DCAP64
FILLDECAP_T_4_307                      0           0   1.471e-06   1.471e-06  DCAP64
ENDCAP_61                              0           0   8.028e-09   8.028e-09  DCAP
FILLDECAP_T_1_1121                     0           0   1.471e-06   1.471e-06  DCAP64
FILLDECAP_T_2_879                      0           0   1.471e-06   1.471e-06  DCAP64
FILLDECAP_T_1_1324                     0           0   1.471e-06   1.471e-06  DCAP64
FILLDECAP_T_4_308                      0           0   1.471e-06   1.471e-06  DCAP64
ENDCAP_62                              0           0   8.028e-09   8.028e-09  DCAP
FILLDECAP_T_1_1122                     0           0   1.471e-06   1.471e-06  DCAP64
FILLDECAP_T_2_880                      0           0   1.471e-06   1.471e-06  DCAP64
FILLDECAP_T_1_1325                     0           0   1.471e-06   1.471e-06  DCAP64
FILLDECAP_T_1_122                      0           0   1.471e-06   1.471e-06  DCAP64
FILLDECAP_T_4_238                      0           0   1.471e-06   1.471e-06  DCAP64
FILLDECAP_T_2_287                      0           0   1.471e-06   1.471e-06  DCAP64
FILLDECAP_T_4_1417                     0           0   1.471e-06   1.471e-06  DCAP64
FILLDECAP_T_1_17                       0           0   1.471e-06   1.471e-06  DCAP64
FILLDECAP_T_1_800                      0           0   1.471e-06   1.471e-06  DCAP64
ENDCAP_181                             0           0   8.028e-09   8.028e-09  DCAP
FILLDECAP_T_2_574                      0           0   1.471e-06   1.471e-06  DCAP64
FILLDECAP_T_4_239                      0           0   1.471e-06   1.471e-06  DCAP64
FILLDECAP_T_2_288                      0           0   1.471e-06   1.471e-06  DCAP64
FILLDECAP_T_4_1418                     0           0   1.471e-06   1.471e-06  DCAP64
FILLDECAP_T_1_18                       0           0   1.471e-06   1.471e-06  DCAP64
FILLDECAP_T_1_801                      0           0   1.471e-06   1.471e-06  DCAP64
ENDCAP_182                             0           0   8.028e-09   8.028e-09  DCAP
FILLDECAP_T_2_575                      0           0   1.471e-06   1.471e-06  DCAP64
FILLDECAP_T_4_240                      0           0   1.471e-06   1.471e-06  DCAP64
FILLDECAP_T_2_289                      0           0   1.471e-06   1.471e-06  DCAP64
FILLDECAP_T_4_1419                     0           0   1.471e-06   1.471e-06  DCAP64
FILLDECAP_T_1_19                       0           0   1.471e-06   1.471e-06  DCAP64
FILLDECAP_T_1_802                      0           0   1.471e-06   1.471e-06  DCAP64
ENDCAP_183                             0           0   8.028e-09   8.028e-09  DCAP
FILLDECAP_T_2_576                      0           0   1.471e-06   1.471e-06  DCAP64
FILLDECAP_T_4_241                      0           0   1.471e-06   1.471e-06  DCAP64
FILLDECAP_T_2_290                      0           0   1.471e-06   1.471e-06  DCAP64
FILLDECAP_T_4_1420                     0           0   1.471e-06   1.471e-06  DCAP64
FILLDECAP_T_1_20                       0           0   1.471e-06   1.471e-06  DCAP64
FILLDECAP_T_1_803                      0           0   1.471e-06   1.471e-06  DCAP64
ENDCAP_184                             0           0   8.028e-09   8.028e-09  DCAP
FILLDECAP_T_2_577                      0           0   1.471e-06   1.471e-06  DCAP64
FILLDECAP_T_4_242                      0           0   1.471e-06   1.471e-06  DCAP64
FILLDECAP_T_2_291                      0           0   1.471e-06   1.471e-06  DCAP64
FILLDECAP_T_4_1421                     0           0   1.471e-06   1.471e-06  DCAP64
FILLDECAP_T_1_21                       0           0   1.471e-06   1.471e-06  DCAP64
FILLDECAP_T_1_804                      0           0   1.471e-06   1.471e-06  DCAP64
ENDCAP_185                             0           0   8.028e-09   8.028e-09  DCAP
FILLDECAP_T_2_578                      0           0   1.471e-06   1.471e-06  DCAP64
FILLDECAP_T_4_243                      0           0   1.471e-06   1.471e-06  DCAP64
FILLDECAP_T_2_292                      0           0   1.471e-06   1.471e-06  DCAP64
FILLDECAP_T_4_1422                     0           0   1.471e-06   1.471e-06  DCAP64
FILLDECAP_T_1_22                       0           0   1.471e-06   1.471e-06  DCAP64
FILLDECAP_T_1_805                      0           0   1.471e-06   1.471e-06  DCAP64
ENDCAP_186                             0           0   8.028e-09   8.028e-09  DCAP
FILLDECAP_T_2_579                      0           0   1.471e-06   1.471e-06  DCAP64
FILLDECAP_T_4_244                      0           0   1.471e-06   1.471e-06  DCAP64
FILLDECAP_T_2_293                      0           0   1.471e-06   1.471e-06  DCAP64
FILLDECAP_T_4_1423                     0           0   3.013e-07   3.013e-07  DCAP16
FILLDECAP_T_1_23                       0           0   1.471e-06   1.471e-06  DCAP64
FILLDECAP_T_1_806                      0           0   1.471e-06   1.471e-06  DCAP64
ENDCAP_187                             0           0   8.028e-09   8.028e-09  DCAP
FILLDECAP_T_2_580                      0           0   1.471e-06   1.471e-06  DCAP64
FILLDECAP_T_5_1                        0           0   1.471e-06   1.471e-06  DCAP64
FILLDECAP_T_4_245                      0           0   1.471e-06   1.471e-06  DCAP64
FILLDECAP_T_2_294                      0           0   1.471e-06   1.471e-06  DCAP64
FILLDECAP_T_1_24                       0           0   1.471e-06   1.471e-06  DCAP64
FILLDECAP_T_1_807                      0           0   1.471e-06   1.471e-06  DCAP64
ENDCAP_188                             0           0   8.028e-09   8.028e-09  DCAP
FILLDECAP_T_2_581                      0           0   1.471e-06   1.471e-06  DCAP64
FILLDECAP_T_5_2                        0           0   1.471e-06   1.471e-06  DCAP64
FILLDECAP_T_4_246                      0           0   1.471e-06   1.471e-06  DCAP64
FILLDECAP_T_2_295                      0           0   1.471e-06   1.471e-06  DCAP64
FILLDECAP_T_1_25                       0           0   1.471e-06   1.471e-06  DCAP64
FILLDECAP_T_1_808                      0           0   1.471e-06   1.471e-06  DCAP64
ENDCAP_189                             0           0   8.028e-09   8.028e-09  DCAP
FILLDECAP_T_2_582                      0           0   1.471e-06   1.471e-06  DCAP64
FILLDECAP_T_4_247                      0           0   1.471e-06   1.471e-06  DCAP64
FILLDECAP_T_2_296                      0           0   1.471e-06   1.471e-06  DCAP64
FILLDECAP_T_1_26                       0           0   1.471e-06   1.471e-06  DCAP64
FILLDECAP_T_1_809                      0           0   1.471e-06   1.471e-06  DCAP64
ENDCAP_190                             0           0   8.028e-09   8.028e-09  DCAP
FILLDECAP_T_2_583                      0           0   1.471e-06   1.471e-06  DCAP64
FILLDECAP_T_4_248                      0           0   1.471e-06   1.471e-06  DCAP64
FILLDECAP_T_2_297                      0           0   1.471e-06   1.471e-06  DCAP64
FILLDECAP_T_1_27                       0           0   7.166e-07   7.166e-07  DCAP32
FILLDECAP_T_1_810                      0           0   1.471e-06   1.471e-06  DCAP64
ENDCAP_191                             0           0   8.028e-09   8.028e-09  DCAP
FILLDECAP_T_2_584                      0           0   1.471e-06   1.471e-06  DCAP64
FILLDECAP_T_2_139                      0           0   1.471e-06   1.471e-06  DCAP64
ENDCAP_153                             0           0   8.028e-09   8.028e-09  DCAP
FILLDECAP_T_2_978                      0           0   1.471e-06   1.471e-06  DCAP64
FILLDECAP_T_1_1170                     0           0   3.013e-07   3.013e-07  DCAP16
FILLDECAP_T_2_140                      0           0   1.846e-08   1.846e-08  DCAP4
ENDCAP_154                             0           0   8.028e-09   8.028e-09  DCAP
FILLDECAP_T_2_979                      0           0   1.471e-06   1.471e-06  DCAP64
FILLDECAP_T_1_1171                     0           0   1.471e-06   1.471e-06  DCAP64
FILLDECAP_T_2_141                      0           0   8.028e-09   8.028e-09  DCAP
ENDCAP_155                             0           0   8.028e-09   8.028e-09  DCAP
FILLDECAP_T_2_980                      0           0   1.471e-06   1.471e-06  DCAP64
FILLDECAP_T_1_1172                     0           0   1.471e-06   1.471e-06  DCAP64
FILLDECAP_T_2_142                      0           0   1.471e-06   1.471e-06  DCAP64
ENDCAP_156                             0           0   8.028e-09   8.028e-09  DCAP
FILLDECAP_T_2_981                      0           0   1.471e-06   1.471e-06  DCAP64
FILLDECAP_T_1_1173                     0           0   1.471e-06   1.471e-06  DCAP64
FILLDECAP_T_2_143                      0           0   1.471e-06   1.471e-06  DCAP64
ENDCAP_157                             0           0   8.028e-09   8.028e-09  DCAP
FILLDECAP_T_2_982                      0           0   1.471e-06   1.471e-06  DCAP64
FILLDECAP_T_1_1174                     0           0   1.471e-06   1.471e-06  DCAP64
FILLDECAP_T_2_144                      0           0   1.471e-06   1.471e-06  DCAP64
ENDCAP_158                             0           0   8.028e-09   8.028e-09  DCAP
FILLDECAP_T_2_983                      0           0   1.471e-06   1.471e-06  DCAP64
FILLDECAP_T_4_968                      0           0   1.471e-06   1.471e-06  DCAP64
FILLDECAP_T_1_1309                     0           0   1.471e-06   1.471e-06  DCAP64
FILLDECAP_T_2_391                      0           0   1.471e-06   1.471e-06  DCAP64
ENDCAP_1                               0           0   8.028e-09   8.028e-09  DCAP
FILLDECAP_T_4_1104                     0           0   1.471e-06   1.471e-06  DCAP64
FILLDECAP_T_1_1175                     0           0   1.471e-06   1.471e-06  DCAP64
FILLDECAP_T_2_145                      0           0   1.471e-06   1.471e-06  DCAP64
ENDCAP_159                             0           0   8.028e-09   8.028e-09  DCAP
FILLDECAP_T_2_984                      0           0   1.471e-06   1.471e-06  DCAP64
FILLDECAP_T_1_1310                     0           0   1.471e-06   1.471e-06  DCAP64
FILLDECAP_T_2_392                      0           0   1.471e-06   1.471e-06  DCAP64
ENDCAP_2                               0           0   8.028e-09   8.028e-09  DCAP
FILLDECAP_T_4_1105                     0           0   3.013e-07   3.013e-07  DCAP16
FILLDECAP_T_1_1176                     0           0   1.471e-06   1.471e-06  DCAP64
FILLDECAP_T_2_146                      0           0   1.471e-06   1.471e-06  DCAP64
PVDDL                                  0           0   5.665e-06   5.665e-06  PVDD1DGZ
ENDCAP_160                             0           0   8.028e-09   8.028e-09  DCAP
FILLDECAP_T_2_985                      0           0   1.471e-06   1.471e-06  DCAP64
FILLDECAP_T_5_239                      0           0   1.471e-06   1.471e-06  DCAP64
FILLDECAP_T_1_1311                     0           0   1.471e-06   1.471e-06  DCAP64
FILLDECAP_T_2_393                      0           0   1.471e-06   1.471e-06  DCAP64
ENDCAP_3                               0           0   8.028e-09   8.028e-09  DCAP
FILLDECAP_T_4_1106                     0           0   1.471e-06   1.471e-06  DCAP64
FILLDECAP_T_1_1177                     0           0   1.471e-06   1.471e-06  DCAP64
FILLDECAP_T_2_147                      0           0   1.471e-06   1.471e-06  DCAP64
ENDCAP_161                             0           0   8.028e-09   8.028e-09  DCAP
FILLDECAP_T_2_986                      0           0   1.471e-06   1.471e-06  DCAP64
FILLDECAP_T_5_240                      0           0   1.471e-06   1.471e-06  DCAP64
FILLDECAP_T_1_1312                     0           0   1.471e-06   1.471e-06  DCAP64
FILLDECAP_T_2_394                      0           0   1.471e-06   1.471e-06  DCAP64
ENDCAP_4                               0           0   8.028e-09   8.028e-09  DCAP
FILLDECAP_T_4_1402                     0           0   1.471e-06   1.471e-06  DCAP64
FILLDECAP_T_2_272                      0           0   1.471e-06   1.471e-06  DCAP64
FILLDECAP_T_4_1107                     0           0   1.471e-06   1.471e-06  DCAP64
FILLDECAP_T_1_1178                     0           0   1.471e-06   1.471e-06  DCAP64
FILLDECAP_T_2_148                      0           0   1.471e-06   1.471e-06  DCAP64
ENDCAP_162                             0           0   8.028e-09   8.028e-09  DCAP
FILLDECAP_T_2_987                      0           0   1.471e-06   1.471e-06  DCAP64
FILLDECAP_T_5_241                      0           0   1.471e-06   1.471e-06  DCAP64
FILLDECAP_T_1_1313                     0           0   1.471e-06   1.471e-06  DCAP64
FILLDECAP_T_2_395                      0           0   1.471e-06   1.471e-06  DCAP64
ENDCAP_5                               0           0   8.028e-09   8.028e-09  DCAP
FILLDECAP_T_4_1403                     0           0   1.471e-06   1.471e-06  DCAP64
FILLDECAP_T_2_273                      0           0   1.471e-06   1.471e-06  DCAP64
FILLDECAP_T_4_1108                     0           0   1.471e-06   1.471e-06  DCAP64
FILLDECAP_T_1_1179                     0           0   1.471e-06   1.471e-06  DCAP64
FILLDECAP_T_2_149                      0           0   1.471e-06   1.471e-06  DCAP64
ENDCAP_163                             0           0   8.028e-09   8.028e-09  DCAP
FILLDECAP_T_2_988                      0           0   1.471e-06   1.471e-06  DCAP64
FILLDECAP_T_5_242                      0           0   1.471e-06   1.471e-06  DCAP64
FILLDECAP_T_1_1314                     0           0   1.471e-06   1.471e-06  DCAP64
FILLDECAP_T_2_396                      0           0   1.471e-06   1.471e-06  DCAP64
ENDCAP_6                               0           0   8.028e-09   8.028e-09  DCAP
FILLDECAP_T_4_1404                     0           0   1.471e-06   1.471e-06  DCAP64
FILLDECAP_T_2_274                      0           0   1.471e-06   1.471e-06  DCAP64
FILLDECAP_T_4_1109                     0           0   1.471e-06   1.471e-06  DCAP64
FILLDECAP_T_1_1180                     0           0   1.471e-06   1.471e-06  DCAP64
FILLDECAP_T_1_1257                     0           0   1.471e-06   1.471e-06  DCAP64
FILLDECAP_T_1_1258                     0           0   1.471e-06   1.471e-06  DCAP64
FILLDECAP_T_1_1259                     0           0   1.471e-06   1.471e-06  DCAP64
FILLDECAP_T_4_949                      0           0   1.471e-06   1.471e-06  DCAP64
FILLDECAP_T_1_1291                     0           0   1.471e-06   1.471e-06  DCAP64
FILLDECAP_T_4_950                      0           0   1.471e-06   1.471e-06  DCAP64
FILLDECAP_T_1_1292                     0           0   1.471e-06   1.471e-06  DCAP64
FILLDECAP_T_4_951                      0           0   1.471e-06   1.471e-06  DCAP64
FILLDECAP_T_1_1293                     0           0   7.166e-07   7.166e-07  DCAP32
FILLDECAP_T_4_952                      0           0   1.471e-06   1.471e-06  DCAP64
FILLDECAP_T_1_1294                     0           0   3.013e-07   3.013e-07  DCAP16
FILLDECAP_T_4_953                      0           0   1.471e-06   1.471e-06  DCAP64
FILLDECAP_T_1_1295                     0           0   1.331e-07   1.331e-07  DCAP8
FILLDECAP_T_1_402                      0           0   1.471e-06   1.471e-06  DCAP64
FILLDECAP_T_1_403                      0           0   1.471e-06   1.471e-06  DCAP64
FILLDECAP_T_1_404                      0           0   1.471e-06   1.471e-06  DCAP64
FILLDECAP_T_1_405                      0           0   1.471e-06   1.471e-06  DCAP64
FILLDECAP_T_1_956                      0           0   1.471e-06   1.471e-06  DCAP64
FILLDECAP_T_2_991                      0           0   1.471e-06   1.471e-06  DCAP64
FILLDECAP_T_1_1349                     0           0   1.471e-06   1.471e-06  DCAP64
FILLDECAP_T_2_24                       0           0   1.471e-06   1.471e-06  DCAP64
FILLDECAP_T_1_1350                     0           0   1.471e-06   1.471e-06  DCAP64
FILLDECAP_T_2_25                       0           0   1.471e-06   1.471e-06  DCAP64
FILLDECAP_T_1_1351                     0           0   1.471e-06   1.471e-06  DCAP64
FILLDECAP_T_2_26                       0           0   1.471e-06   1.471e-06  DCAP64
FILLDECAP_T_1_1352                     0           0   1.471e-06   1.471e-06  DCAP64
FILLDECAP_T_2_27                       0           0   1.471e-06   1.471e-06  DCAP64
FILLDECAP_T_1_1353                     0           0   1.471e-06   1.471e-06  DCAP64
FILLDECAP_T_2_28                       0           0   3.013e-07   3.013e-07  DCAP16
FILLDECAP_T_1_941                      0           0   1.471e-06   1.471e-06  DCAP64
FILLDECAP_T_1_967                      0           0   3.013e-07   3.013e-07  DCAP16
FILLDECAP_T_1_43                       0           0   1.471e-06   1.471e-06  DCAP64
FILLDECAP_T_2_742                      0           0   1.471e-06   1.471e-06  DCAP64
FILLDECAP_T_1_968                      0           0   1.846e-08   1.846e-08  DCAP4
FILLDECAP_T_1_44                       0           0   1.471e-06   1.471e-06  DCAP64
FILLDECAP_T_2_743                      0           0   1.331e-07   1.331e-07  DCAP8
FILLDECAP_T_1_970                      0           0   3.013e-07   3.013e-07  DCAP16
FILLDECAP_T_1_45                       0           0   1.471e-06   1.471e-06  DCAP64
FILLDECAP_T_2_745                      0           0   1.471e-06   1.471e-06  DCAP64
FILLDECAP_T_1_972                      0           0   1.471e-06   1.471e-06  DCAP64
FILLDECAP_T_1_46                       0           0   1.471e-06   1.471e-06  DCAP64
FILLDECAP_T_2_746                      0           0   1.471e-06   1.471e-06  DCAP64
FILLDECAP_T_1_973                      0           0   1.471e-06   1.471e-06  DCAP64
FILLDECAP_T_1_47                       0           0   1.471e-06   1.471e-06  DCAP64
FILLDECAP_T_2_747                      0           0   1.471e-06   1.471e-06  DCAP64
FILLDECAP_T_1_974                      0           0   1.471e-06   1.471e-06  DCAP64
FILLDECAP_T_1_48                       0           0   1.471e-06   1.471e-06  DCAP64
FILLDECAP_T_2_748                      0           0   1.471e-06   1.471e-06  DCAP64
FILLDECAP_T_1_975                      0           0   1.471e-06   1.471e-06  DCAP64
FILLDECAP_T_1_49                       0           0   1.471e-06   1.471e-06  DCAP64
FILLDECAP_T_2_749                      0           0   1.471e-06   1.471e-06  DCAP64
FILLDECAP_T_1_976                      0           0   1.471e-06   1.471e-06  DCAP64
FILLDECAP_T_1_50                       0           0   1.471e-06   1.471e-06  DCAP64
FILLDECAP_T_2_750                      0           0   1.471e-06   1.471e-06  DCAP64
FILLDECAP_T_1_977                      0           0   1.471e-06   1.471e-06  DCAP64
FILLDECAP_T_1_51                       0           0   1.471e-06   1.471e-06  DCAP64
FILLDECAP_T_2_751                      0           0   1.471e-06   1.471e-06  DCAP64
FILLDECAP_T_1_978                      0           0   1.471e-06   1.471e-06  DCAP64
FILLDECAP_T_1_52                       0           0   1.471e-06   1.471e-06  DCAP64
FILLDECAP_T_2_752                      0           0   1.471e-06   1.471e-06  DCAP64
FILLDECAP_T_1_979                      0           0   1.471e-06   1.471e-06  DCAP64
FILLDECAP_T_1_53                       0           0   1.471e-06   1.471e-06  DCAP64
FILLDECAP_T_2_753                      0           0   1.471e-06   1.471e-06  DCAP64
FILLDECAP_T_1_980                      0           0   1.471e-06   1.471e-06  DCAP64
FILLDECAP_T_1_54                       0           0   1.471e-06   1.471e-06  DCAP64
FILLDECAP_T_2_754                      0           0   1.471e-06   1.471e-06  DCAP64
FILLDECAP_T_1_981                      0           0   1.471e-06   1.471e-06  DCAP64
FILLDECAP_T_1_55                       0           0   1.471e-06   1.471e-06  DCAP64
FILLDECAP_T_2_755                      0           0   1.471e-06   1.471e-06  DCAP64
FILLDECAP_T_1_982                      0           0   1.471e-06   1.471e-06  DCAP64
FILLDECAP_T_1_60                       0           0   1.471e-06   1.471e-06  DCAP64
FILLDECAP_T_2_756                      0           0   1.471e-06   1.471e-06  DCAP64
FILLDECAP_T_1_983                      0           0   1.471e-06   1.471e-06  DCAP64
FILLDECAP_T_1_61                       0           0   1.471e-06   1.471e-06  DCAP64
FILLDECAP_T_2_757                      0           0   1.471e-06   1.471e-06  DCAP64
FILLDECAP_T_1_984                      0           0   1.471e-06   1.471e-06  DCAP64
FILLDECAP_T_1_62                       0           0   1.471e-06   1.471e-06  DCAP64
FILLDECAP_T_2_758                      0           0   1.471e-06   1.471e-06  DCAP64
FILLDECAP_T_1_985                      0           0   1.471e-06   1.471e-06  DCAP64
FILLDECAP_T_1_63                       0           0   1.471e-06   1.471e-06  DCAP64
FILLDECAP_T_2_759                      0           0   1.471e-06   1.471e-06  DCAP64
FILLDECAP_T_1_986                      0           0   1.471e-06   1.471e-06  DCAP64
FILLDECAP_T_1_64                       0           0   1.471e-06   1.471e-06  DCAP64
FILLDECAP_T_2_760                      0           0   1.471e-06   1.471e-06  DCAP64
FILLDECAP_T_1_987                      0           0   1.471e-06   1.471e-06  DCAP64
FILLDECAP_T_2_761                      0           0   1.471e-06   1.471e-06  DCAP64
FILLDECAP_T_1_988                      0           0   1.471e-06   1.471e-06  DCAP64
FILLDECAP_T_1_989                      0           0   1.471e-06   1.471e-06  DCAP64
FILLDECAP_T_1_990                      0           0   1.471e-06   1.471e-06  DCAP64
FILLDECAP_T_1_991                      0           0   1.471e-06   1.471e-06  DCAP64
FILLDECAP_T_1_992                      0           0   1.471e-06   1.471e-06  DCAP64
FILLDECAP_T_1_993                      0           0   1.471e-06   1.471e-06  DCAP64
FILLDECAP_T_1_994                      0           0   1.471e-06   1.471e-06  DCAP64
FILLDECAP_T_1_995                      0           0   1.471e-06   1.471e-06  DCAP64
FILLDECAP_T_1_996                      0           0   1.471e-06   1.471e-06  DCAP64
FILLDECAP_T_1_997                      0           0   1.471e-06   1.471e-06  DCAP64
FILLDECAP_T_1_998                      0           0   1.471e-06   1.471e-06  DCAP64
FILLDECAP_T_1_999                      0           0   3.013e-07   3.013e-07  DCAP16
FILLDECAP_T_2_1                        0           0   1.471e-06   1.471e-06  DCAP64
ENDCAP_113                             0           0   8.028e-09   8.028e-09  DCAP
FILLDECAP_T_2_359                      0           0   1.471e-06   1.471e-06  DCAP64
FILLDECAP_T_2_10                       0           0   1.471e-06   1.471e-06  DCAP64
ENDCAP_356                             0           0   8.028e-09   8.028e-09  DCAP
FILLDECAP_T_2_1016                     0           0   1.471e-06   1.471e-06  DCAP64
ENDCAP_357                             0           0   8.028e-09   8.028e-09  DCAP
FILLDECAP_T_2_1017                     0           0   1.471e-06   1.471e-06  DCAP64
ENDCAP_358                             0           0   8.028e-09   8.028e-09  DCAP
FILLDECAP_T_2_1018                     0           0   1.471e-06   1.471e-06  DCAP64
FILLDECAP_T_2_1038                     0           0   1.471e-06   1.471e-06  DCAP64
FILLDECAP_T_2_1039                     0           0   1.471e-06   1.471e-06  DCAP64
FILLDECAP_T_2_1040                     0           0   1.471e-06   1.471e-06  DCAP64
FILLDECAP_T_2_1041                     0           0   1.471e-06   1.471e-06  DCAP64
FILLDECAP_T_2_1042                     0           0   1.471e-06   1.471e-06  DCAP64
FILLDECAP_T_2_1043                     0           0   1.471e-06   1.471e-06  DCAP64
FILLDECAP_T_2_1044                     0           0   1.471e-06   1.471e-06  DCAP64
FILLDECAP_T_2_1045                     0           0   1.471e-06   1.471e-06  DCAP64
FILLDECAP_T_5_862                      0           0   1.471e-06   1.471e-06  DCAP64
FILLDECAP_T_2_1046                     0           0   1.471e-06   1.471e-06  DCAP64
FILLDECAP_T_2_11                       0           0   1.471e-06   1.471e-06  DCAP64
FILLDECAP_T_5_1082                     0           0   3.013e-07   3.013e-07  DCAP16
FILLDECAP_T_4_47                       0           0   1.471e-06   1.471e-06  DCAP64
FILLDECAP_T_4_1209                     0           0   1.471e-06   1.471e-06  DCAP64
FILLDECAP_T_5_1083                     0           0   1.471e-06   1.471e-06  DCAP64
FILLDECAP_T_4_48                       0           0   1.471e-06   1.471e-06  DCAP64
FILLDECAP_T_4_1210                     0           0   1.471e-06   1.471e-06  DCAP64
FILLDECAP_T_5_1084                     0           0   1.471e-06   1.471e-06  DCAP64
FILLDECAP_T_4_1211                     0           0   1.471e-06   1.471e-06  DCAP64
FILLDECAP_T_1_123                      0           0   1.471e-06   1.471e-06  DCAP64
FILLDECAP_T_2_1103                     0           0   1.471e-06   1.471e-06  DCAP64
FILLDECAP_T_1_124                      0           0   1.471e-06   1.471e-06  DCAP64
FILLDECAP_T_2_1104                     0           0   1.471e-06   1.471e-06  DCAP64
FILLDECAP_T_1_125                      0           0   1.471e-06   1.471e-06  DCAP64
FILLDECAP_T_2_1105                     0           0   1.471e-06   1.471e-06  DCAP64
FILLDECAP_T_1_126                      0           0   1.471e-06   1.471e-06  DCAP64
FILLDECAP_T_2_1106                     0           0   1.471e-06   1.471e-06  DCAP64
FILLDECAP_T_1_127                      0           0   1.471e-06   1.471e-06  DCAP64
FILLDECAP_T_2_1107                     0           0   1.471e-06   1.471e-06  DCAP64
FILLDECAP_T_1_128                      0           0   1.471e-06   1.471e-06  DCAP64
FILLDECAP_T_2_1108                     0           0   1.471e-06   1.471e-06  DCAP64
FILLDECAP_T_1_129                      0           0   1.471e-06   1.471e-06  DCAP64
FILLDECAP_T_2_1109                     0           0   1.471e-06   1.471e-06  DCAP64
FILLDECAP_T_1_130                      0           0   1.471e-06   1.471e-06  DCAP64
FILLDECAP_T_2_1110                     0           0   1.471e-06   1.471e-06  DCAP64
FILLDECAP_T_1_131                      0           0   1.471e-06   1.471e-06  DCAP64
FILLDECAP_T_2_1111                     0           0   3.013e-07   3.013e-07  DCAP16
FILLDECAP_T_1_132                      0           0   1.471e-06   1.471e-06  DCAP64
FILLDECAP_T_2_1112                     0           0   1.471e-06   1.471e-06  DCAP64
FILLDECAP_T_1_133                      0           0   1.471e-06   1.471e-06  DCAP64
FILLDECAP_T_2_1113                     0           0   1.471e-06   1.471e-06  DCAP64
FILLDECAP_T_1_134                      0           0   1.471e-06   1.471e-06  DCAP64
FILLDECAP_T_2_1114                     0           0   1.471e-06   1.471e-06  DCAP64
FILLDECAP_T_1_135                      0           0   1.471e-06   1.471e-06  DCAP64
FILLDECAP_T_2_1115                     0           0   1.471e-06   1.471e-06  DCAP64
FILLDECAP_T_1_136                      0           0   1.471e-06   1.471e-06  DCAP64
FILLDECAP_T_2_1116                     0           0   1.471e-06   1.471e-06  DCAP64
FILLDECAP_T_1_137                      0           0   1.471e-06   1.471e-06  DCAP64
FILLDECAP_T_2_1117                     0           0   1.471e-06   1.471e-06  DCAP64
FILLDECAP_T_1_138                      0           0   1.471e-06   1.471e-06  DCAP64
FILLDECAP_T_2_1118                     0           0   1.471e-06   1.471e-06  DCAP64
FILLDECAP_T_1_139                      0           0   1.471e-06   1.471e-06  DCAP64
FILLDECAP_T_2_1119                     0           0   1.471e-06   1.471e-06  DCAP64
FILLDECAP_T_1_140                      0           0   1.471e-06   1.471e-06  DCAP64
FILLDECAP_T_2_1120                     0           0   1.471e-06   1.471e-06  DCAP64
FILLDECAP_T_1_141                      0           0   1.471e-06   1.471e-06  DCAP64
FILLDECAP_T_2_1121                     0           0   1.471e-06   1.471e-06  DCAP64
FILLDECAP_T_1_142                      0           0   1.471e-06   1.471e-06  DCAP64
FILLDECAP_T_2_1122                     0           0   7.166e-07   7.166e-07  DCAP32
FILLDECAP_T_1_143                      0           0   1.471e-06   1.471e-06  DCAP64
FILLDECAP_T_2_1123                     0           0   3.013e-07   3.013e-07  DCAP16
FILLDECAP_T_1_144                      0           0   1.471e-06   1.471e-06  DCAP64
FILLDECAP_T_2_1124                     0           0   1.331e-07   1.331e-07  DCAP8
FILLDECAP_T_1_145                      0           0   1.471e-06   1.471e-06  DCAP64
FILLDECAP_T_2_1125                     0           0   1.846e-08   1.846e-08  DCAP4
FILLDECAP_T_1_146                      0           0   1.471e-06   1.471e-06  DCAP64
FILLDECAP_T_2_1126                     0           0   8.028e-09   8.028e-09  DCAP
FILLDECAP_T_1_147                      0           0   3.013e-07   3.013e-07  DCAP16
FILLDECAP_T_2_1127                     0           0   1.471e-06   1.471e-06  DCAP64
FILLDECAP_T_1_148                      0           0   1.471e-06   1.471e-06  DCAP64
FILLDECAP_T_2_1132                     0           0   1.471e-06   1.471e-06  DCAP64
FILLDECAP_T_1_149                      0           0   1.471e-06   1.471e-06  DCAP64
FILLDECAP_T_2_1133                     0           0   1.471e-06   1.471e-06  DCAP64
FILLDECAP_T_2_1134                     0           0   1.471e-06   1.471e-06  DCAP64
FILLDECAP_T_1_151                      0           0   1.471e-06   1.471e-06  DCAP64
FILLDECAP_T_2_449                      0           0   1.471e-06   1.471e-06  DCAP64
FILLDECAP_T_2_1135                     0           0   1.471e-06   1.471e-06  DCAP64
FILLDECAP_T_4_581                      0           0   1.471e-06   1.471e-06  DCAP64
FILLDECAP_T_4_1365                     0           0   3.013e-07   3.013e-07  DCAP16
FILLDECAP_T_1_152                      0           0   1.471e-06   1.471e-06  DCAP64
FILLDECAP_T_2_450                      0           0   1.471e-06   1.471e-06  DCAP64
FILLDECAP_T_2_1136                     0           0   1.471e-06   1.471e-06  DCAP64
FILLDECAP_T_4_582                      0           0   1.471e-06   1.471e-06  DCAP64
FILLDECAP_T_4_1366                     0           0   1.331e-07   1.331e-07  DCAP8
FILLDECAP_T_1_153                      0           0   1.471e-06   1.471e-06  DCAP64
FILLDECAP_T_2_451                      0           0   1.471e-06   1.471e-06  DCAP64
FILLDECAP_T_2_1137                     0           0   1.471e-06   1.471e-06  DCAP64
FILLDECAP_T_4_583                      0           0   1.471e-06   1.471e-06  DCAP64
FILLDECAP_T_4_1367                     0           0   8.028e-09   8.028e-09  DCAP
FILLDECAP_T_1_154                      0           0   1.471e-06   1.471e-06  DCAP64
FILLDECAP_T_2_452                      0           0   1.471e-06   1.471e-06  DCAP64
FILLDECAP_T_2_1138                     0           0   1.471e-06   1.471e-06  DCAP64
FILLDECAP_T_1_155                      0           0   1.471e-06   1.471e-06  DCAP64
FILLDECAP_T_2_453                      0           0   1.471e-06   1.471e-06  DCAP64
FILLDECAP_T_2_1139                     0           0   1.471e-06   1.471e-06  DCAP64
FILLDECAP_T_1_156                      0           0   1.471e-06   1.471e-06  DCAP64
FILLDECAP_T_2_454                      0           0   1.471e-06   1.471e-06  DCAP64
FILLDECAP_T_2_1140                     0           0   1.471e-06   1.471e-06  DCAP64
FILLDECAP_T_1_157                      0           0   1.471e-06   1.471e-06  DCAP64
FILLDECAP_T_2_455                      0           0   1.471e-06   1.471e-06  DCAP64
FILLDECAP_T_2_1141                     0           0   1.471e-06   1.471e-06  DCAP64
FILLDECAP_T_1_158                      0           0   1.471e-06   1.471e-06  DCAP64
FILLDECAP_T_2_456                      0           0   1.471e-06   1.471e-06  DCAP64
FILLDECAP_T_2_1142                     0           0   1.471e-06   1.471e-06  DCAP64
FILLDECAP_T_1_159                      0           0   1.471e-06   1.471e-06  DCAP64
FILLDECAP_T_2_457                      0           0   1.471e-06   1.471e-06  DCAP64
FILLDECAP_T_2_1143                     0           0   1.471e-06   1.471e-06  DCAP64
FILLDECAP_T_1_160                      0           0   1.471e-06   1.471e-06  DCAP64
FILLDECAP_T_2_458                      0           0   1.846e-08   1.846e-08  DCAP4
FILLDECAP_T_2_1144                     0           0   1.471e-06   1.471e-06  DCAP64
FILLDECAP_T_1_161                      0           0   1.471e-06   1.471e-06  DCAP64
FILLDECAP_T_2_461                      0           0   1.471e-06   1.471e-06  DCAP64
FILLDECAP_T_2_1145                     0           0   1.471e-06   1.471e-06  DCAP64
FILLDECAP_T_1_162                      0           0   1.471e-06   1.471e-06  DCAP64
FILLDECAP_T_2_462                      0           0   1.471e-06   1.471e-06  DCAP64
FILLDECAP_T_2_1146                     0           0   3.013e-07   3.013e-07  DCAP16
FILLDECAP_T_2_463                      0           0   1.471e-06   1.471e-06  DCAP64
FILLDECAP_T_1_163                      0           0   1.471e-06   1.471e-06  DCAP64
FILLDECAP_T_2_1147                     0           0   1.331e-07   1.331e-07  DCAP8
FILLDECAP_T_2_464                      0           0   1.471e-06   1.471e-06  DCAP64
FILLDECAP_T_1_164                      0           0   1.471e-06   1.471e-06  DCAP64
FILLDECAP_T_2_1148                     0           0   8.028e-09   8.028e-09  DCAP
FILLDECAP_T_2_465                      0           0   1.471e-06   1.471e-06  DCAP64
FILLDECAP_T_1_165                      0           0   1.471e-06   1.471e-06  DCAP64
FILLDECAP_T_2_1149                     0           0   1.471e-06   1.471e-06  DCAP64
FILLDECAP_T_2_466                      0           0   1.471e-06   1.471e-06  DCAP64
FILLDECAP_T_1_166                      0           0   1.471e-06   1.471e-06  DCAP64
FILLDECAP_T_2_1150                     0           0   1.471e-06   1.471e-06  DCAP64
FILLDECAP_T_1_167                      0           0   1.471e-06   1.471e-06  DCAP64
FILLDECAP_T_2_467                      0           0   1.471e-06   1.471e-06  DCAP64
FILLDECAP_T_2_1151                     0           0   1.471e-06   1.471e-06  DCAP64
FILLDECAP_T_1_168                      0           0   1.471e-06   1.471e-06  DCAP64
FILLDECAP_T_2_468                      0           0   1.471e-06   1.471e-06  DCAP64
FILLDECAP_T_2_1152                     0           0   1.471e-06   1.471e-06  DCAP64
FILLDECAP_T_1_169                      0           0   1.471e-06   1.471e-06  DCAP64
FILLDECAP_T_2_469                      0           0   1.471e-06   1.471e-06  DCAP64
FILLDECAP_T_2_1153                     0           0   1.471e-06   1.471e-06  DCAP64
FILLDECAP_T_1_170                      0           0   1.471e-06   1.471e-06  DCAP64
FILLDECAP_T_2_470                      0           0   1.471e-06   1.471e-06  DCAP64
FILLDECAP_T_2_1154                     0           0   1.471e-06   1.471e-06  DCAP64
FILLDECAP_T_1_171                      0           0   1.471e-06   1.471e-06  DCAP64
FILLDECAP_T_2_471                      0           0   1.471e-06   1.471e-06  DCAP64
FILLDECAP_T_2_1155                     0           0   1.471e-06   1.471e-06  DCAP64
FILLDECAP_T_1_172                      0           0   1.471e-06   1.471e-06  DCAP64
FILLDECAP_T_2_472                      0           0   1.471e-06   1.471e-06  DCAP64
FILLDECAP_T_2_1156                     0           0   1.471e-06   1.471e-06  DCAP64
FILLDECAP_T_1_173                      0           0   1.471e-06   1.471e-06  DCAP64
FILLDECAP_T_2_473                      0           0   1.471e-06   1.471e-06  DCAP64
FILLDECAP_T_2_1157                     0           0   1.471e-06   1.471e-06  DCAP64
FILLDECAP_T_1_174                      0           0   1.471e-06   1.471e-06  DCAP64
FILLDECAP_T_2_474                      0           0   1.471e-06   1.471e-06  DCAP64
FILLDECAP_T_2_1158                     0           0   1.471e-06   1.471e-06  DCAP64
FILLDECAP_T_1_175                      0           0   3.013e-07   3.013e-07  DCAP16
FILLDECAP_T_2_1159                     0           0   7.166e-07   7.166e-07  DCAP32
FILLDECAP_T_1_176                      0           0   1.471e-06   1.471e-06  DCAP64
FILLDECAP_T_2_1161                     0           0   7.166e-07   7.166e-07  DCAP32
FILLDECAP_T_4_741                      0           0   1.471e-06   1.471e-06  DCAP64
FILLDECAP_T_1_1089                     0           0   1.471e-06   1.471e-06  DCAP64
FILLDECAP_T_1_179                      0           0   1.471e-06   1.471e-06  DCAP64
FILLDECAP_T_2_1165                     0           0   1.471e-06   1.471e-06  DCAP64
FILLDECAP_T_4_742                      0           0   1.471e-06   1.471e-06  DCAP64
FILLDECAP_T_1_1090                     0           0   1.471e-06   1.471e-06  DCAP64
FILLDECAP_T_1_180                      0           0   1.471e-06   1.471e-06  DCAP64
FILLDECAP_T_2_1166                     0           0   1.471e-06   1.471e-06  DCAP64
FILLDECAP_T_4_743                      0           0   1.471e-06   1.471e-06  DCAP64
FILLDECAP_T_1_1091                     0           0   1.471e-06   1.471e-06  DCAP64
FILLDECAP_T_1_181                      0           0   1.471e-06   1.471e-06  DCAP64
FILLDECAP_T_2_1167                     0           0   1.471e-06   1.471e-06  DCAP64
FILLDECAP_T_4_744                      0           0   1.471e-06   1.471e-06  DCAP64
FILLDECAP_T_1_1092                     0           0   1.471e-06   1.471e-06  DCAP64
FILLDECAP_T_1_182                      0           0   1.471e-06   1.471e-06  DCAP64
FILLDECAP_T_2_1168                     0           0   1.471e-06   1.471e-06  DCAP64
FILLDECAP_T_4_745                      0           0   1.471e-06   1.471e-06  DCAP64
FILLDECAP_T_1_1093                     0           0   1.471e-06   1.471e-06  DCAP64
FILLDECAP_T_1_183                      0           0   1.471e-06   1.471e-06  DCAP64
FILLDECAP_T_2_1169                     0           0   1.471e-06   1.471e-06  DCAP64
FILLDECAP_T_4_746                      0           0   1.471e-06   1.471e-06  DCAP64
FILLDECAP_T_1_1094                     0           0   1.471e-06   1.471e-06  DCAP64
FILLDECAP_T_1_184                      0           0   1.471e-06   1.471e-06  DCAP64
FILLDECAP_T_2_1170                     0           0   1.471e-06   1.471e-06  DCAP64
FILLDECAP_T_4_747                      0           0   1.471e-06   1.471e-06  DCAP64
FILLDECAP_T_1_1095                     0           0   1.471e-06   1.471e-06  DCAP64
FILLDECAP_T_1_185                      0           0   1.471e-06   1.471e-06  DCAP64
FILLDECAP_T_2_1171                     0           0   1.471e-06   1.471e-06  DCAP64
FILLDECAP_T_4_748                      0           0   1.471e-06   1.471e-06  DCAP64
FILLDECAP_T_1_1096                     0           0   1.471e-06   1.471e-06  DCAP64
FILLDECAP_T_1_186                      0           0   1.471e-06   1.471e-06  DCAP64
FILLDECAP_T_2_1172                     0           0   1.471e-06   1.471e-06  DCAP64
FILLDECAP_T_4_749                      0           0   1.471e-06   1.471e-06  DCAP64
FILLDECAP_T_1_1097                     0           0   1.471e-06   1.471e-06  DCAP64
FILLDECAP_T_1_187                      0           0   1.471e-06   1.471e-06  DCAP64
FILLDECAP_T_2_1173                     0           0   1.471e-06   1.471e-06  DCAP64
FILLDECAP_T_4_750                      0           0   1.471e-06   1.471e-06  DCAP64
FILLDECAP_T_1_1098                     0           0   1.471e-06   1.471e-06  DCAP64
FILLDECAP_T_1_188                      0           0   1.471e-06   1.471e-06  DCAP64
FILLDECAP_T_2_1174                     0           0   1.471e-06   1.471e-06  DCAP64
FILLDECAP_T_4_751                      0           0   1.471e-06   1.471e-06  DCAP64
FILLDECAP_T_1_1099                     0           0   1.471e-06   1.471e-06  DCAP64
FILLDECAP_T_1_189                      0           0   1.471e-06   1.471e-06  DCAP64
FILLDECAP_T_2_1175                     0           0   1.471e-06   1.471e-06  DCAP64
FILLDECAP_T_4_752                      0           0   1.471e-06   1.471e-06  DCAP64
FILLDECAP_T_1_1100                     0           0   1.471e-06   1.471e-06  DCAP64
FILLDECAP_T_1_190                      0           0   1.471e-06   1.471e-06  DCAP64
FILLDECAP_T_2_1176                     0           0   1.471e-06   1.471e-06  DCAP64
FILLDECAP_T_4_753                      0           0   1.471e-06   1.471e-06  DCAP64
FILLDECAP_T_1_1101                     0           0   1.471e-06   1.471e-06  DCAP64
FILLDECAP_T_1_191                      0           0   1.471e-06   1.471e-06  DCAP64
FILLDECAP_T_2_1177                     0           0   1.471e-06   1.471e-06  DCAP64
FILLDECAP_T_4_754                      0           0   1.471e-06   1.471e-06  DCAP64
FILLDECAP_T_1_1102                     0           0   1.471e-06   1.471e-06  DCAP64
FILLDECAP_T_1_192                      0           0   1.471e-06   1.471e-06  DCAP64
FILLDECAP_T_2_1178                     0           0   1.471e-06   1.471e-06  DCAP64
FILLDECAP_T_4_755                      0           0   1.471e-06   1.471e-06  DCAP64
FILLDECAP_T_1_193                      0           0   1.471e-06   1.471e-06  DCAP64
FILLDECAP_T_1_1103                     0           0   1.471e-06   1.471e-06  DCAP64
FILLDECAP_T_2_1179                     0           0   1.471e-06   1.471e-06  DCAP64
FILLDECAP_T_4_756                      0           0   1.471e-06   1.471e-06  DCAP64
FILLDECAP_T_1_194                      0           0   1.471e-06   1.471e-06  DCAP64
FILLDECAP_T_1_1104                     0           0   1.471e-06   1.471e-06  DCAP64
FILLDECAP_T_2_1180                     0           0   7.166e-07   7.166e-07  DCAP32
FILLDECAP_T_4_757                      0           0   1.471e-06   1.471e-06  DCAP64
FILLDECAP_T_1_195                      0           0   1.471e-06   1.471e-06  DCAP64
FILLDECAP_T_1_1105                     0           0   1.471e-06   1.471e-06  DCAP64
FILLDECAP_T_2_1181                     0           0   3.013e-07   3.013e-07  DCAP16
FILLDECAP_T_4_758                      0           0   1.471e-06   1.471e-06  DCAP64
FILLDECAP_T_1_196                      0           0   1.471e-06   1.471e-06  DCAP64
FILLDECAP_T_1_1106                     0           0   1.471e-06   1.471e-06  DCAP64
FILLDECAP_T_2_1182                     0           0   8.028e-09   8.028e-09  DCAP
FILLDECAP_T_4_759                      0           0   1.471e-06   1.471e-06  DCAP64
FILLDECAP_T_1_197                      0           0   1.471e-06   1.471e-06  DCAP64
FILLDECAP_T_1_1107                     0           0   1.471e-06   1.471e-06  DCAP64
FILLDECAP_T_2_1183                     0           0   1.471e-06   1.471e-06  DCAP64
FILLDECAP_T_4_760                      0           0   1.471e-06   1.471e-06  DCAP64
FILLDECAP_T_1_198                      0           0   1.471e-06   1.471e-06  DCAP64
FILLDECAP_T_1_1108                     0           0   1.471e-06   1.471e-06  DCAP64
FILLDECAP_T_2_1184                     0           0   1.471e-06   1.471e-06  DCAP64
FILLDECAP_T_4_761                      0           0   1.471e-06   1.471e-06  DCAP64
FILLDECAP_T_1_199                      0           0   1.471e-06   1.471e-06  DCAP64
FILLDECAP_T_1_1109                     0           0   1.471e-06   1.471e-06  DCAP64
FILLDECAP_T_2_1185                     0           0   1.471e-06   1.471e-06  DCAP64
FILLDECAP_T_4_762                      0           0   3.013e-07   3.013e-07  DCAP16
FILLDECAP_T_1_200                      0           0   1.471e-06   1.471e-06  DCAP64
FILLDECAP_T_1_1110                     0           0   1.471e-06   1.471e-06  DCAP64
FILLDECAP_T_2_1186                     0           0   1.471e-06   1.471e-06  DCAP64
FILLDECAP_T_4_763                      0           0   1.471e-06   1.471e-06  DCAP64
FILLDECAP_T_1_201                      0           0   1.471e-06   1.471e-06  DCAP64
FILLDECAP_T_1_1111                     0           0   1.471e-06   1.471e-06  DCAP64
FILLDECAP_T_2_1187                     0           0   1.471e-06   1.471e-06  DCAP64
FILLDECAP_T_4_764                      0           0   1.471e-06   1.471e-06  DCAP64
FILLDECAP_T_1_202                      0           0   1.471e-06   1.471e-06  DCAP64
FILLDECAP_T_1_1112                     0           0   1.471e-06   1.471e-06  DCAP64
FILLDECAP_T_2_1188                     0           0   1.471e-06   1.471e-06  DCAP64
FILLDECAP_T_4_765                      0           0   1.471e-06   1.471e-06  DCAP64
FILLDECAP_T_1_203                      0           0   3.013e-07   3.013e-07  DCAP16
FILLDECAP_T_2_1189                     0           0   1.471e-06   1.471e-06  DCAP64
FILLDECAP_T_4_766                      0           0   1.471e-06   1.471e-06  DCAP64
FILLDECAP_T_1_204                      0           0   1.846e-08   1.846e-08  DCAP4
FILLDECAP_T_2_1190                     0           0   1.471e-06   1.471e-06  DCAP64
FILLDECAP_T_4_767                      0           0   1.471e-06   1.471e-06  DCAP64
FILLDECAP_T_1_205                      0           0   1.471e-06   1.471e-06  DCAP64
FILLDECAP_T_2_1191                     0           0   1.471e-06   1.471e-06  DCAP64
FILLDECAP_T_4_768                      0           0   1.471e-06   1.471e-06  DCAP64
FILLDECAP_T_2_1192                     0           0   1.471e-06   1.471e-06  DCAP64
FILLDECAP_T_5_175                      0           0   1.471e-06   1.471e-06  DCAP64
FILLDECAP_T_2_248                      0           0   1.471e-06   1.471e-06  DCAP64
FILLDECAP_T_1_263                      0           0   1.471e-06   1.471e-06  DCAP64
FILLDECAP_T_2_1193                     0           0   1.471e-06   1.471e-06  DCAP64
FILLDECAP_T_5_176                      0           0   1.471e-06   1.471e-06  DCAP64
FILLDECAP_T_2_249                      0           0   1.471e-06   1.471e-06  DCAP64
FILLDECAP_T_1_264                      0           0   1.471e-06   1.471e-06  DCAP64
FILLDECAP_T_2_1194                     0           0   7.166e-07   7.166e-07  DCAP32
FILLDECAP_T_5_177                      0           0   1.471e-06   1.471e-06  DCAP64
FILLDECAP_T_2_250                      0           0   1.471e-06   1.471e-06  DCAP64
FILLDECAP_T_1_265                      0           0   1.471e-06   1.471e-06  DCAP64
FILLDECAP_T_2_1195                     0           0   3.013e-07   3.013e-07  DCAP16
FILLDECAP_T_5_178                      0           0   1.471e-06   1.471e-06  DCAP64
FILLDECAP_T_2_251                      0           0   1.471e-06   1.471e-06  DCAP64
FILLDECAP_T_1_266                      0           0   1.471e-06   1.471e-06  DCAP64
FILLDECAP_T_2_1196                     0           0   1.331e-07   1.331e-07  DCAP8
FILLDECAP_T_2_12                       0           0   1.471e-06   1.471e-06  DCAP64
FILLDECAP_T_5_179                      0           0   1.471e-06   1.471e-06  DCAP64
FILLDECAP_T_2_252                      0           0   1.471e-06   1.471e-06  DCAP64
FILLDECAP_T_1_267                      0           0   1.471e-06   1.471e-06  DCAP64
FILLDECAP_T_2_1200                     0           0   1.471e-06   1.471e-06  DCAP64
FILLDECAP_T_5_180                      0           0   1.471e-06   1.471e-06  DCAP64
FILLDECAP_T_2_253                      0           0   1.471e-06   1.471e-06  DCAP64
FILLDECAP_T_1_268                      0           0   1.471e-06   1.471e-06  DCAP64
FILLDECAP_T_2_1201                     0           0   1.471e-06   1.471e-06  DCAP64
FILLDECAP_T_5_181                      0           0   1.471e-06   1.471e-06  DCAP64
FILLDECAP_T_2_254                      0           0   1.471e-06   1.471e-06  DCAP64
FILLDECAP_T_1_269                      0           0   1.471e-06   1.471e-06  DCAP64
FILLDECAP_T_2_1202                     0           0   1.471e-06   1.471e-06  DCAP64
FILLDECAP_T_5_182                      0           0   1.471e-06   1.471e-06  DCAP64
FILLDECAP_T_2_255                      0           0   1.471e-06   1.471e-06  DCAP64
FILLDECAP_T_1_270                      0           0   1.471e-06   1.471e-06  DCAP64
FILLDECAP_T_2_1203                     0           0   1.471e-06   1.471e-06  DCAP64
FILLDECAP_T_2_256                      0           0   1.471e-06   1.471e-06  DCAP64
FILLDECAP_T_1_271                      0           0   1.471e-06   1.471e-06  DCAP64
FILLDECAP_T_2_1204                     0           0   1.471e-06   1.471e-06  DCAP64
FILLDECAP_T_2_257                      0           0   1.471e-06   1.471e-06  DCAP64
FILLDECAP_T_1_272                      0           0   1.471e-06   1.471e-06  DCAP64
FILLDECAP_T_2_1205                     0           0   1.471e-06   1.471e-06  DCAP64
FILLDECAP_T_2_258                      0           0   3.013e-07   3.013e-07  DCAP16
FILLDECAP_T_1_273                      0           0   1.471e-06   1.471e-06  DCAP64
FILLDECAP_T_2_1206                     0           0   1.471e-06   1.471e-06  DCAP64
FILLDECAP_T_2_259                      0           0   1.471e-06   1.471e-06  DCAP64
FILLDECAP_T_1_274                      0           0   1.471e-06   1.471e-06  DCAP64
FILLDECAP_T_2_1207                     0           0   1.471e-06   1.471e-06  DCAP64
FILLDECAP_T_2_260                      0           0   1.471e-06   1.471e-06  DCAP64
FILLDECAP_T_1_275                      0           0   1.471e-06   1.471e-06  DCAP64
FILLDECAP_T_2_1208                     0           0   1.471e-06   1.471e-06  DCAP64
FILLDECAP_T_2_261                      0           0   1.471e-06   1.471e-06  DCAP64
FILLDECAP_T_1_276                      0           0   1.471e-06   1.471e-06  DCAP64
FILLDECAP_T_2_1209                     0           0   1.471e-06   1.471e-06  DCAP64
FILLDECAP_T_2_262                      0           0   1.471e-06   1.471e-06  DCAP64
FILLDECAP_T_1_277                      0           0   1.471e-06   1.471e-06  DCAP64
FILLDECAP_T_2_1210                     0           0   1.471e-06   1.471e-06  DCAP64
FILLDECAP_T_2_263                      0           0   1.471e-06   1.471e-06  DCAP64
FILLDECAP_T_1_278                      0           0   1.471e-06   1.471e-06  DCAP64
FILLDECAP_T_2_1211                     0           0   1.471e-06   1.471e-06  DCAP64
FILLDECAP_T_2_264                      0           0   1.471e-06   1.471e-06  DCAP64
FILLDECAP_T_1_279                      0           0   1.471e-06   1.471e-06  DCAP64
FILLDECAP_T_2_1212                     0           0   1.471e-06   1.471e-06  DCAP64
FILLDECAP_T_2_265                      0           0   1.471e-06   1.471e-06  DCAP64
FILLDECAP_T_1_280                      0           0   1.471e-06   1.471e-06  DCAP64
FILLDECAP_T_2_1213                     0           0   3.013e-07   3.013e-07  DCAP16
FILLDECAP_T_2_266                      0           0   1.471e-06   1.471e-06  DCAP64
FILLDECAP_T_1_281                      0           0   1.471e-06   1.471e-06  DCAP64
FILLDECAP_T_2_1215                     0           0   1.471e-06   1.471e-06  DCAP64
FILLDECAP_T_2_267                      0           0   1.471e-06   1.471e-06  DCAP64
FILLDECAP_T_1_282                      0           0   1.471e-06   1.471e-06  DCAP64
FILLDECAP_T_2_1216                     0           0   1.471e-06   1.471e-06  DCAP64
FILLDECAP_T_2_268                      0           0   1.471e-06   1.471e-06  DCAP64
FILLDECAP_T_1_283                      0           0   1.471e-06   1.471e-06  DCAP64
FILLDECAP_T_2_1217                     0           0   1.471e-06   1.471e-06  DCAP64
FILLDECAP_T_2_269                      0           0   1.471e-06   1.471e-06  DCAP64
FILLDECAP_T_1_284                      0           0   1.471e-06   1.471e-06  DCAP64
FILLDECAP_T_2_1218                     0           0   1.471e-06   1.471e-06  DCAP64
FILLDECAP_T_2_270                      0           0   1.471e-06   1.471e-06  DCAP64
FILLDECAP_T_1_285                      0           0   1.471e-06   1.471e-06  DCAP64
FILLDECAP_T_2_1219                     0           0   1.471e-06   1.471e-06  DCAP64
FILLDECAP_T_2_271                      0           0   1.471e-06   1.471e-06  DCAP64
FILLDECAP_T_1_286                      0           0   1.471e-06   1.471e-06  DCAP64
FILLDECAP_T_2_1220                     0           0   1.471e-06   1.471e-06  DCAP64
FILLDECAP_T_1_287                      0           0   1.471e-06   1.471e-06  DCAP64
FILLDECAP_T_2_1221                     0           0   1.471e-06   1.471e-06  DCAP64
FILLDECAP_T_1_288                      0           0   3.013e-07   3.013e-07  DCAP16
FILLDECAP_T_2_1222                     0           0   1.471e-06   1.471e-06  DCAP64
FILLDECAP_T_1_289                      0           0   1.471e-06   1.471e-06  DCAP64
FILLDECAP_T_2_1223                     0           0   1.471e-06   1.471e-06  DCAP64
FILLDECAP_T_2_1224                     0           0   1.471e-06   1.471e-06  DCAP64
FILLDECAP_T_5_321                      0           0   1.471e-06   1.471e-06  DCAP64
FILLDECAP_T_1_349                      0           0   1.471e-06   1.471e-06  DCAP64
FILLDECAP_T_2_222                      0           0   1.471e-06   1.471e-06  DCAP64
FILLDECAP_T_2_1230                     0           0   3.013e-07   3.013e-07  DCAP16
FILLDECAP_T_5_322                      0           0   1.471e-06   1.471e-06  DCAP64
FILLDECAP_T_1_350                      0           0   1.471e-06   1.471e-06  DCAP64
FILLDECAP_T_2_223                      0           0   1.471e-06   1.471e-06  DCAP64
FILLDECAP_T_2_1231                     0           0   1.331e-07   1.331e-07  DCAP8
FILLDECAP_T_5_323                      0           0   1.471e-06   1.471e-06  DCAP64
FILLDECAP_T_1_351                      0           0   1.471e-06   1.471e-06  DCAP64
FILLDECAP_T_2_224                      0           0   1.471e-06   1.471e-06  DCAP64
FILLDECAP_T_2_1235                     0           0   1.471e-06   1.471e-06  DCAP64
FILLDECAP_T_5_324                      0           0   1.471e-06   1.471e-06  DCAP64
FILLDECAP_T_1_352                      0           0   1.471e-06   1.471e-06  DCAP64
FILLDECAP_T_2_225                      0           0   1.471e-06   1.471e-06  DCAP64
FILLDECAP_T_2_1236                     0           0   1.471e-06   1.471e-06  DCAP64
FILLDECAP_T_5_325                      0           0   1.471e-06   1.471e-06  DCAP64
FILLDECAP_T_1_353                      0           0   1.471e-06   1.471e-06  DCAP64
FILLDECAP_T_2_226                      0           0   1.471e-06   1.471e-06  DCAP64
FILLDECAP_T_2_1237                     0           0   1.471e-06   1.471e-06  DCAP64
FILLDECAP_T_5_326                      0           0   1.471e-06   1.471e-06  DCAP64
FILLDECAP_T_1_354                      0           0   1.471e-06   1.471e-06  DCAP64
FILLDECAP_T_2_227                      0           0   1.471e-06   1.471e-06  DCAP64
FILLDECAP_T_2_1238                     0           0   1.471e-06   1.471e-06  DCAP64
FILLDECAP_T_1_355                      0           0   1.471e-06   1.471e-06  DCAP64
FILLDECAP_T_2_228                      0           0   1.471e-06   1.471e-06  DCAP64
FILLDECAP_T_2_1239                     0           0   1.471e-06   1.471e-06  DCAP64
FILLDECAP_T_1_356                      0           0   1.471e-06   1.471e-06  DCAP64
FILLDECAP_T_2_229                      0           0   1.471e-06   1.471e-06  DCAP64
FILLDECAP_T_2_1240                     0           0   1.471e-06   1.471e-06  DCAP64
FILLDECAP_T_1_357                      0           0   1.471e-06   1.471e-06  DCAP64
FILLDECAP_T_2_230                      0           0   3.013e-07   3.013e-07  DCAP16
FILLDECAP_T_2_1241                     0           0   1.471e-06   1.471e-06  DCAP64
FILLDECAP_T_1_358                      0           0   1.471e-06   1.471e-06  DCAP64
FILLDECAP_T_2_231                      0           0   1.471e-06   1.471e-06  DCAP64
FILLDECAP_T_2_1242                     0           0   1.471e-06   1.471e-06  DCAP64
FILLDECAP_T_1_359                      0           0   1.471e-06   1.471e-06  DCAP64
FILLDECAP_T_2_232                      0           0   1.471e-06   1.471e-06  DCAP64
FILLDECAP_T_2_1243                     0           0   1.471e-06   1.471e-06  DCAP64
FILLDECAP_T_1_360                      0           0   1.471e-06   1.471e-06  DCAP64
FILLDECAP_T_2_233                      0           0   1.471e-06   1.471e-06  DCAP64
FILLDECAP_T_2_1244                     0           0   1.471e-06   1.471e-06  DCAP64
FILLDECAP_T_1_361                      0           0   1.471e-06   1.471e-06  DCAP64
FILLDECAP_T_2_234                      0           0   1.471e-06   1.471e-06  DCAP64
FILLDECAP_T_2_1245                     0           0   1.471e-06   1.471e-06  DCAP64
FILLDECAP_T_1_362                      0           0   1.471e-06   1.471e-06  DCAP64
FILLDECAP_T_2_235                      0           0   1.471e-06   1.471e-06  DCAP64
FILLDECAP_T_2_1246                     0           0   1.471e-06   1.471e-06  DCAP64
FILLDECAP_T_1_363                      0           0   1.471e-06   1.471e-06  DCAP64
FILLDECAP_T_2_236                      0           0   1.471e-06   1.471e-06  DCAP64
FILLDECAP_T_2_1247                     0           0   1.471e-06   1.471e-06  DCAP64
FILLDECAP_T_1_364                      0           0   1.471e-06   1.471e-06  DCAP64
FILLDECAP_T_2_237                      0           0   1.471e-06   1.471e-06  DCAP64
FILLDECAP_T_2_1248                     0           0   1.471e-06   1.471e-06  DCAP64
FILLDECAP_T_1_365                      0           0   1.471e-06   1.471e-06  DCAP64
FILLDECAP_T_2_238                      0           0   1.471e-06   1.471e-06  DCAP64
FILLDECAP_T_2_1249                     0           0   1.471e-06   1.471e-06  DCAP64
FILLDECAP_T_1_366                      0           0   1.471e-06   1.471e-06  DCAP64
FILLDECAP_T_2_239                      0           0   1.471e-06   1.471e-06  DCAP64
FILLDECAP_T_2_1250                     0           0   7.166e-07   7.166e-07  DCAP32
FILLDECAP_T_1_367                      0           0   1.471e-06   1.471e-06  DCAP64
FILLDECAP_T_2_240                      0           0   1.471e-06   1.471e-06  DCAP64
FILLDECAP_T_2_1251                     0           0   3.013e-07   3.013e-07  DCAP16
FILLDECAP_T_1_368                      0           0   1.471e-06   1.471e-06  DCAP64
FILLDECAP_T_2_241                      0           0   1.471e-06   1.471e-06  DCAP64
FILLDECAP_T_2_1252                     0           0   1.846e-08   1.846e-08  DCAP4
FILLDECAP_T_1_369                      0           0   1.471e-06   1.471e-06  DCAP64
FILLDECAP_T_2_242                      0           0   1.471e-06   1.471e-06  DCAP64
FILLDECAP_T_2_1253                     0           0   1.471e-06   1.471e-06  DCAP64
FILLDECAP_T_1_370                      0           0   1.471e-06   1.471e-06  DCAP64
FILLDECAP_T_2_243                      0           0   1.471e-06   1.471e-06  DCAP64
FILLDECAP_T_2_1254                     0           0   1.471e-06   1.471e-06  DCAP64
FILLDECAP_T_1_371                      0           0   1.471e-06   1.471e-06  DCAP64
FILLDECAP_T_2_1255                     0           0   1.471e-06   1.471e-06  DCAP64
FILLDECAP_T_1_372                      0           0   3.013e-07   3.013e-07  DCAP16
FILLDECAP_T_2_1256                     0           0   1.471e-06   1.471e-06  DCAP64
FILLDECAP_T_5_608                      0           0   1.471e-06   1.471e-06  DCAP64
FILLDECAP_T_1_373                      0           0   1.471e-06   1.471e-06  DCAP64
FILLDECAP_T_2_1257                     0           0   1.471e-06   1.471e-06  DCAP64
FILLDECAP_T_5_609                      0           0   1.471e-06   1.471e-06  DCAP64
FILLDECAP_T_2_1258                     0           0   1.471e-06   1.471e-06  DCAP64
FILLDECAP_T_1_375                      0           0   1.471e-06   1.471e-06  DCAP64
FILLDECAP_T_2_1259                     0           0   1.471e-06   1.471e-06  DCAP64
FILLDECAP_T_1_376                      0           0   1.471e-06   1.471e-06  DCAP64
FILLDECAP_T_2_1260                     0           0   1.471e-06   1.471e-06  DCAP64
FILLDECAP_T_1_377                      0           0   1.471e-06   1.471e-06  DCAP64
FILLDECAP_T_2_1261                     0           0   1.471e-06   1.471e-06  DCAP64
FILLDECAP_T_1_378                      0           0   1.471e-06   1.471e-06  DCAP64
FILLDECAP_T_2_1262                     0           0   1.471e-06   1.471e-06  DCAP64
FILLDECAP_T_1_379                      0           0   1.471e-06   1.471e-06  DCAP64
FILLDECAP_T_2_1263                     0           0   3.013e-07   3.013e-07  DCAP16
FILLDECAP_T_1_380                      0           0   1.471e-06   1.471e-06  DCAP64
FILLDECAP_T_2_1271                     0           0   1.846e-08   1.846e-08  DCAP4
FILLDECAP_T_1_381                      0           0   1.471e-06   1.471e-06  DCAP64
FILLDECAP_T_2_1273                     0           0   3.013e-07   3.013e-07  DCAP16
FILLDECAP_T_1_382                      0           0   1.471e-06   1.471e-06  DCAP64
FILLDECAP_T_2_1274                     0           0   1.471e-06   1.471e-06  DCAP64
FILLDECAP_T_1_383                      0           0   1.471e-06   1.471e-06  DCAP64
FILLDECAP_T_2_1275                     0           0   1.471e-06   1.471e-06  DCAP64
FILLDECAP_T_1_384                      0           0   1.471e-06   1.471e-06  DCAP64
FILLDECAP_T_2_1276                     0           0   1.471e-06   1.471e-06  DCAP64
FILLDECAP_T_1_385                      0           0   1.471e-06   1.471e-06  DCAP64
FILLDECAP_T_2_1277                     0           0   1.471e-06   1.471e-06  DCAP64
FILLDECAP_T_1_386                      0           0   1.471e-06   1.471e-06  DCAP64
FILLDECAP_T_2_1278                     0           0   1.471e-06   1.471e-06  DCAP64
FILLDECAP_T_1_387                      0           0   1.471e-06   1.471e-06  DCAP64
FILLDECAP_T_2_1279                     0           0   1.471e-06   1.471e-06  DCAP64
FILLDECAP_T_1_388                      0           0   1.471e-06   1.471e-06  DCAP64
FILLDECAP_T_2_1280                     0           0   1.471e-06   1.471e-06  DCAP64
FILLDECAP_T_1_389                      0           0   1.471e-06   1.471e-06  DCAP64
FILLDECAP_T_2_1281                     0           0   1.471e-06   1.471e-06  DCAP64
FILLDECAP_T_1_390                      0           0   1.471e-06   1.471e-06  DCAP64
FILLDECAP_T_2_1282                     0           0   1.471e-06   1.471e-06  DCAP64
FILLDECAP_T_1_391                      0           0   1.471e-06   1.471e-06  DCAP64
FILLDECAP_T_2_1283                     0           0   1.471e-06   1.471e-06  DCAP64
FILLDECAP_T_1_392                      0           0   1.471e-06   1.471e-06  DCAP64
FILLDECAP_T_2_1284                     0           0   1.471e-06   1.471e-06  DCAP64
FILLDECAP_T_1_393                      0           0   1.471e-06   1.471e-06  DCAP64
FILLDECAP_T_2_1285                     0           0   1.471e-06   1.471e-06  DCAP64
FILLDECAP_T_1_394                      0           0   1.471e-06   1.471e-06  DCAP64
FILLDECAP_T_2_1286                     0           0   1.471e-06   1.471e-06  DCAP64
FILLDECAP_T_1_395                      0           0   1.471e-06   1.471e-06  DCAP64
FILLDECAP_T_2_1287                     0           0   1.471e-06   1.471e-06  DCAP64
FILLDECAP_T_1_396                      0           0   1.471e-06   1.471e-06  DCAP64
FILLDECAP_T_2_1288                     0           0   1.471e-06   1.471e-06  DCAP64
FILLDECAP_T_1_397                      0           0   1.471e-06   1.471e-06  DCAP64
FILLDECAP_T_2_1289                     0           0   7.166e-07   7.166e-07  DCAP32
FILLDECAP_T_1_398                      0           0   1.471e-06   1.471e-06  DCAP64
FILLDECAP_T_2_1290                     0           0   1.846e-08   1.846e-08  DCAP4
FILLDECAP_T_1_399                      0           0   1.471e-06   1.471e-06  DCAP64
FILLDECAP_T_2_1291                     0           0   8.028e-09   8.028e-09  DCAP
FILLDECAP_T_1_400                      0           0   3.013e-07   3.013e-07  DCAP16
FILLDECAP_T_2_1292                     0           0   1.471e-06   1.471e-06  DCAP64
FILLDECAP_T_1_401                      0           0   1.471e-06   1.471e-06  DCAP64
FILLDECAP_T_2_1293                     0           0   1.471e-06   1.471e-06  DCAP64
FILLDECAP_T_2_1294                     0           0   1.471e-06   1.471e-06  DCAP64
FILLDECAP_T_1_677                      0           0   1.471e-06   1.471e-06  DCAP64
FILLDECAP_T_2_910                      0           0   1.471e-06   1.471e-06  DCAP64
FILLDECAP_T_2_1295                     0           0   1.471e-06   1.471e-06  DCAP64
FILLDECAP_T_1_678                      0           0   1.471e-06   1.471e-06  DCAP64
FILLDECAP_T_2_911                      0           0   1.471e-06   1.471e-06  DCAP64
FILLDECAP_T_2_1296                     0           0   1.471e-06   1.471e-06  DCAP64
FILLDECAP_T_4_542                      0           0   1.471e-06   1.471e-06  DCAP64
FILLDECAP_T_1_679                      0           0   1.471e-06   1.471e-06  DCAP64
FILLDECAP_T_2_912                      0           0   3.013e-07   3.013e-07  DCAP16
FILLDECAP_T_2_1297                     0           0   1.471e-06   1.471e-06  DCAP64
FILLDECAP_T_4_543                      0           0   1.471e-06   1.471e-06  DCAP64
FILLDECAP_T_1_680                      0           0   1.471e-06   1.471e-06  DCAP64
FILLDECAP_T_2_913                      0           0   1.471e-06   1.471e-06  DCAP64
FILLDECAP_T_2_1298                     0           0   1.471e-06   1.471e-06  DCAP64
FILLDECAP_T_4_544                      0           0   1.471e-06   1.471e-06  DCAP64
FILLDECAP_T_2_914                      0           0   1.471e-06   1.471e-06  DCAP64
FILLDECAP_T_1_681                      0           0   1.471e-06   1.471e-06  DCAP64
FILLDECAP_T_2_1299                     0           0   1.471e-06   1.471e-06  DCAP64
FILLDECAP_T_2_13                       0           0   1.471e-06   1.471e-06  DCAP64
FILLDECAP_T_4_545                      0           0   1.471e-06   1.471e-06  DCAP64
FILLDECAP_T_2_915                      0           0   1.471e-06   1.471e-06  DCAP64
FILLDECAP_T_1_682                      0           0   1.471e-06   1.471e-06  DCAP64
FILLDECAP_T_2_1300                     0           0   1.471e-06   1.471e-06  DCAP64
FILLDECAP_T_4_546                      0           0   1.471e-06   1.471e-06  DCAP64
FILLDECAP_T_1_683                      0           0   1.471e-06   1.471e-06  DCAP64
FILLDECAP_T_2_916                      0           0   1.471e-06   1.471e-06  DCAP64
FILLDECAP_T_2_1301                     0           0   1.471e-06   1.471e-06  DCAP64
FILLDECAP_T_4_547                      0           0   1.471e-06   1.471e-06  DCAP64
FILLDECAP_T_1_684                      0           0   1.471e-06   1.471e-06  DCAP64
FILLDECAP_T_2_917                      0           0   1.471e-06   1.471e-06  DCAP64
FILLDECAP_T_2_1312                     0           0   1.331e-07   1.331e-07  DCAP8
FILLDECAP_T_4_548                      0           0   1.471e-06   1.471e-06  DCAP64
FILLDECAP_T_1_685                      0           0   1.471e-06   1.471e-06  DCAP64
FILLDECAP_T_2_918                      0           0   1.471e-06   1.471e-06  DCAP64
FILLDECAP_T_2_1313                     0           0   1.846e-08   1.846e-08  DCAP4
FILLDECAP_T_4_549                      0           0   1.471e-06   1.471e-06  DCAP64
FILLDECAP_T_1_686                      0           0   1.471e-06   1.471e-06  DCAP64
FILLDECAP_T_2_919                      0           0   1.471e-06   1.471e-06  DCAP64
FILLDECAP_T_2_1315                     0           0   8.028e-09   8.028e-09  DCAP
FILLDECAP_T_4_550                      0           0   1.471e-06   1.471e-06  DCAP64
FILLDECAP_T_2_920                      0           0   1.471e-06   1.471e-06  DCAP64
FILLDECAP_T_2_1316                     0           0   1.471e-06   1.471e-06  DCAP64
FILLDECAP_T_4_551                      0           0   1.471e-06   1.471e-06  DCAP64
FILLDECAP_T_2_921                      0           0   1.471e-06   1.471e-06  DCAP64
FILLDECAP_T_2_1317                     0           0   1.471e-06   1.471e-06  DCAP64
FILLDECAP_T_4_552                      0           0   1.471e-06   1.471e-06  DCAP64
FILLDECAP_T_2_922                      0           0   1.471e-06   1.471e-06  DCAP64
FILLDECAP_T_2_1318                     0           0   1.471e-06   1.471e-06  DCAP64
FILLDECAP_T_4_553                      0           0   1.471e-06   1.471e-06  DCAP64
FILLDECAP_T_2_923                      0           0   1.471e-06   1.471e-06  DCAP64
FILLDECAP_T_2_1319                     0           0   1.471e-06   1.471e-06  DCAP64
FILLDECAP_T_4_554                      0           0   1.471e-06   1.471e-06  DCAP64
FILLDECAP_T_2_924                      0           0   1.471e-06   1.471e-06  DCAP64
FILLDECAP_T_2_1320                     0           0   1.471e-06   1.471e-06  DCAP64
FILLDECAP_T_4_555                      0           0   1.471e-06   1.471e-06  DCAP64
FILLDECAP_T_2_925                      0           0   1.471e-06   1.471e-06  DCAP64
FILLDECAP_T_2_1321                     0           0   1.471e-06   1.471e-06  DCAP64
FILLDECAP_T_4_556                      0           0   1.471e-06   1.471e-06  DCAP64
FILLDECAP_T_2_926                      0           0   1.471e-06   1.471e-06  DCAP64
FILLDECAP_T_2_1322                     0           0   1.471e-06   1.471e-06  DCAP64
FILLDECAP_T_4_557                      0           0   1.471e-06   1.471e-06  DCAP64
FILLDECAP_T_2_927                      0           0   7.166e-07   7.166e-07  DCAP32
FILLDECAP_T_2_1323                     0           0   1.471e-06   1.471e-06  DCAP64
FILLDECAP_T_4_558                      0           0   1.471e-06   1.471e-06  DCAP64
FILLDECAP_T_2_928                      0           0   1.846e-08   1.846e-08  DCAP4
FILLDECAP_T_2_1324                     0           0   1.471e-06   1.471e-06  DCAP64
FILLDECAP_T_4_559                      0           0   1.471e-06   1.471e-06  DCAP64
FILLDECAP_T_2_930                      0           0   1.471e-06   1.471e-06  DCAP64
FILLDECAP_T_2_1325                     0           0   1.471e-06   1.471e-06  DCAP64
FILLDECAP_T_4_560                      0           0   1.471e-06   1.471e-06  DCAP64
FILLDECAP_T_2_931                      0           0   1.471e-06   1.471e-06  DCAP64
FILLDECAP_T_2_1326                     0           0   1.471e-06   1.471e-06  DCAP64
FILLDECAP_T_4_561                      0           0   1.471e-06   1.471e-06  DCAP64
FILLDECAP_T_2_932                      0           0   1.471e-06   1.471e-06  DCAP64
FILLDECAP_T_2_1327                     0           0   1.471e-06   1.471e-06  DCAP64
FILLDECAP_T_4_562                      0           0   1.471e-06   1.471e-06  DCAP64
FILLDECAP_T_2_933                      0           0   1.471e-06   1.471e-06  DCAP64
FILLDECAP_T_2_1328                     0           0   1.471e-06   1.471e-06  DCAP64
FILLDECAP_T_4_563                      0           0   1.471e-06   1.471e-06  DCAP64
FILLDECAP_T_2_934                      0           0   1.471e-06   1.471e-06  DCAP64
FILLDECAP_T_2_1329                     0           0   1.471e-06   1.471e-06  DCAP64
FILLDECAP_T_4_564                      0           0   1.471e-06   1.471e-06  DCAP64
FILLDECAP_T_2_1330                     0           0   1.471e-06   1.471e-06  DCAP64
FILLDECAP_T_4_565                      0           0   1.471e-06   1.471e-06  DCAP64
FILLDECAP_T_2_1331                     0           0   7.166e-07   7.166e-07  DCAP32
FILLDECAP_T_4_566                      0           0   3.013e-07   3.013e-07  DCAP16
FILLDECAP_T_2_1332                     0           0   1.846e-08   1.846e-08  DCAP4
FILLDECAP_T_4_567                      0           0   1.471e-06   1.471e-06  DCAP64
FILLDECAP_T_2_1333                     0           0   1.471e-06   1.471e-06  DCAP64
FILLDECAP_T_1_434                      0           0   1.471e-06   1.471e-06  DCAP64
FILLDECAP_T_4_1057                     0           0   1.471e-06   1.471e-06  DCAP64
FILLDECAP_T_2_1337                     0           0   1.471e-06   1.471e-06  DCAP64
FILLDECAP_T_1_435                      0           0   1.471e-06   1.471e-06  DCAP64
FILLDECAP_T_4_1058                     0           0   1.471e-06   1.471e-06  DCAP64
FILLDECAP_T_2_1338                     0           0   1.471e-06   1.471e-06  DCAP64
FILLDECAP_T_1_436                      0           0   1.471e-06   1.471e-06  DCAP64
FILLDECAP_T_4_1059                     0           0   1.471e-06   1.471e-06  DCAP64
FILLDECAP_T_2_1339                     0           0   1.471e-06   1.471e-06  DCAP64
FILLDECAP_T_1_437                      0           0   1.471e-06   1.471e-06  DCAP64
FILLDECAP_T_4_1060                     0           0   1.471e-06   1.471e-06  DCAP64
FILLDECAP_T_2_1340                     0           0   1.471e-06   1.471e-06  DCAP64
FILLDECAP_T_1_438                      0           0   1.471e-06   1.471e-06  DCAP64
FILLDECAP_T_4_1061                     0           0   1.471e-06   1.471e-06  DCAP64
FILLDECAP_T_2_1341                     0           0   1.471e-06   1.471e-06  DCAP64
FILLDECAP_T_5_918                      0           0   1.471e-06   1.471e-06  DCAP64
FILLDECAP_T_1_439                      0           0   1.471e-06   1.471e-06  DCAP64
FILLDECAP_T_4_1062                     0           0   1.471e-06   1.471e-06  DCAP64
FILLDECAP_T_2_1342                     0           0   1.471e-06   1.471e-06  DCAP64
FILLDECAP_T_5_919                      0           0   1.471e-06   1.471e-06  DCAP64
FILLDECAP_T_1_440                      0           0   1.471e-06   1.471e-06  DCAP64
FILLDECAP_T_4_1063                     0           0   1.471e-06   1.471e-06  DCAP64
FILLDECAP_T_2_1346                     0           0   1.471e-06   1.471e-06  DCAP64
FILLDECAP_T_5_920                      0           0   1.471e-06   1.471e-06  DCAP64
FILLDECAP_T_1_441                      0           0   1.471e-06   1.471e-06  DCAP64
FILLDECAP_T_4_1064                     0           0   1.471e-06   1.471e-06  DCAP64
FILLDECAP_T_2_1347                     0           0   1.471e-06   1.471e-06  DCAP64
FILLDECAP_T_5_921                      0           0   1.471e-06   1.471e-06  DCAP64
FILLDECAP_T_1_442                      0           0   1.471e-06   1.471e-06  DCAP64
FILLDECAP_T_4_1065                     0           0   1.471e-06   1.471e-06  DCAP64
FILLDECAP_T_2_1348                     0           0   1.471e-06   1.471e-06  DCAP64
FILLDECAP_T_5_922                      0           0   1.471e-06   1.471e-06  DCAP64
FILLDECAP_T_1_443                      0           0   1.471e-06   1.471e-06  DCAP64
FILLDECAP_T_4_1066                     0           0   1.471e-06   1.471e-06  DCAP64
FILLDECAP_T_2_1349                     0           0   1.471e-06   1.471e-06  DCAP64
FILLDECAP_T_5_923                      0           0   1.471e-06   1.471e-06  DCAP64
FILLDECAP_T_1_444                      0           0   1.471e-06   1.471e-06  DCAP64
FILLDECAP_T_4_1067                     0           0   1.471e-06   1.471e-06  DCAP64
FILLDECAP_T_2_1350                     0           0   1.471e-06   1.471e-06  DCAP64
FILLDECAP_T_5_924                      0           0   1.471e-06   1.471e-06  DCAP64
FILLDECAP_T_1_445                      0           0   1.471e-06   1.471e-06  DCAP64
FILLDECAP_T_4_1068                     0           0   1.471e-06   1.471e-06  DCAP64
FILLDECAP_T_2_1351                     0           0   1.471e-06   1.471e-06  DCAP64
FILLDECAP_T_5_925                      0           0   1.471e-06   1.471e-06  DCAP64
FILLDECAP_T_1_446                      0           0   1.471e-06   1.471e-06  DCAP64
FILLDECAP_T_4_1069                     0           0   1.471e-06   1.471e-06  DCAP64
FILLDECAP_T_2_1352                     0           0   1.471e-06   1.471e-06  DCAP64
FILLDECAP_T_5_926                      0           0   1.471e-06   1.471e-06  DCAP64
FILLDECAP_T_1_447                      0           0   1.471e-06   1.471e-06  DCAP64
FILLDECAP_T_4_1070                     0           0   1.471e-06   1.471e-06  DCAP64
FILLDECAP_T_2_1353                     0           0   1.471e-06   1.471e-06  DCAP64
FILLDECAP_T_5_927                      0           0   1.471e-06   1.471e-06  DCAP64
FILLDECAP_T_1_448                      0           0   1.471e-06   1.471e-06  DCAP64
FILLDECAP_T_4_1071                     0           0   1.471e-06   1.471e-06  DCAP64
FILLDECAP_T_2_1354                     0           0   1.471e-06   1.471e-06  DCAP64
FILLDECAP_T_5_928                      0           0   1.471e-06   1.471e-06  DCAP64
FILLDECAP_T_1_449                      0           0   1.471e-06   1.471e-06  DCAP64
FILLDECAP_T_4_1072                     0           0   1.471e-06   1.471e-06  DCAP64
FILLDECAP_T_2_1355                     0           0   1.471e-06   1.471e-06  DCAP64
FILLDECAP_T_5_929                      0           0   1.471e-06   1.471e-06  DCAP64
FILLDECAP_T_1_450                      0           0   1.471e-06   1.471e-06  DCAP64
FILLDECAP_T_4_1073                     0           0   1.471e-06   1.471e-06  DCAP64
FILLDECAP_T_2_1356                     0           0   1.471e-06   1.471e-06  DCAP64
FILLDECAP_T_5_930                      0           0   1.471e-06   1.471e-06  DCAP64
FILLDECAP_T_1_451                      0           0   1.471e-06   1.471e-06  DCAP64
FILLDECAP_T_4_1074                     0           0   1.471e-06   1.471e-06  DCAP64
FILLDECAP_T_2_1357                     0           0   1.471e-06   1.471e-06  DCAP64
FILLDECAP_T_5_931                      0           0   1.471e-06   1.471e-06  DCAP64
FILLDECAP_T_1_452                      0           0   1.471e-06   1.471e-06  DCAP64
FILLDECAP_T_4_1075                     0           0   1.471e-06   1.471e-06  DCAP64
FILLDECAP_T_2_1358                     0           0   1.471e-06   1.471e-06  DCAP64
FILLDECAP_T_5_932                      0           0   1.471e-06   1.471e-06  DCAP64
FILLDECAP_T_1_453                      0           0   1.471e-06   1.471e-06  DCAP64
FILLDECAP_T_4_1076                     0           0   1.471e-06   1.471e-06  DCAP64
FILLDECAP_T_2_1359                     0           0   1.471e-06   1.471e-06  DCAP64
FILLDECAP_T_5_933                      0           0   1.471e-06   1.471e-06  DCAP64
FILLDECAP_T_1_454                      0           0   1.471e-06   1.471e-06  DCAP64
FILLDECAP_T_4_1077                     0           0   3.013e-07   3.013e-07  DCAP16
FILLDECAP_T_2_1360                     0           0   1.471e-06   1.471e-06  DCAP64
FILLDECAP_T_5_934                      0           0   1.471e-06   1.471e-06  DCAP64
FILLDECAP_T_4_1078                     0           0   1.471e-06   1.471e-06  DCAP64
FILLDECAP_T_1_455                      0           0   1.471e-06   1.471e-06  DCAP64
FILLDECAP_T_2_1361                     0           0   7.166e-07   7.166e-07  DCAP32
FILLDECAP_T_5_935                      0           0   1.471e-06   1.471e-06  DCAP64
FILLDECAP_T_4_1079                     0           0   1.471e-06   1.471e-06  DCAP64
FILLDECAP_T_1_456                      0           0   3.013e-07   3.013e-07  DCAP16
FILLDECAP_T_2_1362                     0           0   1.331e-07   1.331e-07  DCAP8
FILLDECAP_T_5_936                      0           0   1.471e-06   1.471e-06  DCAP64
FILLDECAP_T_1_458                      0           0   1.471e-06   1.471e-06  DCAP64
FILLDECAP_T_4_1080                     0           0   1.471e-06   1.471e-06  DCAP64
FILLDECAP_T_2_1364                     0           0   1.471e-06   1.471e-06  DCAP64
FILLDECAP_T_5_937                      0           0   1.471e-06   1.471e-06  DCAP64
FILLDECAP_T_4_1081                     0           0   1.471e-06   1.471e-06  DCAP64
FILLDECAP_T_2_1365                     0           0   1.471e-06   1.471e-06  DCAP64
FILLDECAP_T_1_733                      0           0   1.471e-06   1.471e-06  DCAP64
FILLDECAP_T_2_192                      0           0   1.471e-06   1.471e-06  DCAP64
FILLDECAP_T_1_460                      0           0   1.471e-06   1.471e-06  DCAP64
FILLDECAP_T_2_1366                     0           0   1.471e-06   1.471e-06  DCAP64
FILLDECAP_T_1_734                      0           0   1.471e-06   1.471e-06  DCAP64
FILLDECAP_T_2_193                      0           0   1.471e-06   1.471e-06  DCAP64
FILLDECAP_T_1_461                      0           0   1.471e-06   1.471e-06  DCAP64
FILLDECAP_T_2_1367                     0           0   1.471e-06   1.471e-06  DCAP64
FILLDECAP_T_2_194                      0           0   1.471e-06   1.471e-06  DCAP64
FILLDECAP_T_1_735                      0           0   1.471e-06   1.471e-06  DCAP64
FILLDECAP_T_1_462                      0           0   1.471e-06   1.471e-06  DCAP64
FILLDECAP_T_2_1368                     0           0   1.471e-06   1.471e-06  DCAP64
FILLDECAP_T_2_195                      0           0   1.471e-06   1.471e-06  DCAP64
FILLDECAP_T_1_736                      0           0   1.471e-06   1.471e-06  DCAP64
FILLDECAP_T_1_463                      0           0   1.471e-06   1.471e-06  DCAP64
FILLDECAP_T_2_1369                     0           0   1.471e-06   1.471e-06  DCAP64
FILLDECAP_T_2_196                      0           0   1.471e-06   1.471e-06  DCAP64
FILLDECAP_T_1_737                      0           0   1.471e-06   1.471e-06  DCAP64
FILLDECAP_T_1_464                      0           0   1.471e-06   1.471e-06  DCAP64
FILLDECAP_T_2_1370                     0           0   1.471e-06   1.471e-06  DCAP64
FILLDECAP_T_2_197                      0           0   1.471e-06   1.471e-06  DCAP64
FILLDECAP_T_1_738                      0           0   1.471e-06   1.471e-06  DCAP64
FILLDECAP_T_1_465                      0           0   1.471e-06   1.471e-06  DCAP64
FILLDECAP_T_2_1371                     0           0   1.471e-06   1.471e-06  DCAP64
FILLDECAP_T_2_198                      0           0   1.471e-06   1.471e-06  DCAP64
FILLDECAP_T_1_739                      0           0   1.471e-06   1.471e-06  DCAP64
FILLDECAP_T_1_466                      0           0   1.471e-06   1.471e-06  DCAP64
FILLDECAP_T_2_1372                     0           0   1.471e-06   1.471e-06  DCAP64
FILLDECAP_T_2_199                      0           0   1.471e-06   1.471e-06  DCAP64
FILLDECAP_T_1_740                      0           0   1.471e-06   1.471e-06  DCAP64
FILLDECAP_T_1_467                      0           0   1.471e-06   1.471e-06  DCAP64
FILLDECAP_T_2_1373                     0           0   1.471e-06   1.471e-06  DCAP64
FILLDECAP_T_5_946                      0           0   1.471e-06   1.471e-06  DCAP64
FILLDECAP_T_2_200                      0           0   1.471e-06   1.471e-06  DCAP64
FILLDECAP_T_1_741                      0           0   1.471e-06   1.471e-06  DCAP64
FILLDECAP_T_1_468                      0           0   1.471e-06   1.471e-06  DCAP64
FILLDECAP_T_2_1374                     0           0   7.166e-07   7.166e-07  DCAP32
FILLDECAP_T_5_947                      0           0   1.471e-06   1.471e-06  DCAP64
FILLDECAP_T_2_201                      0           0   1.471e-06   1.471e-06  DCAP64
FILLDECAP_T_1_742                      0           0   1.471e-06   1.471e-06  DCAP64
FILLDECAP_T_1_469                      0           0   1.471e-06   1.471e-06  DCAP64
FILLDECAP_T_2_1377                     0           0   1.471e-06   1.471e-06  DCAP64
FILLDECAP_T_5_948                      0           0   1.471e-06   1.471e-06  DCAP64
FILLDECAP_T_2_202                      0           0   3.013e-07   3.013e-07  DCAP16
FILLDECAP_T_1_470                      0           0   1.471e-06   1.471e-06  DCAP64
FILLDECAP_T_2_1378                     0           0   1.471e-06   1.471e-06  DCAP64
FILLDECAP_T_5_949                      0           0   1.471e-06   1.471e-06  DCAP64
FILLDECAP_T_2_203                      0           0   1.471e-06   1.471e-06  DCAP64
FILLDECAP_T_1_471                      0           0   1.471e-06   1.471e-06  DCAP64
FILLDECAP_T_2_1379                     0           0   7.166e-07   7.166e-07  DCAP32
FILLDECAP_T_5_950                      0           0   1.471e-06   1.471e-06  DCAP64
FILLDECAP_T_4_682                      0           0   1.471e-06   1.471e-06  DCAP64
FILLDECAP_T_2_204                      0           0   1.471e-06   1.471e-06  DCAP64
FILLDECAP_T_1_472                      0           0   1.471e-06   1.471e-06  DCAP64
FILLDECAP_T_2_1380                     0           0   3.013e-07   3.013e-07  DCAP16
FILLDECAP_T_5_951                      0           0   1.471e-06   1.471e-06  DCAP64
FILLDECAP_T_4_683                      0           0   1.471e-06   1.471e-06  DCAP64
FILLDECAP_T_2_205                      0           0   1.471e-06   1.471e-06  DCAP64
FILLDECAP_T_1_473                      0           0   1.471e-06   1.471e-06  DCAP64
FILLDECAP_T_2_1381                     0           0   1.331e-07   1.331e-07  DCAP8
FILLDECAP_T_5_952                      0           0   1.471e-06   1.471e-06  DCAP64
FILLDECAP_T_4_684                      0           0   1.471e-06   1.471e-06  DCAP64
FILLDECAP_T_2_206                      0           0   1.471e-06   1.471e-06  DCAP64
FILLDECAP_T_1_474                      0           0   1.471e-06   1.471e-06  DCAP64
FILLDECAP_T_2_1382                     0           0   1.846e-08   1.846e-08  DCAP4
FILLDECAP_T_5_953                      0           0   1.471e-06   1.471e-06  DCAP64
FILLDECAP_T_4_685                      0           0   1.471e-06   1.471e-06  DCAP64
FILLDECAP_T_2_207                      0           0   1.471e-06   1.471e-06  DCAP64
FILLDECAP_T_1_475                      0           0   1.471e-06   1.471e-06  DCAP64
FILLDECAP_T_2_1383                     0           0   8.028e-09   8.028e-09  DCAP
FILLDECAP_T_5_954                      0           0   1.471e-06   1.471e-06  DCAP64
FILLDECAP_T_4_686                      0           0   1.471e-06   1.471e-06  DCAP64
FILLDECAP_T_2_208                      0           0   1.471e-06   1.471e-06  DCAP64
FILLDECAP_T_1_476                      0           0   1.471e-06   1.471e-06  DCAP64
FILLDECAP_T_2_1384                     0           0   1.471e-06   1.471e-06  DCAP64
FILLDECAP_T_5_955                      0           0   1.471e-06   1.471e-06  DCAP64
FILLDECAP_T_4_687                      0           0   1.471e-06   1.471e-06  DCAP64
FILLDECAP_T_2_209                      0           0   1.471e-06   1.471e-06  DCAP64
FILLDECAP_T_1_477                      0           0   1.471e-06   1.471e-06  DCAP64
FILLDECAP_T_2_1385                     0           0   1.471e-06   1.471e-06  DCAP64
FILLDECAP_T_5_956                      0           0   1.331e-07   1.331e-07  DCAP8
FILLDECAP_T_4_688                      0           0   1.471e-06   1.471e-06  DCAP64
FILLDECAP_T_2_210                      0           0   1.471e-06   1.471e-06  DCAP64
FILLDECAP_T_1_478                      0           0   1.471e-06   1.471e-06  DCAP64
FILLDECAP_T_2_1386                     0           0   1.471e-06   1.471e-06  DCAP64
FILLDECAP_T_5_959                      0           0   1.471e-06   1.471e-06  DCAP64
FILLDECAP_T_4_689                      0           0   1.471e-06   1.471e-06  DCAP64
FILLDECAP_T_2_211                      0           0   1.471e-06   1.471e-06  DCAP64
FILLDECAP_T_1_479                      0           0   1.471e-06   1.471e-06  DCAP64
FILLDECAP_T_2_1387                     0           0   1.471e-06   1.471e-06  DCAP64
FILLDECAP_T_5_960                      0           0   1.471e-06   1.471e-06  DCAP64
FILLDECAP_T_4_690                      0           0   1.471e-06   1.471e-06  DCAP64
FILLDECAP_T_2_212                      0           0   1.471e-06   1.471e-06  DCAP64
FILLDECAP_T_1_480                      0           0   1.471e-06   1.471e-06  DCAP64
FILLDECAP_T_2_1388                     0           0   1.471e-06   1.471e-06  DCAP64
FILLDECAP_T_5_964                      0           0   1.471e-06   1.471e-06  DCAP64
FILLDECAP_T_4_694                      0           0   1.471e-06   1.471e-06  DCAP64
FILLDECAP_T_1_484                      0           0   1.331e-07   1.331e-07  DCAP8
FILLDECAP_T_2_1392                     0           0   1.471e-06   1.471e-06  DCAP64
FILLDECAP_T_5_965                      0           0   1.471e-06   1.471e-06  DCAP64
FILLDECAP_T_4_695                      0           0   1.471e-06   1.471e-06  DCAP64
FILLDECAP_T_1_486                      0           0   1.471e-06   1.471e-06  DCAP64
FILLDECAP_T_2_1393                     0           0   1.471e-06   1.471e-06  DCAP64
FILLDECAP_T_5_966                      0           0   1.471e-06   1.471e-06  DCAP64
FILLDECAP_T_4_696                      0           0   1.471e-06   1.471e-06  DCAP64
FILLDECAP_T_1_487                      0           0   1.471e-06   1.471e-06  DCAP64
FILLDECAP_T_2_1394                     0           0   1.471e-06   1.471e-06  DCAP64
FILLDECAP_T_5_967                      0           0   1.471e-06   1.471e-06  DCAP64
FILLDECAP_T_4_697                      0           0   1.471e-06   1.471e-06  DCAP64
FILLDECAP_T_2_1395                     0           0   1.471e-06   1.471e-06  DCAP64
FILLDECAP_T_2_1396                     0           0   1.471e-06   1.471e-06  DCAP64
FILLDECAP_T_4_369                      0           0   1.471e-06   1.471e-06  DCAP64
ENDCAP_92                              0           0   8.028e-09   8.028e-09  DCAP
FILLDECAP_T_2_621                      0           0   1.471e-06   1.471e-06  DCAP64
FILLDECAP_T_4_1114                     0           0   1.471e-06   1.471e-06  DCAP64
FILLDECAP_T_2_1397                     0           0   1.471e-06   1.471e-06  DCAP64
FILLDECAP_T_4_370                      0           0   1.471e-06   1.471e-06  DCAP64
ENDCAP_93                              0           0   8.028e-09   8.028e-09  DCAP
FILLDECAP_T_2_622                      0           0   1.471e-06   1.471e-06  DCAP64
FILLDECAP_T_4_1115                     0           0   1.471e-06   1.471e-06  DCAP64
FILLDECAP_T_2_1398                     0           0   1.471e-06   1.471e-06  DCAP64
FILLDECAP_T_4_371                      0           0   1.471e-06   1.471e-06  DCAP64
ENDCAP_94                              0           0   8.028e-09   8.028e-09  DCAP
FILLDECAP_T_2_623                      0           0   1.471e-06   1.471e-06  DCAP64
FILLDECAP_T_4_1116                     0           0   1.471e-06   1.471e-06  DCAP64
FILLDECAP_T_2_1399                     0           0   1.471e-06   1.471e-06  DCAP64
ENDCAP_95                              0           0   8.028e-09   8.028e-09  DCAP
FILLDECAP_T_2_624                      0           0   1.471e-06   1.471e-06  DCAP64
FILLDECAP_T_4_1117                     0           0   1.471e-06   1.471e-06  DCAP64
FILLDECAP_T_2_14                       0           0   1.471e-06   1.471e-06  DCAP64
FILLDECAP_T_2_1400                     0           0   1.471e-06   1.471e-06  DCAP64
ENDCAP_96                              0           0   8.028e-09   8.028e-09  DCAP
FILLDECAP_T_2_625                      0           0   1.471e-06   1.471e-06  DCAP64
FILLDECAP_T_4_1118                     0           0   1.471e-06   1.471e-06  DCAP64
FILLDECAP_T_2_1401                     0           0   1.471e-06   1.471e-06  DCAP64
ENDCAP_97                              0           0   8.028e-09   8.028e-09  DCAP
FILLDECAP_T_2_626                      0           0   1.471e-06   1.471e-06  DCAP64
FILLDECAP_T_4_1121                     0           0   1.471e-06   1.471e-06  DCAP64
FILLDECAP_T_2_1402                     0           0   1.471e-06   1.471e-06  DCAP64
ENDCAP_98                              0           0   8.028e-09   8.028e-09  DCAP
FILLDECAP_T_2_627                      0           0   3.013e-07   3.013e-07  DCAP16
FILLDECAP_T_4_1122                     0           0   1.471e-06   1.471e-06  DCAP64
FILLDECAP_T_2_1403                     0           0   1.471e-06   1.471e-06  DCAP64
ENDCAP_99                              0           0   8.028e-09   8.028e-09  DCAP
FILLDECAP_T_2_628                      0           0   1.471e-06   1.471e-06  DCAP64
FILLDECAP_T_4_1123                     0           0   1.471e-06   1.471e-06  DCAP64
FILLDECAP_T_2_1404                     0           0   1.471e-06   1.471e-06  DCAP64
ENDCAP_100                             0           0   8.028e-09   8.028e-09  DCAP
FILLDECAP_T_2_629                      0           0   1.471e-06   1.471e-06  DCAP64
FILLDECAP_T_4_1124                     0           0   1.471e-06   1.471e-06  DCAP64
FILLDECAP_T_2_1405                     0           0   1.471e-06   1.471e-06  DCAP64
ENDCAP_101                             0           0   8.028e-09   8.028e-09  DCAP
FILLDECAP_T_2_630                      0           0   1.471e-06   1.471e-06  DCAP64
FILLDECAP_T_4_1125                     0           0   1.471e-06   1.471e-06  DCAP64
FILLDECAP_T_2_1406                     0           0   3.013e-07   3.013e-07  DCAP16
ENDCAP_102                             0           0   8.028e-09   8.028e-09  DCAP
FILLDECAP_T_2_631                      0           0   1.471e-06   1.471e-06  DCAP64
FILLDECAP_T_4_1126                     0           0   1.471e-06   1.471e-06  DCAP64
FILLDECAP_T_2_1407                     0           0   1.331e-07   1.331e-07  DCAP8
ENDCAP_103                             0           0   8.028e-09   8.028e-09  DCAP
FILLDECAP_T_2_632                      0           0   1.471e-06   1.471e-06  DCAP64
FILLDECAP_T_4_1127                     0           0   1.471e-06   1.471e-06  DCAP64
FILLDECAP_T_2_1411                     0           0   8.028e-09   8.028e-09  DCAP
ENDCAP_104                             0           0   8.028e-09   8.028e-09  DCAP
FILLDECAP_T_2_633                      0           0   1.471e-06   1.471e-06  DCAP64
FILLDECAP_T_4_1128                     0           0   1.471e-06   1.471e-06  DCAP64
FILLDECAP_T_2_1416                     0           0   1.471e-06   1.471e-06  DCAP64
ENDCAP_105                             0           0   8.028e-09   8.028e-09  DCAP
FILLDECAP_T_2_634                      0           0   1.471e-06   1.471e-06  DCAP64
FILLDECAP_T_4_1129                     0           0   1.471e-06   1.471e-06  DCAP64
FILLDECAP_T_2_1417                     0           0   1.471e-06   1.471e-06  DCAP64
ENDCAP_106                             0           0   8.028e-09   8.028e-09  DCAP
FILLDECAP_T_2_635                      0           0   1.471e-06   1.471e-06  DCAP64
FILLDECAP_T_4_1130                     0           0   1.471e-06   1.471e-06  DCAP64
FILLDECAP_T_2_1418                     0           0   1.471e-06   1.471e-06  DCAP64
ENDCAP_107                             0           0   8.028e-09   8.028e-09  DCAP
FILLDECAP_T_2_636                      0           0   1.471e-06   1.471e-06  DCAP64
FILLDECAP_T_4_1131                     0           0   1.471e-06   1.471e-06  DCAP64
FILLDECAP_T_2_1419                     0           0   1.471e-06   1.471e-06  DCAP64
ENDCAP_108                             0           0   8.028e-09   8.028e-09  DCAP
FILLDECAP_T_2_637                      0           0   1.471e-06   1.471e-06  DCAP64
FILLDECAP_T_4_1132                     0           0   1.471e-06   1.471e-06  DCAP64
FILLDECAP_T_2_1420                     0           0   1.471e-06   1.471e-06  DCAP64
ENDCAP_109                             0           0   8.028e-09   8.028e-09  DCAP
FILLDECAP_T_2_638                      0           0   1.471e-06   1.471e-06  DCAP64
FILLDECAP_T_4_1133                     0           0   3.013e-07   3.013e-07  DCAP16
FILLDECAP_T_2_1421                     0           0   1.471e-06   1.471e-06  DCAP64
ENDCAP_110                             0           0   8.028e-09   8.028e-09  DCAP
FILLDECAP_T_2_639                      0           0   1.471e-06   1.471e-06  DCAP64
FILLDECAP_T_4_1134                     0           0   1.471e-06   1.471e-06  DCAP64
FILLDECAP_T_2_1422                     0           0   1.471e-06   1.471e-06  DCAP64
ENDCAP_111                             0           0   8.028e-09   8.028e-09  DCAP
FILLDECAP_T_2_640                      0           0   1.471e-06   1.471e-06  DCAP64
FILLDECAP_T_5_327                      0           0   1.471e-06   1.471e-06  DCAP64
FILLDECAP_T_4_1135                     0           0   1.471e-06   1.471e-06  DCAP64
FILLDECAP_T_2_1423                     0           0   1.471e-06   1.471e-06  DCAP64
ENDCAP_112                             0           0   8.028e-09   8.028e-09  DCAP
FILLDECAP_T_2_641                      0           0   1.471e-06   1.471e-06  DCAP64
FILLDECAP_T_5_328                      0           0   1.471e-06   1.471e-06  DCAP64
FILLDECAP_T_4_1136                     0           0   1.471e-06   1.471e-06  DCAP64
FILLDECAP_T_2_1424                     0           0   1.471e-06   1.471e-06  DCAP64
FILLDECAP_T_2_642                      0           0   1.471e-06   1.471e-06  DCAP64
FILLDECAP_T_5_329                      0           0   1.471e-06   1.471e-06  DCAP64
FILLDECAP_T_4_1137                     0           0   1.471e-06   1.471e-06  DCAP64
FILLDECAP_T_5_412                      0           0   1.471e-06   1.471e-06  DCAP64
FILLDECAP_T_2_1425                     0           0   1.471e-06   1.471e-06  DCAP64
FILLDECAP_T_5_330                      0           0   1.471e-06   1.471e-06  DCAP64
FILLDECAP_T_4_1138                     0           0   1.471e-06   1.471e-06  DCAP64
FILLDECAP_T_5_413                      0           0   1.471e-06   1.471e-06  DCAP64
FILLDECAP_T_2_1426                     0           0   1.471e-06   1.471e-06  DCAP64
FILLDECAP_T_5_331                      0           0   1.471e-06   1.471e-06  DCAP64
FILLDECAP_T_4_1139                     0           0   1.471e-06   1.471e-06  DCAP64
FILLDECAP_T_5_414                      0           0   1.471e-06   1.471e-06  DCAP64
FILLDECAP_T_2_1427                     0           0   1.471e-06   1.471e-06  DCAP64
FILLDECAP_T_5_415                      0           0   1.471e-06   1.471e-06  DCAP64
FILLDECAP_T_2_1428                     0           0   1.471e-06   1.471e-06  DCAP64
FILLDECAP_T_5_416                      0           0   1.471e-06   1.471e-06  DCAP64
FILLDECAP_T_2_1429                     0           0   1.471e-06   1.471e-06  DCAP64
FILLDECAP_T_5_417                      0           0   1.471e-06   1.471e-06  DCAP64
FILLDECAP_T_2_1430                     0           0   1.471e-06   1.471e-06  DCAP64
FILLDECAP_T_1_489                      0           0   1.471e-06   1.471e-06  DCAP64
FILLDECAP_T_2_1431                     0           0   7.166e-07   7.166e-07  DCAP32
FILLDECAP_T_1_490                      0           0   1.471e-06   1.471e-06  DCAP64
FILLDECAP_T_2_1432                     0           0   1.331e-07   1.331e-07  DCAP8
FILLDECAP_T_1_491                      0           0   1.471e-06   1.471e-06  DCAP64
FILLDECAP_T_2_1433                     0           0   8.028e-09   8.028e-09  DCAP
ENDCAP_122                             0           0   8.028e-09   8.028e-09  DCAP
FILLDECAP_T_2_368                      0           0   1.471e-06   1.471e-06  DCAP64
FILLDECAP_T_2_651                      0           0   1.471e-06   1.471e-06  DCAP64
FILLDECAP_T_1_492                      0           0   1.471e-06   1.471e-06  DCAP64
FILLDECAP_T_2_1434                     0           0   1.471e-06   1.471e-06  DCAP64
ENDCAP_123                             0           0   8.028e-09   8.028e-09  DCAP
FILLDECAP_T_2_369                      0           0   1.471e-06   1.471e-06  DCAP64
FILLDECAP_T_2_652                      0           0   1.471e-06   1.471e-06  DCAP64
FILLDECAP_T_1_493                      0           0   1.471e-06   1.471e-06  DCAP64
FILLDECAP_T_2_1435                     0           0   1.471e-06   1.471e-06  DCAP64
ENDCAP_124                             0           0   8.028e-09   8.028e-09  DCAP
FILLDECAP_T_2_370                      0           0   3.013e-07   3.013e-07  DCAP16
FILLDECAP_T_2_653                      0           0   1.471e-06   1.471e-06  DCAP64
FILLDECAP_T_1_494                      0           0   1.471e-06   1.471e-06  DCAP64
FILLDECAP_T_2_1436                     0           0   1.471e-06   1.471e-06  DCAP64
ENDCAP_125                             0           0   8.028e-09   8.028e-09  DCAP
FILLDECAP_T_2_371                      0           0   1.471e-06   1.471e-06  DCAP64
FILLDECAP_T_2_654                      0           0   1.471e-06   1.471e-06  DCAP64
FILLDECAP_T_1_495                      0           0   1.471e-06   1.471e-06  DCAP64
FILLDECAP_T_2_1437                     0           0   1.471e-06   1.471e-06  DCAP64
ENDCAP_126                             0           0   8.028e-09   8.028e-09  DCAP
FILLDECAP_T_2_372                      0           0   1.471e-06   1.471e-06  DCAP64
FILLDECAP_T_2_655                      0           0   3.013e-07   3.013e-07  DCAP16
FILLDECAP_T_1_496                      0           0   1.471e-06   1.471e-06  DCAP64
FILLDECAP_T_2_1438                     0           0   1.471e-06   1.471e-06  DCAP64
FILLDECAP_T_5_977                      0           0   1.471e-06   1.471e-06  DCAP64
FILLDECAP_T_1_497                      0           0   1.471e-06   1.471e-06  DCAP64
FILLDECAP_T_2_1439                     0           0   1.471e-06   1.471e-06  DCAP64
FILLDECAP_T_5_978                      0           0   1.471e-06   1.471e-06  DCAP64
FILLDECAP_T_1_498                      0           0   1.471e-06   1.471e-06  DCAP64
FILLDECAP_T_2_1440                     0           0   1.471e-06   1.471e-06  DCAP64
FILLDECAP_T_5_979                      0           0   1.471e-06   1.471e-06  DCAP64
FILLDECAP_T_1_499                      0           0   1.471e-06   1.471e-06  DCAP64
FILLDECAP_T_2_1441                     0           0   1.471e-06   1.471e-06  DCAP64
FILLDECAP_T_5_980                      0           0   1.471e-06   1.471e-06  DCAP64
FILLDECAP_T_1_500                      0           0   1.471e-06   1.471e-06  DCAP64
FILLDECAP_T_2_1442                     0           0   1.471e-06   1.471e-06  DCAP64
FILLDECAP_T_5_981                      0           0   1.471e-06   1.471e-06  DCAP64
FILLDECAP_T_1_501                      0           0   1.471e-06   1.471e-06  DCAP64
FILLDECAP_T_2_1443                     0           0   1.471e-06   1.471e-06  DCAP64
FILLDECAP_T_5_982                      0           0   1.471e-06   1.471e-06  DCAP64
FILLDECAP_T_1_502                      0           0   1.471e-06   1.471e-06  DCAP64
FILLDECAP_T_2_1444                     0           0   3.013e-07   3.013e-07  DCAP16
FILLDECAP_T_5_983                      0           0   1.471e-06   1.471e-06  DCAP64
FILLDECAP_T_1_503                      0           0   1.471e-06   1.471e-06  DCAP64
FILLDECAP_T_2_1445                     0           0   1.331e-07   1.331e-07  DCAP8
FILLDECAP_T_5_984                      0           0   1.471e-06   1.471e-06  DCAP64
FILLDECAP_T_1_504                      0           0   1.471e-06   1.471e-06  DCAP64
FILLDECAP_T_2_1449                     0           0   1.331e-07   1.331e-07  DCAP8
FILLDECAP_T_5_985                      0           0   1.471e-06   1.471e-06  DCAP64
FILLDECAP_T_1_505                      0           0   1.471e-06   1.471e-06  DCAP64
FILLDECAP_T_2_1450                     0           0   1.846e-08   1.846e-08  DCAP4
FILLDECAP_T_5_986                      0           0   1.471e-06   1.471e-06  DCAP64
FILLDECAP_T_1_506                      0           0   1.471e-06   1.471e-06  DCAP64
FILLDECAP_T_2_1455                     0           0   1.471e-06   1.471e-06  DCAP64
FILLDECAP_T_5_987                      0           0   1.471e-06   1.471e-06  DCAP64
FILLDECAP_T_1_507                      0           0   1.471e-06   1.471e-06  DCAP64
FILLDECAP_T_2_1456                     0           0   1.471e-06   1.471e-06  DCAP64
ENDCAP_138                             0           0   8.028e-09   8.028e-09  DCAP
FILLDECAP_T_2_667                      0           0   1.471e-06   1.471e-06  DCAP64
FILLDECAP_T_5_988                      0           0   1.471e-06   1.471e-06  DCAP64
FILLDECAP_T_1_508                      0           0   1.471e-06   1.471e-06  DCAP64
FILLDECAP_T_2_1457                     0           0   1.471e-06   1.471e-06  DCAP64
ENDCAP_139                             0           0   8.028e-09   8.028e-09  DCAP
FILLDECAP_T_2_671                      0           0   1.471e-06   1.471e-06  DCAP64
FILLDECAP_T_5_989                      0           0   1.471e-06   1.471e-06  DCAP64
FILLDECAP_T_1_509                      0           0   1.471e-06   1.471e-06  DCAP64
FILLDECAP_T_2_1458                     0           0   1.471e-06   1.471e-06  DCAP64
ENDCAP_140                             0           0   8.028e-09   8.028e-09  DCAP
FILLDECAP_T_2_672                      0           0   1.471e-06   1.471e-06  DCAP64
FILLDECAP_T_5_990                      0           0   1.471e-06   1.471e-06  DCAP64
FILLDECAP_T_1_510                      0           0   1.471e-06   1.471e-06  DCAP64
FILLDECAP_T_2_1459                     0           0   1.471e-06   1.471e-06  DCAP64
FILLDECAP_T_2_673                      0           0   1.471e-06   1.471e-06  DCAP64
FILLDECAP_T_5_991                      0           0   1.471e-06   1.471e-06  DCAP64
FILLDECAP_T_1_511                      0           0   1.471e-06   1.471e-06  DCAP64
FILLDECAP_T_2_1460                     0           0   1.471e-06   1.471e-06  DCAP64
FILLDECAP_T_5_992                      0           0   1.471e-06   1.471e-06  DCAP64
FILLDECAP_T_1_512                      0           0   1.471e-06   1.471e-06  DCAP64
FILLDECAP_T_2_1461                     0           0   1.471e-06   1.471e-06  DCAP64
FILLDECAP_T_5_993                      0           0   1.471e-06   1.471e-06  DCAP64
FILLDECAP_T_1_513                      0           0   3.013e-07   3.013e-07  DCAP16
FILLDECAP_T_2_1462                     0           0   1.471e-06   1.471e-06  DCAP64
FILLDECAP_T_5_994                      0           0   1.471e-06   1.471e-06  DCAP64
FILLDECAP_T_1_514                      0           0   1.471e-06   1.471e-06  DCAP64
FILLDECAP_T_2_1463                     0           0   1.471e-06   1.471e-06  DCAP64
FILLDECAP_T_5_995                      0           0   1.471e-06   1.471e-06  DCAP64
FILLDECAP_T_1_515                      0           0   1.471e-06   1.471e-06  DCAP64
FILLDECAP_T_2_1464                     0           0   1.471e-06   1.471e-06  DCAP64
FILLDECAP_T_5_996                      0           0   1.846e-08   1.846e-08  DCAP4
FILLDECAP_T_2_1465                     0           0   1.471e-06   1.471e-06  DCAP64
FILLDECAP_T_2_1466                     0           0   1.471e-06   1.471e-06  DCAP64
FILLDECAP_T_2_680                      0           0   1.471e-06   1.471e-06  DCAP64
FILLDECAP_T_2_1467                     0           0   1.471e-06   1.471e-06  DCAP64
FILLDECAP_T_2_681                      0           0   1.471e-06   1.471e-06  DCAP64
FILLDECAP_T_2_1468                     0           0   1.471e-06   1.471e-06  DCAP64
FILLDECAP_T_2_682                      0           0   1.471e-06   1.471e-06  DCAP64
FILLDECAP_T_2_1469                     0           0   7.166e-07   7.166e-07  DCAP32
FILLDECAP_T_2_683                      0           0   1.846e-08   1.846e-08  DCAP4
FILLDECAP_T_2_1470                     0           0   1.331e-07   1.331e-07  DCAP8
FILLDECAP_T_2_686                      0           0   1.471e-06   1.471e-06  DCAP64
FILLDECAP_T_2_1471                     0           0   1.846e-08   1.846e-08  DCAP4
FILLDECAP_T_2_687                      0           0   1.471e-06   1.471e-06  DCAP64
FILLDECAP_T_2_1473                     0           0   1.471e-06   1.471e-06  DCAP64
FILLDECAP_T_2_688                      0           0   1.471e-06   1.471e-06  DCAP64
FILLDECAP_T_2_1474                     0           0   1.471e-06   1.471e-06  DCAP64
FILLDECAP_T_2_689                      0           0   1.471e-06   1.471e-06  DCAP64
FILLDECAP_T_5_1008                     0           0   1.471e-06   1.471e-06  DCAP64
FILLDECAP_T_2_1475                     0           0   1.471e-06   1.471e-06  DCAP64
FILLDECAP_T_2_690                      0           0   1.471e-06   1.471e-06  DCAP64
FILLDECAP_T_5_1009                     0           0   1.471e-06   1.471e-06  DCAP64
FILLDECAP_T_2_1476                     0           0   1.471e-06   1.471e-06  DCAP64
FILLDECAP_T_2_691                      0           0   1.471e-06   1.471e-06  DCAP64
FILLDECAP_T_5_1010                     0           0   1.471e-06   1.471e-06  DCAP64
FILLDECAP_T_2_1477                     0           0   1.471e-06   1.471e-06  DCAP64
FILLDECAP_T_2_692                      0           0   1.471e-06   1.471e-06  DCAP64
FILLDECAP_T_5_1011                     0           0   1.471e-06   1.471e-06  DCAP64
FILLDECAP_T_2_1478                     0           0   1.471e-06   1.471e-06  DCAP64
FILLDECAP_T_2_693                      0           0   1.471e-06   1.471e-06  DCAP64
FILLDECAP_T_5_1012                     0           0   1.471e-06   1.471e-06  DCAP64
FILLDECAP_T_2_1479                     0           0   1.471e-06   1.471e-06  DCAP64
FILLDECAP_T_2_694                      0           0   1.471e-06   1.471e-06  DCAP64
FILLDECAP_T_5_1013                     0           0   1.471e-06   1.471e-06  DCAP64
FILLDECAP_T_2_1480                     0           0   1.471e-06   1.471e-06  DCAP64
FILLDECAP_T_2_695                      0           0   1.471e-06   1.471e-06  DCAP64
FILLDECAP_T_5_1014                     0           0   1.471e-06   1.471e-06  DCAP64
FILLDECAP_T_2_1481                     0           0   1.471e-06   1.471e-06  DCAP64
FILLDECAP_T_2_696                      0           0   1.471e-06   1.471e-06  DCAP64
FILLDECAP_T_5_1015                     0           0   1.471e-06   1.471e-06  DCAP64
FILLDECAP_T_2_1482                     0           0   1.471e-06   1.471e-06  DCAP64
FILLDECAP_T_2_697                      0           0   1.471e-06   1.471e-06  DCAP64
FILLDECAP_T_5_1016                     0           0   1.471e-06   1.471e-06  DCAP64
FILLDECAP_T_2_1483                     0           0   3.013e-07   3.013e-07  DCAP16
FILLDECAP_T_2_698                      0           0   1.471e-06   1.471e-06  DCAP64
FILLDECAP_T_5_1017                     0           0   1.471e-06   1.471e-06  DCAP64
FILLDECAP_T_2_1484                     0           0   1.331e-07   1.331e-07  DCAP8
FILLDECAP_T_2_699                      0           0   1.471e-06   1.471e-06  DCAP64
FILLDECAP_T_5_1018                     0           0   1.471e-06   1.471e-06  DCAP64
FILLDECAP_T_2_1491                     0           0   1.471e-06   1.471e-06  DCAP64
FILLDECAP_T_2_700                      0           0   1.471e-06   1.471e-06  DCAP64
FILLDECAP_T_5_1019                     0           0   1.471e-06   1.471e-06  DCAP64
FILLDECAP_T_2_1492                     0           0   1.471e-06   1.471e-06  DCAP64
FILLDECAP_T_2_701                      0           0   1.471e-06   1.471e-06  DCAP64
FILLDECAP_T_5_1020                     0           0   1.471e-06   1.471e-06  DCAP64
FILLDECAP_T_2_1493                     0           0   1.471e-06   1.471e-06  DCAP64
FILLDECAP_T_2_702                      0           0   1.471e-06   1.471e-06  DCAP64
FILLDECAP_T_5_1021                     0           0   1.471e-06   1.471e-06  DCAP64
FILLDECAP_T_2_1494                     0           0   1.471e-06   1.471e-06  DCAP64
FILLDECAP_T_2_703                      0           0   1.471e-06   1.471e-06  DCAP64
FILLDECAP_T_5_1022                     0           0   1.471e-06   1.471e-06  DCAP64
FILLDECAP_T_2_1495                     0           0   1.471e-06   1.471e-06  DCAP64
FILLDECAP_T_5_722                      0           0   1.471e-06   1.471e-06  DCAP64
FILLDECAP_T_5_1023                     0           0   1.471e-06   1.471e-06  DCAP64
FILLDECAP_T_2_1496                     0           0   1.471e-06   1.471e-06  DCAP64
FILLDECAP_T_5_723                      0           0   1.471e-06   1.471e-06  DCAP64
FILLDECAP_T_5_1024                     0           0   1.471e-06   1.471e-06  DCAP64
FILLDECAP_T_2_1497                     0           0   1.471e-06   1.471e-06  DCAP64
FILLDECAP_T_5_724                      0           0   1.471e-06   1.471e-06  DCAP64
FILLDECAP_T_5_1025                     0           0   1.471e-06   1.471e-06  DCAP64
FILLDECAP_T_2_1498                     0           0   1.471e-06   1.471e-06  DCAP64
FILLDECAP_T_5_725                      0           0   1.471e-06   1.471e-06  DCAP64
FILLDECAP_T_5_496                      0           0   1.471e-06   1.471e-06  DCAP64
FILLDECAP_T_5_1026                     0           0   1.331e-07   1.331e-07  DCAP8
FILLDECAP_T_2_1499                     0           0   1.471e-06   1.471e-06  DCAP64
FILLDECAP_T_2_15                       0           0   1.471e-06   1.471e-06  DCAP64
ENDCAP_127                             0           0   8.028e-09   8.028e-09  DCAP
FILLDECAP_T_2_656                      0           0   1.471e-06   1.471e-06  DCAP64
FILLDECAP_T_2_373                      0           0   1.471e-06   1.471e-06  DCAP64
FILLDECAP_T_5_726                      0           0   1.471e-06   1.471e-06  DCAP64
FILLDECAP_T_5_497                      0           0   1.471e-06   1.471e-06  DCAP64
FILLDECAP_T_5_1027                     0           0   1.471e-06   1.471e-06  DCAP64
FILLDECAP_T_2_1500                     0           0   1.471e-06   1.471e-06  DCAP64
FILLDECAP_T_2_1079                     0           0   1.471e-06   1.471e-06  DCAP64
FILLDECAP_T_1_517                      0           0   1.471e-06   1.471e-06  DCAP64
FILLDECAP_T_2_1501                     0           0   1.471e-06   1.471e-06  DCAP64
FILLDECAP_T_2_338                      0           0   1.471e-06   1.471e-06  DCAP64
FILLDECAP_T_1_213                      0           0   1.471e-06   1.471e-06  DCAP64
FILLDECAP_T_2_710                      0           0   1.471e-06   1.471e-06  DCAP64
FILLDECAP_T_2_1080                     0           0   1.471e-06   1.471e-06  DCAP64
FILLDECAP_T_1_518                      0           0   1.471e-06   1.471e-06  DCAP64
FILLDECAP_T_2_1502                     0           0   1.471e-06   1.471e-06  DCAP64
FILLDECAP_T_2_339                      0           0   1.471e-06   1.471e-06  DCAP64
FILLDECAP_T_1_214                      0           0   1.471e-06   1.471e-06  DCAP64
FILLDECAP_T_2_711                      0           0   1.471e-06   1.471e-06  DCAP64
FILLDECAP_T_2_1081                     0           0   1.471e-06   1.471e-06  DCAP64
FILLDECAP_T_1_519                      0           0   1.471e-06   1.471e-06  DCAP64
FILLDECAP_T_2_1503                     0           0   1.471e-06   1.471e-06  DCAP64
FILLDECAP_T_2_340                      0           0   1.471e-06   1.471e-06  DCAP64
FILLDECAP_T_1_215                      0           0   1.471e-06   1.471e-06  DCAP64
FILLDECAP_T_2_712                      0           0   1.471e-06   1.471e-06  DCAP64
FILLDECAP_T_2_1082                     0           0   1.471e-06   1.471e-06  DCAP64
FILLDECAP_T_1_520                      0           0   1.471e-06   1.471e-06  DCAP64
FILLDECAP_T_2_1504                     0           0   1.471e-06   1.471e-06  DCAP64
FILLDECAP_T_2_341                      0           0   1.471e-06   1.471e-06  DCAP64
FILLDECAP_T_1_216                      0           0   1.471e-06   1.471e-06  DCAP64
FILLDECAP_T_2_713                      0           0   1.846e-08   1.846e-08  DCAP4
FILLDECAP_T_2_1083                     0           0   3.013e-07   3.013e-07  DCAP16
FILLDECAP_T_1_521                      0           0   1.471e-06   1.471e-06  DCAP64
FILLDECAP_T_2_1505                     0           0   1.471e-06   1.471e-06  DCAP64
FILLDECAP_T_2_342                      0           0   3.013e-07   3.013e-07  DCAP16
FILLDECAP_T_1_217                      0           0   1.471e-06   1.471e-06  DCAP64
FILLDECAP_T_2_715                      0           0   1.471e-06   1.471e-06  DCAP64
FILLDECAP_T_2_1084                     0           0   1.471e-06   1.471e-06  DCAP64
FILLDECAP_T_1_522                      0           0   1.471e-06   1.471e-06  DCAP64
FILLDECAP_T_2_1506                     0           0   3.013e-07   3.013e-07  DCAP16
FILLDECAP_T_2_343                      0           0   1.471e-06   1.471e-06  DCAP64
FILLDECAP_T_1_218                      0           0   1.471e-06   1.471e-06  DCAP64
FILLDECAP_T_2_716                      0           0   1.471e-06   1.471e-06  DCAP64
FILLDECAP_T_2_1085                     0           0   1.471e-06   1.471e-06  DCAP64
FILLDECAP_T_1_523                      0           0   1.471e-06   1.471e-06  DCAP64
FILLDECAP_T_2_1507                     0           0   1.331e-07   1.331e-07  DCAP8
FILLDECAP_T_2_344                      0           0   1.471e-06   1.471e-06  DCAP64
FILLDECAP_T_1_219                      0           0   1.471e-06   1.471e-06  DCAP64
FILLDECAP_T_2_717                      0           0   1.471e-06   1.471e-06  DCAP64
FILLDECAP_T_2_1086                     0           0   1.471e-06   1.471e-06  DCAP64
FILLDECAP_T_1_524                      0           0   1.471e-06   1.471e-06  DCAP64
FILLDECAP_T_2_1508                     0           0   1.846e-08   1.846e-08  DCAP4
FILLDECAP_T_2_345                      0           0   1.471e-06   1.471e-06  DCAP64
FILLDECAP_T_1_220                      0           0   1.471e-06   1.471e-06  DCAP64
FILLDECAP_T_2_718                      0           0   1.471e-06   1.471e-06  DCAP64
FILLDECAP_T_2_155                      0           0   1.471e-06   1.471e-06  DCAP64
FILLDECAP_T_2_156                      0           0   7.166e-07   7.166e-07  DCAP32
FILLDECAP_T_2_157                      0           0   1.846e-08   1.846e-08  DCAP4
FILLDECAP_T_2_16                       0           0   1.471e-06   1.471e-06  DCAP64
ENDCAP_128                             0           0   8.028e-09   8.028e-09  DCAP
FILLDECAP_T_2_657                      0           0   1.471e-06   1.471e-06  DCAP64
FILLDECAP_T_2_374                      0           0   1.471e-06   1.471e-06  DCAP64
FILLDECAP_T_2_17                       0           0   1.471e-06   1.471e-06  DCAP64
ENDCAP_129                             0           0   8.028e-09   8.028e-09  DCAP
FILLDECAP_T_2_658                      0           0   1.471e-06   1.471e-06  DCAP64
FILLDECAP_T_2_375                      0           0   1.471e-06   1.471e-06  DCAP64
FILLDECAP_T_2_18                       0           0   1.471e-06   1.471e-06  DCAP64
FILLDECAP_T_2_19                       0           0   1.471e-06   1.471e-06  DCAP64
FILLDECAP_T_2_2                        0           0   1.471e-06   1.471e-06  DCAP64
FILLDECAP_T_2_20                       0           0   1.471e-06   1.471e-06  DCAP64
FILLDECAP_T_2_21                       0           0   1.471e-06   1.471e-06  DCAP64
FILLDECAP_T_5_961                      0           0   1.471e-06   1.471e-06  DCAP64
FILLDECAP_T_4_691                      0           0   1.471e-06   1.471e-06  DCAP64
FILLDECAP_T_1_481                      0           0   1.471e-06   1.471e-06  DCAP64
FILLDECAP_T_2_1389                     0           0   1.471e-06   1.471e-06  DCAP64
FILLDECAP_T_2_213                      0           0   1.471e-06   1.471e-06  DCAP64
FILLDECAP_T_5_962                      0           0   1.471e-06   1.471e-06  DCAP64
FILLDECAP_T_4_692                      0           0   1.471e-06   1.471e-06  DCAP64
FILLDECAP_T_1_482                      0           0   1.471e-06   1.471e-06  DCAP64
FILLDECAP_T_2_1390                     0           0   1.471e-06   1.471e-06  DCAP64
FILLDECAP_T_2_214                      0           0   1.471e-06   1.471e-06  DCAP64
FILLDECAP_T_5_963                      0           0   1.471e-06   1.471e-06  DCAP64
FILLDECAP_T_4_693                      0           0   1.471e-06   1.471e-06  DCAP64
FILLDECAP_T_1_483                      0           0   1.471e-06   1.471e-06  DCAP64
FILLDECAP_T_2_1391                     0           0   1.471e-06   1.471e-06  DCAP64
FILLDECAP_T_2_215                      0           0   1.471e-06   1.471e-06  DCAP64
FILLDECAP_T_5_315                      0           0   1.471e-06   1.471e-06  DCAP64
FILLDECAP_T_2_216                      0           0   1.471e-06   1.471e-06  DCAP64
FILLDECAP_T_5_316                      0           0   1.471e-06   1.471e-06  DCAP64
FILLDECAP_T_2_217                      0           0   1.471e-06   1.471e-06  DCAP64
FILLDECAP_T_5_317                      0           0   1.471e-06   1.471e-06  DCAP64
FILLDECAP_T_2_218                      0           0   1.471e-06   1.471e-06  DCAP64
FILLDECAP_T_5_318                      0           0   1.471e-06   1.471e-06  DCAP64
FILLDECAP_T_1_346                      0           0   1.471e-06   1.471e-06  DCAP64
FILLDECAP_T_2_219                      0           0   1.471e-06   1.471e-06  DCAP64
FILLDECAP_T_2_22                       0           0   1.471e-06   1.471e-06  DCAP64
FILLDECAP_T_5_319                      0           0   1.471e-06   1.471e-06  DCAP64
FILLDECAP_T_1_347                      0           0   1.471e-06   1.471e-06  DCAP64
FILLDECAP_T_2_1225                     0           0   3.013e-07   3.013e-07  DCAP16
FILLDECAP_T_2_220                      0           0   1.471e-06   1.471e-06  DCAP64
FILLDECAP_T_5_320                      0           0   1.471e-06   1.471e-06  DCAP64
FILLDECAP_T_1_348                      0           0   1.471e-06   1.471e-06  DCAP64
FILLDECAP_T_2_1226                     0           0   8.028e-09   8.028e-09  DCAP
FILLDECAP_T_2_221                      0           0   1.471e-06   1.471e-06  DCAP64
FILLDECAP_T_2_23                       0           0   1.471e-06   1.471e-06  DCAP64
FILLDECAP_T_2_3                        0           0   1.471e-06   1.471e-06  DCAP64
FILLDECAP_T_2_300                      0           0   1.471e-06   1.471e-06  DCAP64
FILLDECAP_T_4_1017                     0           0   1.471e-06   1.471e-06  DCAP64
FILLDECAP_T_2_301                      0           0   1.471e-06   1.471e-06  DCAP64
FILLDECAP_T_4_1018                     0           0   1.471e-06   1.471e-06  DCAP64
FILLDECAP_T_2_302                      0           0   1.471e-06   1.471e-06  DCAP64
FILLDECAP_T_4_1019                     0           0   1.471e-06   1.471e-06  DCAP64
ENDCAP_365                             0           0   8.028e-09   8.028e-09  DCAP
FILLDECAP_T_2_303                      0           0   1.471e-06   1.471e-06  DCAP64
FILLDECAP_T_4_1020                     0           0   1.471e-06   1.471e-06  DCAP64
ENDCAP_366                             0           0   8.028e-09   8.028e-09  DCAP
FILLDECAP_T_2_304                      0           0   1.471e-06   1.471e-06  DCAP64
FILLDECAP_T_4_1021                     0           0   3.013e-07   3.013e-07  DCAP16
ENDCAP_367                             0           0   8.028e-09   8.028e-09  DCAP
FILLDECAP_T_2_305                      0           0   1.471e-06   1.471e-06  DCAP64
FILLDECAP_T_4_1022                     0           0   1.471e-06   1.471e-06  DCAP64
ENDCAP_368                             0           0   8.028e-09   8.028e-09  DCAP
FILLDECAP_T_2_306                      0           0   1.471e-06   1.471e-06  DCAP64
FILLDECAP_T_5_459                      0           0   1.471e-06   1.471e-06  DCAP64
FILLDECAP_T_4_907                      0           0   1.471e-06   1.471e-06  DCAP64
FILLDECAP_T_2_503                      0           0   1.471e-06   1.471e-06  DCAP64
FILLDECAP_T_4_1023                     0           0   1.471e-06   1.471e-06  DCAP64
ENDCAP_369                             0           0   8.028e-09   8.028e-09  DCAP
FILLDECAP_T_2_307                      0           0   1.471e-06   1.471e-06  DCAP64
FILLDECAP_T_5_460                      0           0   1.471e-06   1.471e-06  DCAP64
FILLDECAP_T_4_908                      0           0   1.471e-06   1.471e-06  DCAP64
FILLDECAP_T_2_504                      0           0   1.471e-06   1.471e-06  DCAP64
FILLDECAP_T_4_1024                     0           0   1.471e-06   1.471e-06  DCAP64
ENDCAP_370                             0           0   8.028e-09   8.028e-09  DCAP
FILLDECAP_T_2_308                      0           0   1.471e-06   1.471e-06  DCAP64
FILLDECAP_T_5_461                      0           0   1.471e-06   1.471e-06  DCAP64
FILLDECAP_T_4_909                      0           0   1.471e-06   1.471e-06  DCAP64
FILLDECAP_T_2_505                      0           0   1.471e-06   1.471e-06  DCAP64
FILLDECAP_T_4_1025                     0           0   1.471e-06   1.471e-06  DCAP64
ENDCAP_371                             0           0   8.028e-09   8.028e-09  DCAP
FILLDECAP_T_2_309                      0           0   1.471e-06   1.471e-06  DCAP64
FILLDECAP_T_5_462                      0           0   1.471e-06   1.471e-06  DCAP64
FILLDECAP_T_4_910                      0           0   1.471e-06   1.471e-06  DCAP64
FILLDECAP_T_2_506                      0           0   1.471e-06   1.471e-06  DCAP64
ENDCAP_372                             0           0   8.028e-09   8.028e-09  DCAP
FILLDECAP_T_2_310                      0           0   1.471e-06   1.471e-06  DCAP64
FILLDECAP_T_5_463                      0           0   1.471e-06   1.471e-06  DCAP64
FILLDECAP_T_2_507                      0           0   1.471e-06   1.471e-06  DCAP64
ENDCAP_373                             0           0   8.028e-09   8.028e-09  DCAP
FILLDECAP_T_2_311                      0           0   1.471e-06   1.471e-06  DCAP64
FILLDECAP_T_5_464                      0           0   1.471e-06   1.471e-06  DCAP64
FILLDECAP_T_2_508                      0           0   1.471e-06   1.471e-06  DCAP64
ENDCAP_374                             0           0   8.028e-09   8.028e-09  DCAP
FILLDECAP_T_2_312                      0           0   1.471e-06   1.471e-06  DCAP64
FILLDECAP_T_5_465                      0           0   1.471e-06   1.471e-06  DCAP64
FILLDECAP_T_2_509                      0           0   1.471e-06   1.471e-06  DCAP64
ENDCAP_375                             0           0   8.028e-09   8.028e-09  DCAP
FILLDECAP_T_2_313                      0           0   1.471e-06   1.471e-06  DCAP64
FILLDECAP_T_5_466                      0           0   1.471e-06   1.471e-06  DCAP64
FILLDECAP_T_2_510                      0           0   1.471e-06   1.471e-06  DCAP64
ENDCAP_376                             0           0   8.028e-09   8.028e-09  DCAP
FILLDECAP_T_2_314                      0           0   3.013e-07   3.013e-07  DCAP16
FILLDECAP_T_5_467                      0           0   1.471e-06   1.471e-06  DCAP64
FILLDECAP_T_2_511                      0           0   1.471e-06   1.471e-06  DCAP64
ENDCAP_377                             0           0   8.028e-09   8.028e-09  DCAP
FILLDECAP_T_2_315                      0           0   1.471e-06   1.471e-06  DCAP64
FILLDECAP_T_2_512                      0           0   1.471e-06   1.471e-06  DCAP64
ENDCAP_378                             0           0   8.028e-09   8.028e-09  DCAP
FILLDECAP_T_2_316                      0           0   1.471e-06   1.471e-06  DCAP64
FILLDECAP_T_2_513                      0           0   1.471e-06   1.471e-06  DCAP64
ENDCAP_379                             0           0   8.028e-09   8.028e-09  DCAP
FILLDECAP_T_2_317                      0           0   1.471e-06   1.471e-06  DCAP64
FILLDECAP_T_2_514                      0           0   1.471e-06   1.471e-06  DCAP64
ENDCAP_380                             0           0   8.028e-09   8.028e-09  DCAP
FILLDECAP_T_2_318                      0           0   1.471e-06   1.471e-06  DCAP64
FILLDECAP_T_2_515                      0           0   3.013e-07   3.013e-07  DCAP16
ENDCAP_381                             0           0   8.028e-09   8.028e-09  DCAP
FILLDECAP_T_2_319                      0           0   1.471e-06   1.471e-06  DCAP64
FILLDECAP_T_2_516                      0           0   1.471e-06   1.471e-06  DCAP64
ENDCAP_382                             0           0   8.028e-09   8.028e-09  DCAP
FILLDECAP_T_2_320                      0           0   1.471e-06   1.471e-06  DCAP64
FILLDECAP_T_2_517                      0           0   1.471e-06   1.471e-06  DCAP64
ENDCAP_383                             0           0   8.028e-09   8.028e-09  DCAP
FILLDECAP_T_2_321                      0           0   1.471e-06   1.471e-06  DCAP64
FILLDECAP_T_2_518                      0           0   1.471e-06   1.471e-06  DCAP64
ENDCAP_384                             0           0   8.028e-09   8.028e-09  DCAP
FILLDECAP_T_2_322                      0           0   1.471e-06   1.471e-06  DCAP64
FILLDECAP_T_2_519                      0           0   1.471e-06   1.471e-06  DCAP64
ENDCAP_385                             0           0   8.028e-09   8.028e-09  DCAP
FILLDECAP_T_2_323                      0           0   1.471e-06   1.471e-06  DCAP64
FILLDECAP_T_2_520                      0           0   1.471e-06   1.471e-06  DCAP64
ENDCAP_386                             0           0   8.028e-09   8.028e-09  DCAP
FILLDECAP_T_2_324                      0           0   1.471e-06   1.471e-06  DCAP64
FILLDECAP_T_2_521                      0           0   1.471e-06   1.471e-06  DCAP64
ENDCAP_387                             0           0   8.028e-09   8.028e-09  DCAP
FILLDECAP_T_2_325                      0           0   1.471e-06   1.471e-06  DCAP64
FILLDECAP_T_2_522                      0           0   1.471e-06   1.471e-06  DCAP64
ENDCAP_388                             0           0   8.028e-09   8.028e-09  DCAP
FILLDECAP_T_2_326                      0           0   1.471e-06   1.471e-06  DCAP64
FILLDECAP_T_2_523                      0           0   1.471e-06   1.471e-06  DCAP64
FILLDECAP_T_1_1                        0           0   1.471e-06   1.471e-06  DCAP64
FILLDECAP_T_2_327                      0           0   1.471e-06   1.471e-06  DCAP64
FILLDECAP_T_2_524                      0           0   1.471e-06   1.471e-06  DCAP64
FILLDECAP_T_2_328                      0           0   1.471e-06   1.471e-06  DCAP64
FILLDECAP_T_2_329                      0           0   1.471e-06   1.471e-06  DCAP64
FILLDECAP_T_2_330                      0           0   1.471e-06   1.471e-06  DCAP64
FILLDECAP_T_2_4                        0           0   1.471e-06   1.471e-06  DCAP64
FILLDECAP_T_2_5                        0           0   1.471e-06   1.471e-06  DCAP64
FILLDECAP_T_2_6                        0           0   1.471e-06   1.471e-06  DCAP64
FILLDECAP_T_2_7                        0           0   1.471e-06   1.471e-06  DCAP64
ENDCAP_120                             0           0   8.028e-09   8.028e-09  DCAP
FILLDECAP_T_2_649                      0           0   1.471e-06   1.471e-06  DCAP64
FILLDECAP_T_2_366                      0           0   1.471e-06   1.471e-06  DCAP64
FILLDECAP_T_2_8                        0           0   1.471e-06   1.471e-06  DCAP64
ENDCAP_121                             0           0   8.028e-09   8.028e-09  DCAP
FILLDECAP_T_2_650                      0           0   1.471e-06   1.471e-06  DCAP64
FILLDECAP_T_2_367                      0           0   1.471e-06   1.471e-06  DCAP64
FILLDECAP_T_2_9                        0           0   1.471e-06   1.471e-06  DCAP64
ENDCAP_130                             0           0   8.028e-09   8.028e-09  DCAP
FILLDECAP_T_2_659                      0           0   1.471e-06   1.471e-06  DCAP64
FILLDECAP_T_2_376                      0           0   1.471e-06   1.471e-06  DCAP64
ENDCAP_131                             0           0   8.028e-09   8.028e-09  DCAP
FILLDECAP_T_2_660                      0           0   1.471e-06   1.471e-06  DCAP64
FILLDECAP_T_2_377                      0           0   1.471e-06   1.471e-06  DCAP64
ENDCAP_132                             0           0   8.028e-09   8.028e-09  DCAP
FILLDECAP_T_2_661                      0           0   1.471e-06   1.471e-06  DCAP64
FILLDECAP_T_2_378                      0           0   1.471e-06   1.471e-06  DCAP64
ENDCAP_133                             0           0   8.028e-09   8.028e-09  DCAP
FILLDECAP_T_2_662                      0           0   1.471e-06   1.471e-06  DCAP64
FILLDECAP_T_2_379                      0           0   1.471e-06   1.471e-06  DCAP64
ENDCAP_134                             0           0   8.028e-09   8.028e-09  DCAP
FILLDECAP_T_2_663                      0           0   1.471e-06   1.471e-06  DCAP64
FILLDECAP_T_2_380                      0           0   1.471e-06   1.471e-06  DCAP64
ENDCAP_135                             0           0   8.028e-09   8.028e-09  DCAP
FILLDECAP_T_2_664                      0           0   1.471e-06   1.471e-06  DCAP64
FILLDECAP_T_2_381                      0           0   1.471e-06   1.471e-06  DCAP64
ENDCAP_136                             0           0   8.028e-09   8.028e-09  DCAP
FILLDECAP_T_2_665                      0           0   1.471e-06   1.471e-06  DCAP64
FILLDECAP_T_2_386                      0           0   1.471e-06   1.471e-06  DCAP64
ENDCAP_137                             0           0   8.028e-09   8.028e-09  DCAP
FILLDECAP_T_2_666                      0           0   1.471e-06   1.471e-06  DCAP64
FILLDECAP_T_2_387                      0           0   1.471e-06   1.471e-06  DCAP64
FILLDECAP_T_4_963                      0           0   1.331e-07   1.331e-07  DCAP8
FILLDECAP_T_1_1306                     0           0   1.471e-06   1.471e-06  DCAP64
FILLDECAP_T_2_388                      0           0   1.471e-06   1.471e-06  DCAP64
FILLDECAP_T_2_76                       0           0   1.471e-06   1.471e-06  DCAP64
FILLDECAP_T_4_964                      0           0   1.846e-08   1.846e-08  DCAP4
FILLDECAP_T_1_1307                     0           0   1.471e-06   1.471e-06  DCAP64
FILLDECAP_T_2_389                      0           0   1.471e-06   1.471e-06  DCAP64
FILLDECAP_T_2_77                       0           0   1.471e-06   1.471e-06  DCAP64
FILLDECAP_T_4_967                      0           0   1.471e-06   1.471e-06  DCAP64
FILLDECAP_T_1_1308                     0           0   1.471e-06   1.471e-06  DCAP64
FILLDECAP_T_2_390                      0           0   1.471e-06   1.471e-06  DCAP64
FILLDECAP_T_2_78                       0           0   1.471e-06   1.471e-06  DCAP64
FILLDECAP_T_5_642                      0           0   1.471e-06   1.471e-06  DCAP64
FILLDECAP_T_4_459                      0           0   1.471e-06   1.471e-06  DCAP64
FILLDECAP_T_2_48                       0           0   1.471e-06   1.471e-06  DCAP64
FILLDECAP_T_5_643                      0           0   1.471e-06   1.471e-06  DCAP64
FILLDECAP_T_4_460                      0           0   1.471e-06   1.471e-06  DCAP64
FILLDECAP_T_2_49                       0           0   1.471e-06   1.471e-06  DCAP64
FILLDECAP_T_5_644                      0           0   1.471e-06   1.471e-06  DCAP64
FILLDECAP_T_4_461                      0           0   1.471e-06   1.471e-06  DCAP64
FILLDECAP_T_2_50                       0           0   1.471e-06   1.471e-06  DCAP64
FILLDECAP_T_5_645                      0           0   1.471e-06   1.471e-06  DCAP64
FILLDECAP_T_4_462                      0           0   1.471e-06   1.471e-06  DCAP64
FILLDECAP_T_2_51                       0           0   1.471e-06   1.471e-06  DCAP64
FILLDECAP_T_2_525                      0           0   1.471e-06   1.471e-06  DCAP64
FILLDECAP_T_2_526                      0           0   1.471e-06   1.471e-06  DCAP64
FILLDECAP_T_2_527                      0           0   1.471e-06   1.471e-06  DCAP64
FILLDECAP_T_2_528                      0           0   1.471e-06   1.471e-06  DCAP64
FILLDECAP_T_2_529                      0           0   1.471e-06   1.471e-06  DCAP64
FILLDECAP_T_2_530                      0           0   1.471e-06   1.471e-06  DCAP64
FILLDECAP_T_1_1335                     0           0   1.471e-06   1.471e-06  DCAP64
FILLDECAP_T_2_531                      0           0   1.471e-06   1.471e-06  DCAP64
FILLDECAP_T_1_1336                     0           0   1.471e-06   1.471e-06  DCAP64
FILLDECAP_T_2_532                      0           0   1.471e-06   1.471e-06  DCAP64
FILLDECAP_T_1_1337                     0           0   1.471e-06   1.471e-06  DCAP64
FILLDECAP_T_2_533                      0           0   1.471e-06   1.471e-06  DCAP64
FILLDECAP_T_2_559                      0           0   1.471e-06   1.471e-06  DCAP64
FILLDECAP_T_2_560                      0           0   1.471e-06   1.471e-06  DCAP64
FILLDECAP_T_2_561                      0           0   1.471e-06   1.471e-06  DCAP64
FILLDECAP_T_1_1277                     0           0   1.471e-06   1.471e-06  DCAP64
FILLDECAP_T_2_587                      0           0   1.471e-06   1.471e-06  DCAP64
FILLDECAP_T_1_1278                     0           0   1.471e-06   1.471e-06  DCAP64
FILLDECAP_T_2_588                      0           0   1.471e-06   1.471e-06  DCAP64
FILLDECAP_T_1_1279                     0           0   1.471e-06   1.471e-06  DCAP64
FILLDECAP_T_2_589                      0           0   1.471e-06   1.471e-06  DCAP64
FILLDECAP_T_4_363                      0           0   1.471e-06   1.471e-06  DCAP64
ENDCAP_86                              0           0   8.028e-09   8.028e-09  DCAP
FILLDECAP_T_2_615                      0           0   1.471e-06   1.471e-06  DCAP64
FILLDECAP_T_4_364                      0           0   1.471e-06   1.471e-06  DCAP64
ENDCAP_87                              0           0   8.028e-09   8.028e-09  DCAP
FILLDECAP_T_2_616                      0           0   1.471e-06   1.471e-06  DCAP64
FILLDECAP_T_4_365                      0           0   1.471e-06   1.471e-06  DCAP64
ENDCAP_88                              0           0   8.028e-09   8.028e-09  DCAP
FILLDECAP_T_2_617                      0           0   1.471e-06   1.471e-06  DCAP64
FILLDECAP_T_4_1110                     0           0   1.471e-06   1.471e-06  DCAP64
FILLDECAP_T_4_366                      0           0   1.471e-06   1.471e-06  DCAP64
ENDCAP_89                              0           0   8.028e-09   8.028e-09  DCAP
FILLDECAP_T_2_618                      0           0   1.471e-06   1.471e-06  DCAP64
FILLDECAP_T_4_1111                     0           0   1.471e-06   1.471e-06  DCAP64
FILLDECAP_T_4_367                      0           0   1.471e-06   1.471e-06  DCAP64
ENDCAP_90                              0           0   8.028e-09   8.028e-09  DCAP
FILLDECAP_T_2_619                      0           0   1.471e-06   1.471e-06  DCAP64
FILLDECAP_T_4_1112                     0           0   1.471e-06   1.471e-06  DCAP64
FILLDECAP_T_4_368                      0           0   3.013e-07   3.013e-07  DCAP16
ENDCAP_91                              0           0   8.028e-09   8.028e-09  DCAP
FILLDECAP_T_2_620                      0           0   1.471e-06   1.471e-06  DCAP64
FILLDECAP_T_4_1113                     0           0   1.471e-06   1.471e-06  DCAP64
ENDCAP_114                             0           0   8.028e-09   8.028e-09  DCAP
FILLDECAP_T_2_360                      0           0   1.471e-06   1.471e-06  DCAP64
FILLDECAP_T_2_643                      0           0   1.471e-06   1.471e-06  DCAP64
ENDCAP_115                             0           0   8.028e-09   8.028e-09  DCAP
FILLDECAP_T_2_361                      0           0   1.471e-06   1.471e-06  DCAP64
FILLDECAP_T_2_644                      0           0   1.471e-06   1.471e-06  DCAP64
ENDCAP_116                             0           0   8.028e-09   8.028e-09  DCAP
FILLDECAP_T_2_362                      0           0   1.471e-06   1.471e-06  DCAP64
FILLDECAP_T_2_645                      0           0   1.471e-06   1.471e-06  DCAP64
ENDCAP_117                             0           0   8.028e-09   8.028e-09  DCAP
FILLDECAP_T_2_363                      0           0   1.471e-06   1.471e-06  DCAP64
FILLDECAP_T_2_646                      0           0   1.471e-06   1.471e-06  DCAP64
ENDCAP_118                             0           0   8.028e-09   8.028e-09  DCAP
FILLDECAP_T_2_364                      0           0   1.471e-06   1.471e-06  DCAP64
FILLDECAP_T_2_647                      0           0   1.471e-06   1.471e-06  DCAP64
ENDCAP_119                             0           0   8.028e-09   8.028e-09  DCAP
FILLDECAP_T_2_365                      0           0   1.471e-06   1.471e-06  DCAP64
FILLDECAP_T_2_648                      0           0   1.471e-06   1.471e-06  DCAP64
FILLDECAP_T_2_674                      0           0   1.471e-06   1.471e-06  DCAP64
FILLDECAP_T_2_675                      0           0   1.471e-06   1.471e-06  DCAP64
FILLDECAP_T_2_676                      0           0   1.471e-06   1.471e-06  DCAP64
FILLDECAP_T_2_677                      0           0   1.471e-06   1.471e-06  DCAP64
FILLDECAP_T_2_678                      0           0   1.471e-06   1.471e-06  DCAP64
FILLDECAP_T_2_679                      0           0   1.471e-06   1.471e-06  DCAP64
FILLDECAP_T_2_332                      0           0   1.471e-06   1.471e-06  DCAP64
FILLDECAP_T_1_207                      0           0   1.471e-06   1.471e-06  DCAP64
FILLDECAP_T_2_704                      0           0   1.471e-06   1.471e-06  DCAP64
FILLDECAP_T_2_333                      0           0   1.471e-06   1.471e-06  DCAP64
FILLDECAP_T_1_208                      0           0   1.471e-06   1.471e-06  DCAP64
FILLDECAP_T_2_705                      0           0   1.471e-06   1.471e-06  DCAP64
FILLDECAP_T_2_334                      0           0   1.471e-06   1.471e-06  DCAP64
FILLDECAP_T_1_209                      0           0   1.471e-06   1.471e-06  DCAP64
FILLDECAP_T_2_706                      0           0   1.471e-06   1.471e-06  DCAP64
FILLDECAP_T_2_335                      0           0   1.471e-06   1.471e-06  DCAP64
FILLDECAP_T_1_210                      0           0   1.471e-06   1.471e-06  DCAP64
FILLDECAP_T_2_707                      0           0   1.471e-06   1.471e-06  DCAP64
FILLDECAP_T_2_336                      0           0   1.471e-06   1.471e-06  DCAP64
FILLDECAP_T_1_211                      0           0   1.471e-06   1.471e-06  DCAP64
FILLDECAP_T_2_708                      0           0   1.471e-06   1.471e-06  DCAP64
FILLDECAP_T_2_337                      0           0   1.471e-06   1.471e-06  DCAP64
FILLDECAP_T_1_212                      0           0   1.471e-06   1.471e-06  DCAP64
FILLDECAP_T_2_709                      0           0   1.471e-06   1.471e-06  DCAP64
FILLDECAP_T_2_346                      0           0   1.471e-06   1.471e-06  DCAP64
FILLDECAP_T_1_221                      0           0   1.471e-06   1.471e-06  DCAP64
FILLDECAP_T_2_719                      0           0   1.471e-06   1.471e-06  DCAP64
FILLDECAP_T_5_1036                     0           0   1.471e-06   1.471e-06  DCAP64
FILLDECAP_T_2_1087                     0           0   1.471e-06   1.471e-06  DCAP64
FILLDECAP_T_1_525                      0           0   1.471e-06   1.471e-06  DCAP64
FILLDECAP_T_4_1                        0           0   1.471e-06   1.471e-06  DCAP64
FILLDECAP_T_2_347                      0           0   1.471e-06   1.471e-06  DCAP64
FILLDECAP_T_1_222                      0           0   1.471e-06   1.471e-06  DCAP64
FILLDECAP_T_2_720                      0           0   1.471e-06   1.471e-06  DCAP64
FILLDECAP_T_2_348                      0           0   1.471e-06   1.471e-06  DCAP64
FILLDECAP_T_1_223                      0           0   1.471e-06   1.471e-06  DCAP64
FILLDECAP_T_2_721                      0           0   1.471e-06   1.471e-06  DCAP64
FILLDECAP_T_2_349                      0           0   1.471e-06   1.471e-06  DCAP64
FILLDECAP_T_1_224                      0           0   1.471e-06   1.471e-06  DCAP64
FILLDECAP_T_2_722                      0           0   1.471e-06   1.471e-06  DCAP64
FILLDECAP_T_2_350                      0           0   1.471e-06   1.471e-06  DCAP64
FILLDECAP_T_1_225                      0           0   1.471e-06   1.471e-06  DCAP64
FILLDECAP_T_2_723                      0           0   1.471e-06   1.471e-06  DCAP64
FILLDECAP_T_2_351                      0           0   1.471e-06   1.471e-06  DCAP64
FILLDECAP_T_1_226                      0           0   1.471e-06   1.471e-06  DCAP64
FILLDECAP_T_2_724                      0           0   1.471e-06   1.471e-06  DCAP64
FILLDECAP_T_2_352                      0           0   1.471e-06   1.471e-06  DCAP64
FILLDECAP_T_1_227                      0           0   1.471e-06   1.471e-06  DCAP64
FILLDECAP_T_2_725                      0           0   1.471e-06   1.471e-06  DCAP64
FILLDECAP_T_2_353                      0           0   1.471e-06   1.471e-06  DCAP64
FILLDECAP_T_1_228                      0           0   1.471e-06   1.471e-06  DCAP64
FILLDECAP_T_2_726                      0           0   1.471e-06   1.471e-06  DCAP64
FILLDECAP_T_2_354                      0           0   1.471e-06   1.471e-06  DCAP64
FILLDECAP_T_1_229                      0           0   1.471e-06   1.471e-06  DCAP64
FILLDECAP_T_2_727                      0           0   1.471e-06   1.471e-06  DCAP64
FILLDECAP_T_2_355                      0           0   1.471e-06   1.471e-06  DCAP64
FILLDECAP_T_1_230                      0           0   1.471e-06   1.471e-06  DCAP64
FILLDECAP_T_2_728                      0           0   1.471e-06   1.471e-06  DCAP64
FILLDECAP_T_5_1045                     0           0   1.471e-06   1.471e-06  DCAP64
FILLDECAP_T_2_1096                     0           0   1.471e-06   1.471e-06  DCAP64
FILLDECAP_T_1_534                      0           0   1.471e-06   1.471e-06  DCAP64
FILLDECAP_T_4_10                       0           0   1.471e-06   1.471e-06  DCAP64
FILLDECAP_T_1_231                      0           0   1.471e-06   1.471e-06  DCAP64
FILLDECAP_T_2_729                      0           0   7.166e-07   7.166e-07  DCAP32
FILLDECAP_T_5_1046                     0           0   1.471e-06   1.471e-06  DCAP64
FILLDECAP_T_2_1097                     0           0   1.471e-06   1.471e-06  DCAP64
FILLDECAP_T_1_535                      0           0   1.471e-06   1.471e-06  DCAP64
FILLDECAP_T_4_11                       0           0   1.471e-06   1.471e-06  DCAP64
FILLDECAP_T_1_232                      0           0   8.028e-09   8.028e-09  DCAP
FILLDECAP_T_2_730                      0           0   1.846e-08   1.846e-08  DCAP4
FILLDECAP_T_5_1047                     0           0   1.471e-06   1.471e-06  DCAP64
FILLDECAP_T_2_1098                     0           0   1.471e-06   1.471e-06  DCAP64
FILLDECAP_T_1_536                      0           0   1.471e-06   1.471e-06  DCAP64
FILLDECAP_T_4_12                       0           0   1.471e-06   1.471e-06  DCAP64
FILLDECAP_T_1_233                      0           0   1.471e-06   1.471e-06  DCAP64
FILLDECAP_T_2_731                      0           0   1.471e-06   1.471e-06  DCAP64
FILLDECAP_T_5_1048                     0           0   1.471e-06   1.471e-06  DCAP64
FILLDECAP_T_1_537                      0           0   1.471e-06   1.471e-06  DCAP64
FILLDECAP_T_2_1099                     0           0   1.471e-06   1.471e-06  DCAP64
FILLDECAP_T_4_13                       0           0   1.471e-06   1.471e-06  DCAP64
FILLDECAP_T_2_732                      0           0   1.471e-06   1.471e-06  DCAP64
FILLDECAP_T_5_1049                     0           0   1.471e-06   1.471e-06  DCAP64
FILLDECAP_T_1_538                      0           0   1.471e-06   1.471e-06  DCAP64
FILLDECAP_T_2_1100                     0           0   1.471e-06   1.471e-06  DCAP64
FILLDECAP_T_4_14                       0           0   1.471e-06   1.471e-06  DCAP64
FILLDECAP_T_1_34                       0           0   1.471e-06   1.471e-06  DCAP64
FILLDECAP_T_2_733                      0           0   1.471e-06   1.471e-06  DCAP64
FILLDECAP_T_5_265                      0           0   1.471e-06   1.471e-06  DCAP64
FILLDECAP_T_4_1302                     0           0   1.471e-06   1.471e-06  DCAP64
FILLDECAP_T_1_35                       0           0   1.471e-06   1.471e-06  DCAP64
FILLDECAP_T_2_734                      0           0   1.471e-06   1.471e-06  DCAP64
FILLDECAP_T_5_266                      0           0   1.471e-06   1.471e-06  DCAP64
FILLDECAP_T_4_1303                     0           0   1.471e-06   1.471e-06  DCAP64
FILLDECAP_T_1_36                       0           0   1.471e-06   1.471e-06  DCAP64
FILLDECAP_T_2_735                      0           0   1.471e-06   1.471e-06  DCAP64
FILLDECAP_T_4_1304                     0           0   1.471e-06   1.471e-06  DCAP64
FILLDECAP_T_1_37                       0           0   1.471e-06   1.471e-06  DCAP64
FILLDECAP_T_2_736                      0           0   1.471e-06   1.471e-06  DCAP64
FILLDECAP_T_4_1305                     0           0   1.471e-06   1.471e-06  DCAP64
FILLDECAP_T_1_38                       0           0   1.471e-06   1.471e-06  DCAP64
FILLDECAP_T_2_737                      0           0   1.471e-06   1.471e-06  DCAP64
FILLDECAP_T_4_1306                     0           0   3.013e-07   3.013e-07  DCAP16
FILLDECAP_T_1_39                       0           0   1.471e-06   1.471e-06  DCAP64
FILLDECAP_T_2_738                      0           0   1.471e-06   1.471e-06  DCAP64
FILLDECAP_T_4_1307                     0           0   1.471e-06   1.471e-06  DCAP64
FILLDECAP_T_1_40                       0           0   1.471e-06   1.471e-06  DCAP64
FILLDECAP_T_2_739                      0           0   1.471e-06   1.471e-06  DCAP64
FILLDECAP_T_4_1308                     0           0   1.471e-06   1.471e-06  DCAP64
FILLDECAP_T_2_74                       0           0   1.471e-06   1.471e-06  DCAP64
FILLDECAP_T_1_41                       0           0   1.471e-06   1.471e-06  DCAP64
FILLDECAP_T_2_740                      0           0   1.471e-06   1.471e-06  DCAP64
FILLDECAP_T_4_1309                     0           0   1.471e-06   1.471e-06  DCAP64
FILLDECAP_T_1_42                       0           0   1.471e-06   1.471e-06  DCAP64
FILLDECAP_T_2_741                      0           0   1.471e-06   1.471e-06  DCAP64
FILLDECAP_T_4_1310                     0           0   1.471e-06   1.471e-06  DCAP64
FILLDECAP_T_2_75                       0           0   1.471e-06   1.471e-06  DCAP64
FILLDECAP_T_5_384                      0           0   1.471e-06   1.471e-06  DCAP64
ENDCAP_226                             0           0   8.028e-09   8.028e-09  DCAP
FILLDECAP_T_2_762                      0           0   1.471e-06   1.471e-06  DCAP64
FILLDECAP_T_5_385                      0           0   1.471e-06   1.471e-06  DCAP64
ENDCAP_227                             0           0   8.028e-09   8.028e-09  DCAP
FILLDECAP_T_2_763                      0           0   1.471e-06   1.471e-06  DCAP64
FILLDECAP_T_5_386                      0           0   1.471e-06   1.471e-06  DCAP64
ENDCAP_228                             0           0   8.028e-09   8.028e-09  DCAP
FILLDECAP_T_2_764                      0           0   1.471e-06   1.471e-06  DCAP64
FILLDECAP_T_5_387                      0           0   1.471e-06   1.471e-06  DCAP64
ENDCAP_229                             0           0   8.028e-09   8.028e-09  DCAP
FILLDECAP_T_2_765                      0           0   1.471e-06   1.471e-06  DCAP64
FILLDECAP_T_5_388                      0           0   1.471e-06   1.471e-06  DCAP64
ENDCAP_230                             0           0   8.028e-09   8.028e-09  DCAP
FILLDECAP_T_2_766                      0           0   1.471e-06   1.471e-06  DCAP64
FILLDECAP_T_5_389                      0           0   1.471e-06   1.471e-06  DCAP64
ENDCAP_231                             0           0   8.028e-09   8.028e-09  DCAP
FILLDECAP_T_2_767                      0           0   1.471e-06   1.471e-06  DCAP64
FILLDECAP_T_5_390                      0           0   1.471e-06   1.471e-06  DCAP64
ENDCAP_232                             0           0   8.028e-09   8.028e-09  DCAP
FILLDECAP_T_2_768                      0           0   1.471e-06   1.471e-06  DCAP64
FILLDECAP_T_5_391                      0           0   1.471e-06   1.471e-06  DCAP64
ENDCAP_233                             0           0   8.028e-09   8.028e-09  DCAP
FILLDECAP_T_2_769                      0           0   1.471e-06   1.471e-06  DCAP64
FILLDECAP_T_5_392                      0           0   1.471e-06   1.471e-06  DCAP64
ENDCAP_234                             0           0   8.028e-09   8.028e-09  DCAP
FILLDECAP_T_2_770                      0           0   1.471e-06   1.471e-06  DCAP64
FILLDECAP_T_5_393                      0           0   1.471e-06   1.471e-06  DCAP64
ENDCAP_235                             0           0   8.028e-09   8.028e-09  DCAP
FILLDECAP_T_2_771                      0           0   1.471e-06   1.471e-06  DCAP64
FILLDECAP_T_5_394                      0           0   1.471e-06   1.471e-06  DCAP64
ENDCAP_236                             0           0   8.028e-09   8.028e-09  DCAP
FILLDECAP_T_2_772                      0           0   3.013e-07   3.013e-07  DCAP16
FILLDECAP_T_5_395                      0           0   1.471e-06   1.471e-06  DCAP64
ENDCAP_237                             0           0   8.028e-09   8.028e-09  DCAP
FILLDECAP_T_2_773                      0           0   1.471e-06   1.471e-06  DCAP64
FILLDECAP_T_5_396                      0           0   1.471e-06   1.471e-06  DCAP64
ENDCAP_238                             0           0   8.028e-09   8.028e-09  DCAP
FILLDECAP_T_2_774                      0           0   1.471e-06   1.471e-06  DCAP64
FILLDECAP_T_5_397                      0           0   1.471e-06   1.471e-06  DCAP64
ENDCAP_239                             0           0   8.028e-09   8.028e-09  DCAP
FILLDECAP_T_2_775                      0           0   1.471e-06   1.471e-06  DCAP64
FILLDECAP_T_5_398                      0           0   1.471e-06   1.471e-06  DCAP64
ENDCAP_240                             0           0   8.028e-09   8.028e-09  DCAP
FILLDECAP_T_2_776                      0           0   1.471e-06   1.471e-06  DCAP64
FILLDECAP_T_5_399                      0           0   3.013e-07   3.013e-07  DCAP16
ENDCAP_241                             0           0   8.028e-09   8.028e-09  DCAP
FILLDECAP_T_2_777                      0           0   1.471e-06   1.471e-06  DCAP64
FILLDECAP_T_5_400                      0           0   1.471e-06   1.471e-06  DCAP64
ENDCAP_242                             0           0   8.028e-09   8.028e-09  DCAP
FILLDECAP_T_2_778                      0           0   1.471e-06   1.471e-06  DCAP64
FILLDECAP_T_5_401                      0           0   1.471e-06   1.471e-06  DCAP64
ENDCAP_243                             0           0   8.028e-09   8.028e-09  DCAP
FILLDECAP_T_2_779                      0           0   1.471e-06   1.471e-06  DCAP64
FILLDECAP_T_5_402                      0           0   1.471e-06   1.471e-06  DCAP64
ENDCAP_244                             0           0   8.028e-09   8.028e-09  DCAP
FILLDECAP_T_2_780                      0           0   1.471e-06   1.471e-06  DCAP64
FILLDECAP_T_5_403                      0           0   1.471e-06   1.471e-06  DCAP64
ENDCAP_245                             0           0   8.028e-09   8.028e-09  DCAP
FILLDECAP_T_2_781                      0           0   1.471e-06   1.471e-06  DCAP64
FILLDECAP_T_5_404                      0           0   1.471e-06   1.471e-06  DCAP64
ENDCAP_246                             0           0   8.028e-09   8.028e-09  DCAP
FILLDECAP_T_2_782                      0           0   1.471e-06   1.471e-06  DCAP64
FILLDECAP_T_5_405                      0           0   1.471e-06   1.471e-06  DCAP64
ENDCAP_247                             0           0   8.028e-09   8.028e-09  DCAP
FILLDECAP_T_2_783                      0           0   1.471e-06   1.471e-06  DCAP64
FILLDECAP_T_5_406                      0           0   1.471e-06   1.471e-06  DCAP64
ENDCAP_248                             0           0   8.028e-09   8.028e-09  DCAP
FILLDECAP_T_2_784                      0           0   1.471e-06   1.471e-06  DCAP64
FILLDECAP_T_5_407                      0           0   1.471e-06   1.471e-06  DCAP64
ENDCAP_249                             0           0   8.028e-09   8.028e-09  DCAP
FILLDECAP_T_2_785                      0           0   1.471e-06   1.471e-06  DCAP64
FILLDECAP_T_5_408                      0           0   1.471e-06   1.471e-06  DCAP64
ENDCAP_250                             0           0   8.028e-09   8.028e-09  DCAP
FILLDECAP_T_2_786                      0           0   1.471e-06   1.471e-06  DCAP64
FILLDECAP_T_5_409                      0           0   1.471e-06   1.471e-06  DCAP64
ENDCAP_251                             0           0   8.028e-09   8.028e-09  DCAP
FILLDECAP_T_2_787                      0           0   1.471e-06   1.471e-06  DCAP64
FILLDECAP_T_5_410                      0           0   1.471e-06   1.471e-06  DCAP64
ENDCAP_252                             0           0   8.028e-09   8.028e-09  DCAP
FILLDECAP_T_2_788                      0           0   1.471e-06   1.471e-06  DCAP64
FILLDECAP_T_5_411                      0           0   1.471e-06   1.471e-06  DCAP64
FILLDECAP_T_2_789                      0           0   1.471e-06   1.471e-06  DCAP64
FILLDECAP_T_1_95                       0           0   1.471e-06   1.471e-06  DCAP64
FILLDECAP_T_2_790                      0           0   1.471e-06   1.471e-06  DCAP64
FILLDECAP_T_4_1242                     0           0   1.471e-06   1.471e-06  DCAP64
FILLDECAP_T_1_96                       0           0   1.471e-06   1.471e-06  DCAP64
FILLDECAP_T_2_791                      0           0   1.471e-06   1.471e-06  DCAP64
FILLDECAP_T_4_1243                     0           0   1.471e-06   1.471e-06  DCAP64
FILLDECAP_T_1_97                       0           0   1.471e-06   1.471e-06  DCAP64
FILLDECAP_T_2_792                      0           0   1.471e-06   1.471e-06  DCAP64
FILLDECAP_T_4_1244                     0           0   1.471e-06   1.471e-06  DCAP64
FILLDECAP_T_1_98                       0           0   1.471e-06   1.471e-06  DCAP64
FILLDECAP_T_2_793                      0           0   1.471e-06   1.471e-06  DCAP64
FILLDECAP_T_4_1245                     0           0   1.471e-06   1.471e-06  DCAP64
FILLDECAP_T_1_99                       0           0   1.471e-06   1.471e-06  DCAP64
FILLDECAP_T_2_794                      0           0   1.471e-06   1.471e-06  DCAP64
FILLDECAP_T_4_1246                     0           0   1.471e-06   1.471e-06  DCAP64
FILLDECAP_T_1_100                      0           0   1.471e-06   1.471e-06  DCAP64
FILLDECAP_T_2_795                      0           0   1.471e-06   1.471e-06  DCAP64
FILLDECAP_T_4_1247                     0           0   1.471e-06   1.471e-06  DCAP64
FILLDECAP_T_1_101                      0           0   1.471e-06   1.471e-06  DCAP64
FILLDECAP_T_2_796                      0           0   1.471e-06   1.471e-06  DCAP64
FILLDECAP_T_4_1248                     0           0   1.471e-06   1.471e-06  DCAP64
FILLDECAP_T_1_102                      0           0   1.471e-06   1.471e-06  DCAP64
FILLDECAP_T_2_797                      0           0   1.471e-06   1.471e-06  DCAP64
FILLDECAP_T_4_1249                     0           0   3.013e-07   3.013e-07  DCAP16
FILLDECAP_T_1_103                      0           0   1.471e-06   1.471e-06  DCAP64
FILLDECAP_T_2_798                      0           0   1.471e-06   1.471e-06  DCAP64
FILLDECAP_T_4_1250                     0           0   1.471e-06   1.471e-06  DCAP64
FILLDECAP_T_1_104                      0           0   1.471e-06   1.471e-06  DCAP64
FILLDECAP_T_2_799                      0           0   1.471e-06   1.471e-06  DCAP64
FILLDECAP_T_4_1251                     0           0   1.471e-06   1.471e-06  DCAP64
FILLDECAP_T_1_105                      0           0   1.471e-06   1.471e-06  DCAP64
FILLDECAP_T_2_800                      0           0   3.013e-07   3.013e-07  DCAP16
FILLDECAP_T_4_1252                     0           0   1.471e-06   1.471e-06  DCAP64
FILLDECAP_T_1_106                      0           0   1.471e-06   1.471e-06  DCAP64
FILLDECAP_T_2_801                      0           0   1.471e-06   1.471e-06  DCAP64
FILLDECAP_T_4_1253                     0           0   1.471e-06   1.471e-06  DCAP64
FILLDECAP_T_1_107                      0           0   1.471e-06   1.471e-06  DCAP64
FILLDECAP_T_2_802                      0           0   1.471e-06   1.471e-06  DCAP64
FILLDECAP_T_1_108                      0           0   1.471e-06   1.471e-06  DCAP64
FILLDECAP_T_2_803                      0           0   1.471e-06   1.471e-06  DCAP64
FILLDECAP_T_1_109                      0           0   1.471e-06   1.471e-06  DCAP64
FILLDECAP_T_2_804                      0           0   1.471e-06   1.471e-06  DCAP64
FILLDECAP_T_1_110                      0           0   1.471e-06   1.471e-06  DCAP64
FILLDECAP_T_2_805                      0           0   1.471e-06   1.471e-06  DCAP64
FILLDECAP_T_1_111                      0           0   1.471e-06   1.471e-06  DCAP64
FILLDECAP_T_2_806                      0           0   1.471e-06   1.471e-06  DCAP64
FILLDECAP_T_1_112                      0           0   1.471e-06   1.471e-06  DCAP64
FILLDECAP_T_2_807                      0           0   1.471e-06   1.471e-06  DCAP64
FILLDECAP_T_1_113                      0           0   1.471e-06   1.471e-06  DCAP64
FILLDECAP_T_2_808                      0           0   1.471e-06   1.471e-06  DCAP64
FILLDECAP_T_1_114                      0           0   1.471e-06   1.471e-06  DCAP64
FILLDECAP_T_2_809                      0           0   1.471e-06   1.471e-06  DCAP64
FILLDECAP_T_1_115                      0           0   1.471e-06   1.471e-06  DCAP64
FILLDECAP_T_2_810                      0           0   1.471e-06   1.471e-06  DCAP64
FILLDECAP_T_1_116                      0           0   7.166e-07   7.166e-07  DCAP32
FILLDECAP_T_2_811                      0           0   1.471e-06   1.471e-06  DCAP64
FILLDECAP_T_1_117                      0           0   3.013e-07   3.013e-07  DCAP16
FILLDECAP_T_2_812                      0           0   1.471e-06   1.471e-06  DCAP64
FILLDECAP_T_1_118                      0           0   1.846e-08   1.846e-08  DCAP4
FILLDECAP_T_2_813                      0           0   1.471e-06   1.471e-06  DCAP64
FILLDECAP_T_1_119                      0           0   8.028e-09   8.028e-09  DCAP
FILLDECAP_T_2_814                      0           0   1.471e-06   1.471e-06  DCAP64
FILLDECAP_T_1_120                      0           0   1.471e-06   1.471e-06  DCAP64
FILLDECAP_T_2_815                      0           0   1.471e-06   1.471e-06  DCAP64
FILLDECAP_T_1_121                      0           0   1.471e-06   1.471e-06  DCAP64
FILLDECAP_T_2_816                      0           0   1.471e-06   1.471e-06  DCAP64
FILLDECAP_T_2_817                      0           0   1.471e-06   1.471e-06  DCAP64
FILLDECAP_T_2_903                      0           0   1.471e-06   1.471e-06  DCAP64
FILLDECAP_T_2_904                      0           0   1.471e-06   1.471e-06  DCAP64
FILLDECAP_T_2_905                      0           0   1.471e-06   1.471e-06  DCAP64
FILLDECAP_T_5_1246                     0           0   1.471e-06   1.471e-06  DCAP64
FILLDECAP_T_2_960                      0           0   1.471e-06   1.471e-06  DCAP64
FILLDECAP_T_4_331                      0           0   1.471e-06   1.471e-06  DCAP64
FILLDECAP_T_2_849                      0           0   1.471e-06   1.471e-06  DCAP64
FILLDECAP_T_4_153                      0           0   1.471e-06   1.471e-06  DCAP64
FILLDECAP_T_5_1247                     0           0   1.471e-06   1.471e-06  DCAP64
FILLDECAP_T_2_961                      0           0   1.471e-06   1.471e-06  DCAP64
FILLDECAP_T_4_332                      0           0   1.471e-06   1.471e-06  DCAP64
FILLDECAP_T_2_850                      0           0   1.471e-06   1.471e-06  DCAP64
FILLDECAP_T_4_154                      0           0   1.471e-06   1.471e-06  DCAP64
FILLDECAP_T_5_1248                     0           0   1.471e-06   1.471e-06  DCAP64
FILLDECAP_T_2_962                      0           0   1.471e-06   1.471e-06  DCAP64
FILLDECAP_T_4_333                      0           0   1.471e-06   1.471e-06  DCAP64
FILLDECAP_T_2_851                      0           0   1.471e-06   1.471e-06  DCAP64
FILLDECAP_T_4_155                      0           0   1.471e-06   1.471e-06  DCAP64
FILLDECAP_T_2_963                      0           0   1.471e-06   1.471e-06  DCAP64
FILLDECAP_T_2_964                      0           0   1.471e-06   1.471e-06  DCAP64
FILLDECAP_T_2_965                      0           0   1.471e-06   1.471e-06  DCAP64
FILLDECAP_T_4_1000                     0           0   1.471e-06   1.471e-06  DCAP64
FILLDECAP_T_4_1001                     0           0   1.471e-06   1.471e-06  DCAP64
FILLDECAP_T_4_1002                     0           0   1.471e-06   1.471e-06  DCAP64
FILLDECAP_T_4_1003                     0           0   1.471e-06   1.471e-06  DCAP64
FILLDECAP_T_4_1004                     0           0   1.471e-06   1.471e-06  DCAP64
FILLDECAP_T_4_1005                     0           0   1.471e-06   1.471e-06  DCAP64
FILLDECAP_T_4_1006                     0           0   1.471e-06   1.471e-06  DCAP64
FILLDECAP_T_4_1007                     0           0   1.471e-06   1.471e-06  DCAP64
FILLDECAP_T_4_1008                     0           0   1.471e-06   1.471e-06  DCAP64
FILLDECAP_T_4_1009                     0           0   1.471e-06   1.471e-06  DCAP64
FILLDECAP_T_4_1010                     0           0   1.471e-06   1.471e-06  DCAP64
FILLDECAP_T_4_1011                     0           0   1.471e-06   1.471e-06  DCAP64
FILLDECAP_T_4_1012                     0           0   1.471e-06   1.471e-06  DCAP64
FILLDECAP_T_4_1013                     0           0   1.471e-06   1.471e-06  DCAP64
FILLDECAP_T_4_1014                     0           0   1.471e-06   1.471e-06  DCAP64
FILLDECAP_T_4_1015                     0           0   1.471e-06   1.471e-06  DCAP64
FILLDECAP_T_4_1016                     0           0   1.471e-06   1.471e-06  DCAP64
FILLDECAP_T_4_197                      0           0   1.471e-06   1.471e-06  DCAP64
FILLDECAP_T_4_1029                     0           0   1.471e-06   1.471e-06  DCAP64
FILLDECAP_T_4_198                      0           0   1.471e-06   1.471e-06  DCAP64
FILLDECAP_T_4_1030                     0           0   1.471e-06   1.471e-06  DCAP64
FILLDECAP_T_4_199                      0           0   1.471e-06   1.471e-06  DCAP64
FILLDECAP_T_4_1031                     0           0   1.471e-06   1.471e-06  DCAP64
FILLDECAP_T_4_200                      0           0   3.013e-07   3.013e-07  DCAP16
FILLDECAP_T_4_1032                     0           0   1.471e-06   1.471e-06  DCAP64
FILLDECAP_T_4_201                      0           0   1.471e-06   1.471e-06  DCAP64
FILLDECAP_T_4_1033                     0           0   1.471e-06   1.471e-06  DCAP64
FILLDECAP_T_4_202                      0           0   1.471e-06   1.471e-06  DCAP64
FILLDECAP_T_4_1034                     0           0   1.471e-06   1.471e-06  DCAP64
FILLDECAP_T_4_203                      0           0   1.471e-06   1.471e-06  DCAP64
FILLDECAP_T_4_1035                     0           0   1.471e-06   1.471e-06  DCAP64
FILLDECAP_T_4_1036                     0           0   1.471e-06   1.471e-06  DCAP64
FILLDECAP_T_4_1037                     0           0   1.471e-06   1.471e-06  DCAP64
FILLDECAP_T_4_1038                     0           0   1.471e-06   1.471e-06  DCAP64
FILLDECAP_T_4_1039                     0           0   1.471e-06   1.471e-06  DCAP64
FILLDECAP_T_4_1040                     0           0   1.471e-06   1.471e-06  DCAP64
FILLDECAP_T_4_1041                     0           0   1.471e-06   1.471e-06  DCAP64
FILLDECAP_T_4_1042                     0           0   1.471e-06   1.471e-06  DCAP64
FILLDECAP_T_4_1043                     0           0   1.471e-06   1.471e-06  DCAP64
FILLDECAP_T_4_1044                     0           0   1.471e-06   1.471e-06  DCAP64
FILLDECAP_T_4_1045                     0           0   1.471e-06   1.471e-06  DCAP64
FILLDECAP_T_4_1046                     0           0   1.471e-06   1.471e-06  DCAP64
FILLDECAP_T_4_1047                     0           0   1.471e-06   1.471e-06  DCAP64
FILLDECAP_T_4_1048                     0           0   1.471e-06   1.471e-06  DCAP64
FILLDECAP_T_4_1049                     0           0   1.846e-08   1.846e-08  DCAP4
FILLDECAP_T_4_1398                     0           0   1.471e-06   1.471e-06  DCAP64
FILLDECAP_T_4_1050                     0           0   1.471e-06   1.471e-06  DCAP64
FILLDECAP_T_4_1399                     0           0   1.471e-06   1.471e-06  DCAP64
FILLDECAP_T_4_1051                     0           0   1.471e-06   1.471e-06  DCAP64
FILLDECAP_T_4_1400                     0           0   1.471e-06   1.471e-06  DCAP64
FILLDECAP_T_1_431                      0           0   1.471e-06   1.471e-06  DCAP64
FILLDECAP_T_2_1334                     0           0   1.471e-06   1.471e-06  DCAP64
FILLDECAP_T_4_1054                     0           0   1.471e-06   1.471e-06  DCAP64
FILLDECAP_T_1_432                      0           0   1.471e-06   1.471e-06  DCAP64
FILLDECAP_T_2_1335                     0           0   1.471e-06   1.471e-06  DCAP64
FILLDECAP_T_4_1055                     0           0   1.471e-06   1.471e-06  DCAP64
FILLDECAP_T_1_433                      0           0   1.471e-06   1.471e-06  DCAP64
FILLDECAP_T_2_1336                     0           0   1.471e-06   1.471e-06  DCAP64
FILLDECAP_T_4_1056                     0           0   1.471e-06   1.471e-06  DCAP64
FILLDECAP_T_1_177                      0           0   1.471e-06   1.471e-06  DCAP64
FILLDECAP_T_2_1162                     0           0   1.331e-07   1.331e-07  DCAP8
FILLDECAP_T_4_1082                     0           0   1.471e-06   1.471e-06  DCAP64
FILLDECAP_T_2_1163                     0           0   1.846e-08   1.846e-08  DCAP4
FILLDECAP_T_4_1083                     0           0   1.471e-06   1.471e-06  DCAP64
FILLDECAP_T_4_1084                     0           0   1.471e-06   1.471e-06  DCAP64
FILLDECAP_T_4_1085                     0           0   1.471e-06   1.471e-06  DCAP64
FILLDECAP_T_4_1086                     0           0   1.471e-06   1.471e-06  DCAP64
FILLDECAP_T_4_1087                     0           0   1.471e-06   1.471e-06  DCAP64
FILLDECAP_T_4_1088                     0           0   1.471e-06   1.471e-06  DCAP64
FILLDECAP_T_4_1089                     0           0   1.471e-06   1.471e-06  DCAP64
FILLDECAP_T_4_1090                     0           0   1.471e-06   1.471e-06  DCAP64
FILLDECAP_T_4_1091                     0           0   1.471e-06   1.471e-06  DCAP64
FILLDECAP_T_4_1092                     0           0   1.471e-06   1.471e-06  DCAP64
FILLDECAP_T_4_1093                     0           0   1.471e-06   1.471e-06  DCAP64
FILLDECAP_T_4_1094                     0           0   1.471e-06   1.471e-06  DCAP64
FILLDECAP_T_4_1095                     0           0   1.471e-06   1.471e-06  DCAP64
FILLDECAP_T_4_1096                     0           0   1.471e-06   1.471e-06  DCAP64
FILLDECAP_T_4_1097                     0           0   1.471e-06   1.471e-06  DCAP64
FILLDECAP_T_4_1098                     0           0   1.471e-06   1.471e-06  DCAP64
FILLDECAP_T_4_1099                     0           0   1.471e-06   1.471e-06  DCAP64
FILLDECAP_T_4_1100                     0           0   1.471e-06   1.471e-06  DCAP64
FILLDECAP_T_4_1101                     0           0   1.471e-06   1.471e-06  DCAP64
FILLDECAP_T_4_1102                     0           0   1.471e-06   1.471e-06  DCAP64
FILLDECAP_T_4_1103                     0           0   1.471e-06   1.471e-06  DCAP64
FILLDECAP_T_4_1140                     0           0   1.471e-06   1.471e-06  DCAP64
FILLDECAP_T_4_1141                     0           0   1.471e-06   1.471e-06  DCAP64
FILLDECAP_T_4_1142                     0           0   1.471e-06   1.471e-06  DCAP64
FILLDECAP_T_4_1143                     0           0   1.471e-06   1.471e-06  DCAP64
FILLDECAP_T_4_1144                     0           0   1.471e-06   1.471e-06  DCAP64
FILLDECAP_T_4_1145                     0           0   1.471e-06   1.471e-06  DCAP64
FILLDECAP_T_4_1168                     0           0   1.471e-06   1.471e-06  DCAP64
FILLDECAP_T_4_1146                     0           0   1.471e-06   1.471e-06  DCAP64
FILLDECAP_T_4_1169                     0           0   1.471e-06   1.471e-06  DCAP64
FILLDECAP_T_4_1147                     0           0   1.471e-06   1.471e-06  DCAP64
FILLDECAP_T_4_1170                     0           0   1.471e-06   1.471e-06  DCAP64
FILLDECAP_T_4_1148                     0           0   1.471e-06   1.471e-06  DCAP64
FILLDECAP_T_4_1171                     0           0   1.471e-06   1.471e-06  DCAP64
FILLDECAP_T_4_1149                     0           0   1.471e-06   1.471e-06  DCAP64
FILLDECAP_T_4_1172                     0           0   1.471e-06   1.471e-06  DCAP64
FILLDECAP_T_4_1150                     0           0   1.471e-06   1.471e-06  DCAP64
FILLDECAP_T_4_1173                     0           0   1.471e-06   1.471e-06  DCAP64
FILLDECAP_T_4_1151                     0           0   1.471e-06   1.471e-06  DCAP64
FILLDECAP_T_4_1174                     0           0   1.471e-06   1.471e-06  DCAP64
FILLDECAP_T_4_1152                     0           0   1.471e-06   1.471e-06  DCAP64
FILLDECAP_T_4_1175                     0           0   1.471e-06   1.471e-06  DCAP64
FILLDECAP_T_4_1153                     0           0   1.471e-06   1.471e-06  DCAP64
FILLDECAP_T_4_1176                     0           0   1.471e-06   1.471e-06  DCAP64
FILLDECAP_T_4_1154                     0           0   1.471e-06   1.471e-06  DCAP64
FILLDECAP_T_4_1177                     0           0   1.471e-06   1.471e-06  DCAP64
FILLDECAP_T_4_1155                     0           0   1.471e-06   1.471e-06  DCAP64
FILLDECAP_T_4_1178                     0           0   1.471e-06   1.471e-06  DCAP64
FILLDECAP_T_4_1156                     0           0   1.471e-06   1.471e-06  DCAP64
FILLDECAP_T_4_1179                     0           0   1.471e-06   1.471e-06  DCAP64
FILLDECAP_T_4_1157                     0           0   1.471e-06   1.471e-06  DCAP64
FILLDECAP_T_4_1180                     0           0   1.471e-06   1.471e-06  DCAP64
FILLDECAP_T_4_1158                     0           0   1.471e-06   1.471e-06  DCAP64
FILLDECAP_T_4_1181                     0           0   1.471e-06   1.471e-06  DCAP64
FILLDECAP_T_4_1159                     0           0   1.471e-06   1.471e-06  DCAP64
FILLDECAP_T_4_1182                     0           0   1.471e-06   1.471e-06  DCAP64
FILLDECAP_T_4_116                      0           0   3.013e-07   3.013e-07  DCAP16
FILLDECAP_T_4_1160                     0           0   1.471e-06   1.471e-06  DCAP64
FILLDECAP_T_4_1183                     0           0   1.471e-06   1.471e-06  DCAP64
FILLDECAP_T_4_1161                     0           0   3.013e-07   3.013e-07  DCAP16
FILLDECAP_T_4_1184                     0           0   1.471e-06   1.471e-06  DCAP64
FILLDECAP_T_4_1162                     0           0   1.471e-06   1.471e-06  DCAP64
FILLDECAP_T_4_1185                     0           0   1.471e-06   1.471e-06  DCAP64
FILLDECAP_T_4_1163                     0           0   1.471e-06   1.471e-06  DCAP64
FILLDECAP_T_4_1186                     0           0   1.471e-06   1.471e-06  DCAP64
FILLDECAP_T_4_1164                     0           0   1.471e-06   1.471e-06  DCAP64
FILLDECAP_T_4_1187                     0           0   1.471e-06   1.471e-06  DCAP64
FILLDECAP_T_4_1165                     0           0   1.471e-06   1.471e-06  DCAP64
FILLDECAP_T_4_1188                     0           0   1.471e-06   1.471e-06  DCAP64
FILLDECAP_T_4_1166                     0           0   1.471e-06   1.471e-06  DCAP64
FILLDECAP_T_4_1189                     0           0   3.013e-07   3.013e-07  DCAP16
FILLDECAP_T_4_1167                     0           0   1.471e-06   1.471e-06  DCAP64
FILLDECAP_T_4_1190                     0           0   1.471e-06   1.471e-06  DCAP64
FILLDECAP_T_4_117                      0           0   1.471e-06   1.471e-06  DCAP64
FILLDECAP_T_4_118                      0           0   1.471e-06   1.471e-06  DCAP64
FILLDECAP_T_4_119                      0           0   1.471e-06   1.471e-06  DCAP64
FILLDECAP_T_4_1191                     0           0   1.471e-06   1.471e-06  DCAP64
FILLDECAP_T_4_1192                     0           0   1.471e-06   1.471e-06  DCAP64
FILLDECAP_T_4_1193                     0           0   1.471e-06   1.471e-06  DCAP64
FILLDECAP_T_4_1194                     0           0   1.471e-06   1.471e-06  DCAP64
FILLDECAP_T_4_1195                     0           0   1.471e-06   1.471e-06  DCAP64
FILLDECAP_T_5_1085                     0           0   1.471e-06   1.471e-06  DCAP64
FILLDECAP_T_4_1212                     0           0   1.471e-06   1.471e-06  DCAP64
FILLDECAP_T_5_1086                     0           0   1.471e-06   1.471e-06  DCAP64
FILLDECAP_T_4_1213                     0           0   1.471e-06   1.471e-06  DCAP64
FILLDECAP_T_5_1087                     0           0   1.471e-06   1.471e-06  DCAP64
FILLDECAP_T_4_1214                     0           0   1.471e-06   1.471e-06  DCAP64
FILLDECAP_T_5_1088                     0           0   1.471e-06   1.471e-06  DCAP64
FILLDECAP_T_4_1215                     0           0   1.471e-06   1.471e-06  DCAP64
FILLDECAP_T_5_1089                     0           0   1.471e-06   1.471e-06  DCAP64
FILLDECAP_T_4_1216                     0           0   1.471e-06   1.471e-06  DCAP64
FILLDECAP_T_5_1090                     0           0   1.471e-06   1.471e-06  DCAP64
FILLDECAP_T_4_1217                     0           0   1.471e-06   1.471e-06  DCAP64
FILLDECAP_T_5_1091                     0           0   1.471e-06   1.471e-06  DCAP64
FILLDECAP_T_4_1218                     0           0   1.471e-06   1.471e-06  DCAP64
FILLDECAP_T_4_1219                     0           0   3.013e-07   3.013e-07  DCAP16
FILLDECAP_T_4_1220                     0           0   1.846e-08   1.846e-08  DCAP4
FILLDECAP_T_4_1222                     0           0   1.471e-06   1.471e-06  DCAP64
FILLDECAP_T_4_1223                     0           0   1.471e-06   1.471e-06  DCAP64
FILLDECAP_T_4_1224                     0           0   1.471e-06   1.471e-06  DCAP64
FILLDECAP_T_4_1225                     0           0   1.471e-06   1.471e-06  DCAP64
FILLDECAP_T_4_1226                     0           0   1.471e-06   1.471e-06  DCAP64
FILLDECAP_T_4_1227                     0           0   1.471e-06   1.471e-06  DCAP64
FILLDECAP_T_4_1228                     0           0   1.471e-06   1.471e-06  DCAP64
FILLDECAP_T_4_1229                     0           0   1.471e-06   1.471e-06  DCAP64
FILLDECAP_T_4_1230                     0           0   1.471e-06   1.471e-06  DCAP64
FILLDECAP_T_4_1231                     0           0   1.471e-06   1.471e-06  DCAP64
FILLDECAP_T_4_1232                     0           0   1.471e-06   1.471e-06  DCAP64
FILLDECAP_T_4_1233                     0           0   1.471e-06   1.471e-06  DCAP64
FILLDECAP_T_4_1234                     0           0   1.471e-06   1.471e-06  DCAP64
FILLDECAP_T_4_1235                     0           0   1.471e-06   1.471e-06  DCAP64
FILLDECAP_T_4_1236                     0           0   1.471e-06   1.471e-06  DCAP64
FILLDECAP_T_4_1237                     0           0   1.471e-06   1.471e-06  DCAP64
FILLDECAP_T_4_1238                     0           0   1.471e-06   1.471e-06  DCAP64
FILLDECAP_T_4_1239                     0           0   1.471e-06   1.471e-06  DCAP64
FILLDECAP_T_4_1240                     0           0   1.471e-06   1.471e-06  DCAP64
FILLDECAP_T_4_1241                     0           0   1.471e-06   1.471e-06  DCAP64
FILLDECAP_T_5_133                      0           0   1.471e-06   1.471e-06  DCAP64
FILLDECAP_T_4_1254                     0           0   1.471e-06   1.471e-06  DCAP64
FILLDECAP_T_5_134                      0           0   1.471e-06   1.471e-06  DCAP64
FILLDECAP_T_1_1405                     0           0   1.471e-06   1.471e-06  DCAP64
FILLDECAP_T_4_1255                     0           0   1.471e-06   1.471e-06  DCAP64
FILLDECAP_T_5_135                      0           0   1.471e-06   1.471e-06  DCAP64
FILLDECAP_T_1_1406                     0           0   1.471e-06   1.471e-06  DCAP64
FILLDECAP_T_4_1256                     0           0   1.471e-06   1.471e-06  DCAP64
FILLDECAP_T_5_136                      0           0   1.471e-06   1.471e-06  DCAP64
FILLDECAP_T_1_1407                     0           0   1.471e-06   1.471e-06  DCAP64
FILLDECAP_T_4_1257                     0           0   1.471e-06   1.471e-06  DCAP64
FILLDECAP_T_5_137                      0           0   1.471e-06   1.471e-06  DCAP64
FILLDECAP_T_1_1408                     0           0   1.471e-06   1.471e-06  DCAP64
FILLDECAP_T_4_1258                     0           0   1.471e-06   1.471e-06  DCAP64
FILLDECAP_T_5_138                      0           0   7.166e-07   7.166e-07  DCAP32
FILLDECAP_T_1_1409                     0           0   1.471e-06   1.471e-06  DCAP64
FILLDECAP_T_4_1259                     0           0   1.471e-06   1.471e-06  DCAP64
FILLDECAP_T_5_139                      0           0   1.331e-07   1.331e-07  DCAP8
FILLDECAP_T_1_1410                     0           0   1.471e-06   1.471e-06  DCAP64
FILLDECAP_T_4_1260                     0           0   1.471e-06   1.471e-06  DCAP64
FILLDECAP_T_5_140                      0           0   1.846e-08   1.846e-08  DCAP4
FILLDECAP_T_1_1411                     0           0   1.471e-06   1.471e-06  DCAP64
FILLDECAP_T_4_1261                     0           0   1.471e-06   1.471e-06  DCAP64
FILLDECAP_T_5_142                      0           0   1.471e-06   1.471e-06  DCAP64
FILLDECAP_T_1_1412                     0           0   1.471e-06   1.471e-06  DCAP64
FILLDECAP_T_4_1262                     0           0   1.471e-06   1.471e-06  DCAP64
FILLDECAP_T_5_143                      0           0   1.471e-06   1.471e-06  DCAP64
FILLDECAP_T_1_1413                     0           0   1.471e-06   1.471e-06  DCAP64
FILLDECAP_T_4_1263                     0           0   1.471e-06   1.471e-06  DCAP64
FILLDECAP_T_5_144                      0           0   1.471e-06   1.471e-06  DCAP64
FILLDECAP_T_1_1414                     0           0   1.471e-06   1.471e-06  DCAP64
FILLDECAP_T_4_1264                     0           0   1.471e-06   1.471e-06  DCAP64
FILLDECAP_T_5_145                      0           0   1.471e-06   1.471e-06  DCAP64
FILLDECAP_T_1_1415                     0           0   3.013e-07   3.013e-07  DCAP16
FILLDECAP_T_4_1265                     0           0   1.471e-06   1.471e-06  DCAP64
FILLDECAP_T_5_146                      0           0   1.471e-06   1.471e-06  DCAP64
FILLDECAP_T_1_1416                     0           0   1.471e-06   1.471e-06  DCAP64
FILLDECAP_T_4_1266                     0           0   1.471e-06   1.471e-06  DCAP64
FILLDECAP_T_5_147                      0           0   1.471e-06   1.471e-06  DCAP64
FILLDECAP_T_1_1417                     0           0   1.471e-06   1.471e-06  DCAP64
FILLDECAP_T_4_1267                     0           0   1.471e-06   1.471e-06  DCAP64
FILLDECAP_T_5_148                      0           0   1.471e-06   1.471e-06  DCAP64
FILLDECAP_T_1_1418                     0           0   1.471e-06   1.471e-06  DCAP64
FILLDECAP_T_4_1268                     0           0   1.471e-06   1.471e-06  DCAP64
FILLDECAP_T_5_149                      0           0   1.471e-06   1.471e-06  DCAP64
FILLDECAP_T_1_1419                     0           0   1.471e-06   1.471e-06  DCAP64
FILLDECAP_T_4_1269                     0           0   1.471e-06   1.471e-06  DCAP64
FILLDECAP_T_5_150                      0           0   1.471e-06   1.471e-06  DCAP64
FILLDECAP_T_1_1420                     0           0   1.471e-06   1.471e-06  DCAP64
FILLDECAP_T_4_1270                     0           0   1.471e-06   1.471e-06  DCAP64
FILLDECAP_T_5_151                      0           0   1.471e-06   1.471e-06  DCAP64
FILLDECAP_T_1_1421                     0           0   1.471e-06   1.471e-06  DCAP64
FILLDECAP_T_4_1271                     0           0   1.471e-06   1.471e-06  DCAP64
FILLDECAP_T_5_152                      0           0   1.471e-06   1.471e-06  DCAP64
FILLDECAP_T_1_1422                     0           0   1.471e-06   1.471e-06  DCAP64
FILLDECAP_T_4_1272                     0           0   1.471e-06   1.471e-06  DCAP64
FILLDECAP_T_5_153                      0           0   1.471e-06   1.471e-06  DCAP64
FILLDECAP_T_1_1423                     0           0   1.471e-06   1.471e-06  DCAP64
FILLDECAP_T_4_1273                     0           0   1.471e-06   1.471e-06  DCAP64
FILLDECAP_T_5_154                      0           0   1.471e-06   1.471e-06  DCAP64
FILLDECAP_T_1_1424                     0           0   1.471e-06   1.471e-06  DCAP64
FILLDECAP_T_4_1274                     0           0   1.471e-06   1.471e-06  DCAP64
FILLDECAP_T_1_1425                     0           0   1.471e-06   1.471e-06  DCAP64
FILLDECAP_T_4_1275                     0           0   1.471e-06   1.471e-06  DCAP64
FILLDECAP_T_1_1426                     0           0   1.471e-06   1.471e-06  DCAP64
FILLDECAP_T_4_1276                     0           0   1.471e-06   1.471e-06  DCAP64
FILLDECAP_T_1_1427                     0           0   1.471e-06   1.471e-06  DCAP64
FILLDECAP_T_4_1277                     0           0   1.331e-07   1.331e-07  DCAP8
FILLDECAP_T_1_1428                     0           0   1.471e-06   1.471e-06  DCAP64
FILLDECAP_T_4_1279                     0           0   1.471e-06   1.471e-06  DCAP64
FILLDECAP_T_1_1429                     0           0   1.471e-06   1.471e-06  DCAP64
FILLDECAP_T_4_1280                     0           0   1.471e-06   1.471e-06  DCAP64
FILLDECAP_T_1_1430                     0           0   1.471e-06   1.471e-06  DCAP64
FILLDECAP_T_4_1281                     0           0   1.471e-06   1.471e-06  DCAP64
FILLDECAP_T_1_1431                     0           0   1.471e-06   1.471e-06  DCAP64
FILLDECAP_T_4_1282                     0           0   1.471e-06   1.471e-06  DCAP64
FILLDECAP_T_5_246                      0           0   1.471e-06   1.471e-06  DCAP64
ENDCAP_10                              0           0   8.028e-09   8.028e-09  DCAP
FILLDECAP_T_1_1318                     0           0   1.471e-06   1.471e-06  DCAP64
FILLDECAP_T_2_400                      0           0   3.013e-07   3.013e-07  DCAP16
FILLDECAP_T_4_1283                     0           0   1.471e-06   1.471e-06  DCAP64
FILLDECAP_T_5_247                      0           0   1.471e-06   1.471e-06  DCAP64
ENDCAP_11                              0           0   8.028e-09   8.028e-09  DCAP
FILLDECAP_T_1_1319                     0           0   1.471e-06   1.471e-06  DCAP64
FILLDECAP_T_2_401                      0           0   1.331e-07   1.331e-07  DCAP8
FILLDECAP_T_4_1284                     0           0   1.471e-06   1.471e-06  DCAP64
FILLDECAP_T_5_248                      0           0   1.471e-06   1.471e-06  DCAP64
ENDCAP_12                              0           0   8.028e-09   8.028e-09  DCAP
FILLDECAP_T_2_403                      0           0   1.471e-06   1.471e-06  DCAP64
FILLDECAP_T_4_1285                     0           0   1.471e-06   1.471e-06  DCAP64
FILLDECAP_T_5_249                      0           0   1.471e-06   1.471e-06  DCAP64
ENDCAP_13                              0           0   8.028e-09   8.028e-09  DCAP
FILLDECAP_T_2_404                      0           0   1.471e-06   1.471e-06  DCAP64
FILLDECAP_T_4_1286                     0           0   1.471e-06   1.471e-06  DCAP64
FILLDECAP_T_5_250                      0           0   1.471e-06   1.471e-06  DCAP64
ENDCAP_14                              0           0   8.028e-09   8.028e-09  DCAP
FILLDECAP_T_2_405                      0           0   1.471e-06   1.471e-06  DCAP64
FILLDECAP_T_4_1287                     0           0   1.471e-06   1.471e-06  DCAP64
FILLDECAP_T_5_251                      0           0   1.471e-06   1.471e-06  DCAP64
ENDCAP_15                              0           0   8.028e-09   8.028e-09  DCAP
FILLDECAP_T_2_406                      0           0   1.471e-06   1.471e-06  DCAP64
FILLDECAP_T_4_1288                     0           0   1.471e-06   1.471e-06  DCAP64
FILLDECAP_T_5_252                      0           0   1.471e-06   1.471e-06  DCAP64
ENDCAP_16                              0           0   8.028e-09   8.028e-09  DCAP
FILLDECAP_T_2_407                      0           0   1.471e-06   1.471e-06  DCAP64
FILLDECAP_T_4_1289                     0           0   1.471e-06   1.471e-06  DCAP64
FILLDECAP_T_5_253                      0           0   3.013e-07   3.013e-07  DCAP16
ENDCAP_17                              0           0   8.028e-09   8.028e-09  DCAP
FILLDECAP_T_2_408                      0           0   1.471e-06   1.471e-06  DCAP64
FILLDECAP_T_4_1290                     0           0   1.471e-06   1.471e-06  DCAP64
FILLDECAP_T_5_254                      0           0   1.471e-06   1.471e-06  DCAP64
ENDCAP_18                              0           0   8.028e-09   8.028e-09  DCAP
FILLDECAP_T_2_409                      0           0   1.471e-06   1.471e-06  DCAP64
FILLDECAP_T_4_1291                     0           0   1.471e-06   1.471e-06  DCAP64
FILLDECAP_T_5_255                      0           0   1.471e-06   1.471e-06  DCAP64
ENDCAP_19                              0           0   8.028e-09   8.028e-09  DCAP
FILLDECAP_T_2_410                      0           0   1.471e-06   1.471e-06  DCAP64
FILLDECAP_T_4_1292                     0           0   1.471e-06   1.471e-06  DCAP64
FILLDECAP_T_5_256                      0           0   1.471e-06   1.471e-06  DCAP64
ENDCAP_20                              0           0   8.028e-09   8.028e-09  DCAP
FILLDECAP_T_2_411                      0           0   1.471e-06   1.471e-06  DCAP64
FILLDECAP_T_4_1293                     0           0   1.471e-06   1.471e-06  DCAP64
FILLDECAP_T_5_257                      0           0   1.471e-06   1.471e-06  DCAP64
ENDCAP_21                              0           0   8.028e-09   8.028e-09  DCAP
FILLDECAP_T_2_412                      0           0   1.471e-06   1.471e-06  DCAP64
FILLDECAP_T_4_1294                     0           0   1.471e-06   1.471e-06  DCAP64
FILLDECAP_T_5_258                      0           0   1.471e-06   1.471e-06  DCAP64
ENDCAP_22                              0           0   8.028e-09   8.028e-09  DCAP
FILLDECAP_T_2_413                      0           0   1.471e-06   1.471e-06  DCAP64
FILLDECAP_T_4_1295                     0           0   1.471e-06   1.471e-06  DCAP64
FILLDECAP_T_5_259                      0           0   1.471e-06   1.471e-06  DCAP64
ENDCAP_23                              0           0   8.028e-09   8.028e-09  DCAP
FILLDECAP_T_2_414                      0           0   1.471e-06   1.471e-06  DCAP64
FILLDECAP_T_4_1296                     0           0   1.471e-06   1.471e-06  DCAP64
FILLDECAP_T_5_260                      0           0   1.471e-06   1.471e-06  DCAP64
ENDCAP_24                              0           0   8.028e-09   8.028e-09  DCAP
FILLDECAP_T_2_415                      0           0   1.471e-06   1.471e-06  DCAP64
FILLDECAP_T_4_1297                     0           0   1.471e-06   1.471e-06  DCAP64
FILLDECAP_T_5_261                      0           0   1.471e-06   1.471e-06  DCAP64
ENDCAP_25                              0           0   8.028e-09   8.028e-09  DCAP
FILLDECAP_T_2_416                      0           0   1.471e-06   1.471e-06  DCAP64
FILLDECAP_T_4_1298                     0           0   1.471e-06   1.471e-06  DCAP64
FILLDECAP_T_5_262                      0           0   1.471e-06   1.471e-06  DCAP64
ENDCAP_26                              0           0   8.028e-09   8.028e-09  DCAP
FILLDECAP_T_4_1299                     0           0   1.471e-06   1.471e-06  DCAP64
FILLDECAP_T_5_263                      0           0   1.471e-06   1.471e-06  DCAP64
ENDCAP_27                              0           0   8.028e-09   8.028e-09  DCAP
FILLDECAP_T_4_1300                     0           0   1.471e-06   1.471e-06  DCAP64
FILLDECAP_T_5_264                      0           0   1.471e-06   1.471e-06  DCAP64
ENDCAP_28                              0           0   8.028e-09   8.028e-09  DCAP
FILLDECAP_T_4_1301                     0           0   1.471e-06   1.471e-06  DCAP64
FILLDECAP_T_4_1311                     0           0   1.471e-06   1.471e-06  DCAP64
FILLDECAP_T_4_1312                     0           0   1.471e-06   1.471e-06  DCAP64
FILLDECAP_T_4_1313                     0           0   1.471e-06   1.471e-06  DCAP64
FILLDECAP_T_4_1314                     0           0   1.471e-06   1.471e-06  DCAP64
FILLDECAP_T_4_1315                     0           0   1.471e-06   1.471e-06  DCAP64
FILLDECAP_T_4_1316                     0           0   1.471e-06   1.471e-06  DCAP64
FILLDECAP_T_4_1317                     0           0   1.471e-06   1.471e-06  DCAP64
FILLDECAP_T_4_1318                     0           0   1.471e-06   1.471e-06  DCAP64
FILLDECAP_T_4_1319                     0           0   1.471e-06   1.471e-06  DCAP64
FILLDECAP_T_4_1320                     0           0   1.471e-06   1.471e-06  DCAP64
FILLDECAP_T_4_1321                     0           0   1.471e-06   1.471e-06  DCAP64
FILLDECAP_T_4_1322                     0           0   1.471e-06   1.471e-06  DCAP64
FILLDECAP_T_4_1323                     0           0   1.471e-06   1.471e-06  DCAP64
FILLDECAP_T_4_1324                     0           0   1.471e-06   1.471e-06  DCAP64
FILLDECAP_T_4_1325                     0           0   1.471e-06   1.471e-06  DCAP64
FILLDECAP_T_4_1326                     0           0   1.471e-06   1.471e-06  DCAP64
FILLDECAP_T_4_1327                     0           0   1.471e-06   1.471e-06  DCAP64
FILLDECAP_T_4_1328                     0           0   1.471e-06   1.471e-06  DCAP64
FILLDECAP_T_4_1329                     0           0   1.471e-06   1.471e-06  DCAP64
FILLDECAP_T_4_1330                     0           0   1.471e-06   1.471e-06  DCAP64
FILLDECAP_T_4_1331                     0           0   1.471e-06   1.471e-06  DCAP64
FILLDECAP_T_4_1332                     0           0   1.471e-06   1.471e-06  DCAP64
FILLDECAP_T_4_1333                     0           0   1.471e-06   1.471e-06  DCAP64
FILLDECAP_T_4_1334                     0           0   1.846e-08   1.846e-08  DCAP4
FILLDECAP_T_4_1335                     0           0   8.028e-09   8.028e-09  DCAP
FILLDECAP_T_4_1336                     0           0   1.471e-06   1.471e-06  DCAP64
FILLDECAP_T_4_1337                     0           0   1.471e-06   1.471e-06  DCAP64
FILLDECAP_T_4_1338                     0           0   1.471e-06   1.471e-06  DCAP64
FILLDECAP_T_4_1339                     0           0   1.471e-06   1.471e-06  DCAP64
FILLDECAP_T_4_134                      0           0   1.471e-06   1.471e-06  DCAP64
FILLDECAP_T_4_1340                     0           0   1.471e-06   1.471e-06  DCAP64
FILLDECAP_T_4_1341                     0           0   1.471e-06   1.471e-06  DCAP64
FILLDECAP_T_4_1342                     0           0   1.471e-06   1.471e-06  DCAP64
FILLDECAP_T_4_1343                     0           0   1.471e-06   1.471e-06  DCAP64
FILLDECAP_T_4_1344                     0           0   1.471e-06   1.471e-06  DCAP64
FILLDECAP_T_4_1345                     0           0   1.471e-06   1.471e-06  DCAP64
FILLDECAP_T_4_1346                     0           0   1.471e-06   1.471e-06  DCAP64
FILLDECAP_T_4_1347                     0           0   1.471e-06   1.471e-06  DCAP64
FILLDECAP_T_4_1348                     0           0   1.471e-06   1.471e-06  DCAP64
FILLDECAP_T_4_1349                     0           0   1.471e-06   1.471e-06  DCAP64
FILLDECAP_T_4_135                      0           0   1.471e-06   1.471e-06  DCAP64
FILLDECAP_T_4_1350                     0           0   1.471e-06   1.471e-06  DCAP64
FILLDECAP_T_4_1351                     0           0   1.471e-06   1.471e-06  DCAP64
FILLDECAP_T_4_1352                     0           0   1.471e-06   1.471e-06  DCAP64
FILLDECAP_T_4_570                      0           0   1.471e-06   1.471e-06  DCAP64
FILLDECAP_T_4_1353                     0           0   1.331e-07   1.331e-07  DCAP8
FILLDECAP_T_4_571                      0           0   1.471e-06   1.471e-06  DCAP64
FILLDECAP_T_4_1355                     0           0   1.471e-06   1.471e-06  DCAP64
FILLDECAP_T_4_572                      0           0   1.471e-06   1.471e-06  DCAP64
FILLDECAP_T_4_1356                     0           0   1.471e-06   1.471e-06  DCAP64
FILLDECAP_T_4_573                      0           0   1.471e-06   1.471e-06  DCAP64
FILLDECAP_T_4_1357                     0           0   1.471e-06   1.471e-06  DCAP64
FILLDECAP_T_4_574                      0           0   1.471e-06   1.471e-06  DCAP64
FILLDECAP_T_4_1358                     0           0   1.471e-06   1.471e-06  DCAP64
FILLDECAP_T_4_575                      0           0   1.471e-06   1.471e-06  DCAP64
FILLDECAP_T_4_1359                     0           0   1.471e-06   1.471e-06  DCAP64
FILLDECAP_T_4_136                      0           0   1.471e-06   1.471e-06  DCAP64
FILLDECAP_T_4_576                      0           0   1.471e-06   1.471e-06  DCAP64
FILLDECAP_T_4_1360                     0           0   1.471e-06   1.471e-06  DCAP64
FILLDECAP_T_4_577                      0           0   1.471e-06   1.471e-06  DCAP64
FILLDECAP_T_4_1361                     0           0   1.471e-06   1.471e-06  DCAP64
FILLDECAP_T_4_578                      0           0   1.471e-06   1.471e-06  DCAP64
FILLDECAP_T_4_1362                     0           0   1.471e-06   1.471e-06  DCAP64
FILLDECAP_T_4_579                      0           0   1.471e-06   1.471e-06  DCAP64
FILLDECAP_T_4_1363                     0           0   1.471e-06   1.471e-06  DCAP64
FILLDECAP_T_4_580                      0           0   1.471e-06   1.471e-06  DCAP64
FILLDECAP_T_4_1364                     0           0   7.166e-07   7.166e-07  DCAP32
FILLDECAP_T_4_378                      0           0   1.471e-06   1.471e-06  DCAP64
FILLDECAP_T_2_479                      0           0   1.471e-06   1.471e-06  DCAP64
FILLDECAP_T_4_1368                     0           0   1.471e-06   1.471e-06  DCAP64
FILLDECAP_T_4_379                      0           0   1.471e-06   1.471e-06  DCAP64
FILLDECAP_T_2_480                      0           0   1.471e-06   1.471e-06  DCAP64
FILLDECAP_T_4_1369                     0           0   1.471e-06   1.471e-06  DCAP64
FILLDECAP_T_4_137                      0           0   1.471e-06   1.471e-06  DCAP64
FILLDECAP_T_4_380                      0           0   1.471e-06   1.471e-06  DCAP64
FILLDECAP_T_2_481                      0           0   1.471e-06   1.471e-06  DCAP64
FILLDECAP_T_4_1370                     0           0   1.471e-06   1.471e-06  DCAP64
FILLDECAP_T_4_381                      0           0   1.471e-06   1.471e-06  DCAP64
FILLDECAP_T_2_482                      0           0   1.471e-06   1.471e-06  DCAP64
FILLDECAP_T_4_1371                     0           0   1.471e-06   1.471e-06  DCAP64
FILLDECAP_T_4_382                      0           0   1.471e-06   1.471e-06  DCAP64
FILLDECAP_T_2_483                      0           0   1.471e-06   1.471e-06  DCAP64
FILLDECAP_T_4_1372                     0           0   1.471e-06   1.471e-06  DCAP64
FILLDECAP_T_4_383                      0           0   1.471e-06   1.471e-06  DCAP64
FILLDECAP_T_2_484                      0           0   1.471e-06   1.471e-06  DCAP64
FILLDECAP_T_4_1373                     0           0   1.471e-06   1.471e-06  DCAP64
FILLDECAP_T_4_384                      0           0   1.471e-06   1.471e-06  DCAP64
FILLDECAP_T_2_485                      0           0   1.471e-06   1.471e-06  DCAP64
FILLDECAP_T_4_1374                     0           0   1.471e-06   1.471e-06  DCAP64
FILLDECAP_T_4_385                      0           0   1.471e-06   1.471e-06  DCAP64
FILLDECAP_T_2_486                      0           0   1.471e-06   1.471e-06  DCAP64
FILLDECAP_T_4_1375                     0           0   1.471e-06   1.471e-06  DCAP64
FILLDECAP_T_4_386                      0           0   1.471e-06   1.471e-06  DCAP64
FILLDECAP_T_2_487                      0           0   1.331e-07   1.331e-07  DCAP8
FILLDECAP_T_4_1376                     0           0   1.471e-06   1.471e-06  DCAP64
FILLDECAP_T_4_387                      0           0   1.471e-06   1.471e-06  DCAP64
FILLDECAP_T_2_488                      0           0   1.471e-06   1.471e-06  DCAP64
FILLDECAP_T_4_1377                     0           0   1.471e-06   1.471e-06  DCAP64
FILLDECAP_T_4_388                      0           0   1.471e-06   1.471e-06  DCAP64
FILLDECAP_T_2_489                      0           0   1.471e-06   1.471e-06  DCAP64
FILLDECAP_T_4_1378                     0           0   1.471e-06   1.471e-06  DCAP64
FILLDECAP_T_4_389                      0           0   1.471e-06   1.471e-06  DCAP64
FILLDECAP_T_2_490                      0           0   1.471e-06   1.471e-06  DCAP64
FILLDECAP_T_4_1379                     0           0   1.471e-06   1.471e-06  DCAP64
FILLDECAP_T_4_138                      0           0   1.471e-06   1.471e-06  DCAP64
FILLDECAP_T_4_390                      0           0   1.471e-06   1.471e-06  DCAP64
FILLDECAP_T_2_491                      0           0   1.471e-06   1.471e-06  DCAP64
FILLDECAP_T_4_1380                     0           0   1.471e-06   1.471e-06  DCAP64
FILLDECAP_T_4_391                      0           0   1.471e-06   1.471e-06  DCAP64
FILLDECAP_T_2_492                      0           0   1.471e-06   1.471e-06  DCAP64
FILLDECAP_T_4_1383                     0           0   1.471e-06   1.471e-06  DCAP64
FILLDECAP_T_4_392                      0           0   1.471e-06   1.471e-06  DCAP64
FILLDECAP_T_2_493                      0           0   1.471e-06   1.471e-06  DCAP64
FILLDECAP_T_4_1384                     0           0   1.471e-06   1.471e-06  DCAP64
FILLDECAP_T_4_393                      0           0   1.471e-06   1.471e-06  DCAP64
FILLDECAP_T_2_494                      0           0   1.471e-06   1.471e-06  DCAP64
FILLDECAP_T_4_1385                     0           0   1.471e-06   1.471e-06  DCAP64
FILLDECAP_T_4_394                      0           0   1.471e-06   1.471e-06  DCAP64
FILLDECAP_T_2_495                      0           0   1.471e-06   1.471e-06  DCAP64
FILLDECAP_T_4_1386                     0           0   1.471e-06   1.471e-06  DCAP64
FILLDECAP_T_4_395                      0           0   1.471e-06   1.471e-06  DCAP64
FILLDECAP_T_2_496                      0           0   1.471e-06   1.471e-06  DCAP64
FILLDECAP_T_4_1387                     0           0   1.471e-06   1.471e-06  DCAP64
FILLDECAP_T_4_396                      0           0   3.013e-07   3.013e-07  DCAP16
FILLDECAP_T_2_497                      0           0   1.471e-06   1.471e-06  DCAP64
FILLDECAP_T_4_1388                     0           0   1.471e-06   1.471e-06  DCAP64
FILLDECAP_T_4_397                      0           0   1.471e-06   1.471e-06  DCAP64
FILLDECAP_T_2_498                      0           0   1.471e-06   1.471e-06  DCAP64
FILLDECAP_T_4_1389                     0           0   1.471e-06   1.471e-06  DCAP64
FILLDECAP_T_4_139                      0           0   1.471e-06   1.471e-06  DCAP64
FILLDECAP_T_4_398                      0           0   1.471e-06   1.471e-06  DCAP64
FILLDECAP_T_2_499                      0           0   1.471e-06   1.471e-06  DCAP64
FILLDECAP_T_4_1390                     0           0   1.471e-06   1.471e-06  DCAP64
FILLDECAP_T_4_399                      0           0   1.471e-06   1.471e-06  DCAP64
FILLDECAP_T_2_500                      0           0   1.471e-06   1.471e-06  DCAP64
FILLDECAP_T_4_1391                     0           0   1.471e-06   1.471e-06  DCAP64
FILLDECAP_T_2_501                      0           0   1.471e-06   1.471e-06  DCAP64
FILLDECAP_T_4_1392                     0           0   1.471e-06   1.471e-06  DCAP64
FILLDECAP_T_2_502                      0           0   1.471e-06   1.471e-06  DCAP64
FILLDECAP_T_4_1393                     0           0   1.471e-06   1.471e-06  DCAP64
FILLDECAP_T_4_1394                     0           0   1.471e-06   1.471e-06  DCAP64
FILLDECAP_T_4_1395                     0           0   3.013e-07   3.013e-07  DCAP16
FILLDECAP_T_4_1396                     0           0   1.471e-06   1.471e-06  DCAP64
FILLDECAP_T_4_1397                     0           0   1.471e-06   1.471e-06  DCAP64
FILLDECAP_T_4_140                      0           0   1.471e-06   1.471e-06  DCAP64
FILLDECAP_T_4_141                      0           0   1.471e-06   1.471e-06  DCAP64
FILLDECAP_T_4_142                      0           0   1.471e-06   1.471e-06  DCAP64
FILLDECAP_T_4_143                      0           0   1.471e-06   1.471e-06  DCAP64
FILLDECAP_T_4_144                      0           0   3.013e-07   3.013e-07  DCAP16
FILLDECAP_T_4_145                      0           0   1.471e-06   1.471e-06  DCAP64
FILLDECAP_T_4_146                      0           0   1.471e-06   1.471e-06  DCAP64
FILLDECAP_T_4_147                      0           0   1.471e-06   1.471e-06  DCAP64
FILLDECAP_T_5_1050                     0           0   1.471e-06   1.471e-06  DCAP64
FILLDECAP_T_1_539                      0           0   1.471e-06   1.471e-06  DCAP64
FILLDECAP_T_2_1101                     0           0   1.471e-06   1.471e-06  DCAP64
FILLDECAP_T_4_15                       0           0   1.471e-06   1.471e-06  DCAP64
FILLDECAP_T_4_334                      0           0   1.471e-06   1.471e-06  DCAP64
FILLDECAP_T_2_852                      0           0   1.471e-06   1.471e-06  DCAP64
FILLDECAP_T_4_156                      0           0   1.471e-06   1.471e-06  DCAP64
FILLDECAP_T_4_335                      0           0   1.471e-06   1.471e-06  DCAP64
FILLDECAP_T_2_853                      0           0   1.471e-06   1.471e-06  DCAP64
FILLDECAP_T_4_157                      0           0   1.471e-06   1.471e-06  DCAP64
FILLDECAP_T_4_336                      0           0   1.471e-06   1.471e-06  DCAP64
FILLDECAP_T_2_854                      0           0   1.471e-06   1.471e-06  DCAP64
FILLDECAP_T_4_158                      0           0   1.471e-06   1.471e-06  DCAP64
FILLDECAP_T_4_337                      0           0   1.471e-06   1.471e-06  DCAP64
FILLDECAP_T_2_855                      0           0   1.471e-06   1.471e-06  DCAP64
FILLDECAP_T_4_159                      0           0   1.471e-06   1.471e-06  DCAP64
FILLDECAP_T_5_1051                     0           0   1.471e-06   1.471e-06  DCAP64
FILLDECAP_T_1_540                      0           0   7.166e-07   7.166e-07  DCAP32
FILLDECAP_T_2_1102                     0           0   1.471e-06   1.471e-06  DCAP64
FILLDECAP_T_4_16                       0           0   1.471e-06   1.471e-06  DCAP64
FILLDECAP_T_4_338                      0           0   1.471e-06   1.471e-06  DCAP64
FILLDECAP_T_2_856                      0           0   1.846e-08   1.846e-08  DCAP4
FILLDECAP_T_4_160                      0           0   1.471e-06   1.471e-06  DCAP64
FILLDECAP_T_4_339                      0           0   1.471e-06   1.471e-06  DCAP64
FILLDECAP_T_2_857                      0           0   1.471e-06   1.471e-06  DCAP64
FILLDECAP_T_4_161                      0           0   1.471e-06   1.471e-06  DCAP64
FILLDECAP_T_4_340                      0           0   3.013e-07   3.013e-07  DCAP16
FILLDECAP_T_2_858                      0           0   1.471e-06   1.471e-06  DCAP64
FILLDECAP_T_4_162                      0           0   1.471e-06   1.471e-06  DCAP64
FILLDECAP_T_4_341                      0           0   1.471e-06   1.471e-06  DCAP64
FILLDECAP_T_2_859                      0           0   1.471e-06   1.471e-06  DCAP64
FILLDECAP_T_4_163                      0           0   1.471e-06   1.471e-06  DCAP64
FILLDECAP_T_4_342                      0           0   1.471e-06   1.471e-06  DCAP64
FILLDECAP_T_2_860                      0           0   1.471e-06   1.471e-06  DCAP64
FILLDECAP_T_4_164                      0           0   1.471e-06   1.471e-06  DCAP64
FILLDECAP_T_4_343                      0           0   1.471e-06   1.471e-06  DCAP64
FILLDECAP_T_2_861                      0           0   1.471e-06   1.471e-06  DCAP64
FILLDECAP_T_4_165                      0           0   1.471e-06   1.471e-06  DCAP64
FILLDECAP_T_2_862                      0           0   1.471e-06   1.471e-06  DCAP64
FILLDECAP_T_4_166                      0           0   1.471e-06   1.471e-06  DCAP64
FILLDECAP_T_2_863                      0           0   1.471e-06   1.471e-06  DCAP64
FILLDECAP_T_4_167                      0           0   1.471e-06   1.471e-06  DCAP64
FILLDECAP_T_2_864                      0           0   1.471e-06   1.471e-06  DCAP64
FILLDECAP_T_4_168                      0           0   1.471e-06   1.471e-06  DCAP64
FILLDECAP_T_2_865                      0           0   1.471e-06   1.471e-06  DCAP64
FILLDECAP_T_4_169                      0           0   1.471e-06   1.471e-06  DCAP64
FILLDECAP_T_5_1052                     0           0   1.471e-06   1.471e-06  DCAP64
FILLDECAP_T_1_541                      0           0   3.013e-07   3.013e-07  DCAP16
FILLDECAP_T_4_17                       0           0   1.471e-06   1.471e-06  DCAP64
FILLDECAP_T_2_866                      0           0   1.471e-06   1.471e-06  DCAP64
FILLDECAP_T_4_170                      0           0   1.471e-06   1.471e-06  DCAP64
FILLDECAP_T_2_867                      0           0   1.471e-06   1.471e-06  DCAP64
FILLDECAP_T_4_171                      0           0   1.471e-06   1.471e-06  DCAP64
FILLDECAP_T_2_872                      0           0   1.471e-06   1.471e-06  DCAP64
FILLDECAP_T_4_172                      0           0   3.013e-07   3.013e-07  DCAP16
FILLDECAP_T_2_873                      0           0   1.471e-06   1.471e-06  DCAP64
FILLDECAP_T_4_173                      0           0   1.471e-06   1.471e-06  DCAP64
FILLDECAP_T_2_874                      0           0   1.471e-06   1.471e-06  DCAP64
FILLDECAP_T_4_174                      0           0   1.471e-06   1.471e-06  DCAP64
FILLDECAP_T_2_875                      0           0   1.471e-06   1.471e-06  DCAP64
FILLDECAP_T_4_175                      0           0   1.471e-06   1.471e-06  DCAP64
FILLDECAP_T_4_176                      0           0   1.471e-06   1.471e-06  DCAP64
FILLDECAP_T_4_177                      0           0   1.471e-06   1.471e-06  DCAP64
FILLDECAP_T_4_178                      0           0   1.471e-06   1.471e-06  DCAP64
FILLDECAP_T_4_179                      0           0   1.471e-06   1.471e-06  DCAP64
FILLDECAP_T_5_1053                     0           0   1.471e-06   1.471e-06  DCAP64
FILLDECAP_T_1_544                      0           0   1.331e-07   1.331e-07  DCAP8
FILLDECAP_T_4_18                       0           0   1.471e-06   1.471e-06  DCAP64
FILLDECAP_T_4_180                      0           0   1.471e-06   1.471e-06  DCAP64
FILLDECAP_T_4_181                      0           0   1.471e-06   1.471e-06  DCAP64
FILLDECAP_T_4_182                      0           0   1.471e-06   1.471e-06  DCAP64
FILLDECAP_T_4_183                      0           0   1.471e-06   1.471e-06  DCAP64
FILLDECAP_T_4_184                      0           0   1.471e-06   1.471e-06  DCAP64
FILLDECAP_T_4_185                      0           0   1.471e-06   1.471e-06  DCAP64
FILLDECAP_T_4_186                      0           0   1.471e-06   1.471e-06  DCAP64
FILLDECAP_T_4_187                      0           0   1.471e-06   1.471e-06  DCAP64
FILLDECAP_T_4_188                      0           0   1.471e-06   1.471e-06  DCAP64
FILLDECAP_T_4_189                      0           0   1.471e-06   1.471e-06  DCAP64
FILLDECAP_T_5_1054                     0           0   3.013e-07   3.013e-07  DCAP16
FILLDECAP_T_1_546                      0           0   1.471e-06   1.471e-06  DCAP64
FILLDECAP_T_4_19                       0           0   1.471e-06   1.471e-06  DCAP64
FILLDECAP_T_4_190                      0           0   1.471e-06   1.471e-06  DCAP64
FILLDECAP_T_4_191                      0           0   1.471e-06   1.471e-06  DCAP64
FILLDECAP_T_4_192                      0           0   1.471e-06   1.471e-06  DCAP64
FILLDECAP_T_4_193                      0           0   1.471e-06   1.471e-06  DCAP64
FILLDECAP_T_4_1026                     0           0   1.471e-06   1.471e-06  DCAP64
FILLDECAP_T_4_194                      0           0   1.471e-06   1.471e-06  DCAP64
FILLDECAP_T_4_1027                     0           0   1.471e-06   1.471e-06  DCAP64
FILLDECAP_T_4_195                      0           0   1.471e-06   1.471e-06  DCAP64
FILLDECAP_T_4_1028                     0           0   1.471e-06   1.471e-06  DCAP64
FILLDECAP_T_4_196                      0           0   1.471e-06   1.471e-06  DCAP64

---------------------------------------------------------------------------------------

Total (   6078 of   6078  )        14.12       9.677      23.81    0.007786
Total Capacitance                9.061e-11 F
Power Density                   *** No Die Area ***
