
Cadence Innovus(TM) Implementation System.
Copyright 2021 Cadence Design Systems, Inc. All rights reserved worldwide.

Version:	v21.18-s099_1, built Tue Jul 18 13:03:50 PDT 2023
Options:	-stylus 
Date:		Wed Aug 12 06:48:54 2026
Host:		ncdc-0137 (x86_64 w/Linux 7.1.4-1.el8.elrepo.x86_64) (16cores*24cpus*13th Gen Intel(R) Core(TM) i7-13700 30720KB)
OS:		Red Hat Enterprise Linux 8.6 (Ootpa)

License:
		[06:48:54.301529] Configured Lic search path (21.01-s002): 5280@10.19.32.90

		invs	Innovus Implementation System	21.1	checkout succeeded
		8 CPU jobs allowed with the current license(s). Use set_multi_cpu_usage to set your required CPU count.


Create and set the environment variable TMPDIR to /tmp/innovus_temp_44367_ncdc-0137_cc_oqiC0l.

Change the soft stacksize limit to 0.2%RAM (127 mbytes). Set global soft_stack_size_limit to change the value.
[INFO] Loading Pegasus 23.13 fill procedures

**INFO:  MMMC transition support version v31-84 

@innovus 1> ################################################################################
################################################################### [1G#############
# CADENCE INNOVUS: FLAT PLACE & ROUTE SCRIPT (CORE ONLY)
# Design: riscv_core
@innovus 2> # CADENCE INNOVUS: FLAT PLACE & ROUTE SCRIPT (CORE ONLY)
@innovus 3> # Design: riscv_core
# Technology: TSMC 65nm (9-Layer Metal Stack)
################################################################################
@innovus 4> # Technology: TSMC 65nm (9-Layer Metal Stack)
@innovus 5> ################################################################### [1G#############

@innovus 6> 
# ==============================================================================
@innovus 6> # ================================================================= [1G=============
# 1. PROJECT VARIABLES & SETUP
@innovus 7> # 1. PROJECT VARIABLES & SETUP
# ==============================================================================

@innovus 8> # ================================================================= [1G=============
@innovus 9> 
set WORK_DIR                  "/home/cc/Documents/Abdullah/RISCV_synthesis"
@innovus 9> set WORK_DIR                  "/home/cc/Documents/Abdullah/RISCV_sy [1Gnthesis"
/home/cc/Documents/Abdullah/RISCV_synthesis
@innovus 10> set design(TOPLEVEL)          "riscv_core"
set design(TOPLEVEL)          "riscv_core"

riscv_core
@innovus 11> 
@innovus 11> # --- Output Infrastructure & Directory Creation ---
# --- Output Infrastructure & Directory Creation ---
set INNOVUS_DATA_DIR          "${WORK_DIR}/export/Innovus_Data"
@innovus 12> set INNOVUS_DATA_DIR          "${WORK_DIR}/export/Innovus_Data"
/home/cc/Documents/Abdullah/RISCV_synthesis/export/Innovus_Data
set design(export_dir)        "${INNOVUS_DATA_DIR}/outputs"
@innovus 13> set design(export_dir)        "${INNOVUS_DATA_DIR}/outputs"
/home/cc/Documents/Abdullah/RISCV_synthesis/export/Innovus_Data/outputs
@innovus 14> set design(reports_dir)       "${INNOVUS_DATA_DIR}/reports"
set design(reports_dir)       "${INNOVUS_DATA_DIR}/reports"
/home/cc/Documents/Abdullah/RISCV_synthesis/export/Innovus_Data/reports
@innovus 15> 

@innovus 15> file mkdir $INNOVUS_DATA_DIR \
+            ${design(export_dir)}/pnr \
+            ${design(reports_dir)}/verify \
+            ${design(reports_dir)}/signoff \
+            ${design(reports_dir)}/placement \
+            ${design(reports_dir)}/opt \
+            ${design(reports_dir)}/cts \
+            ${design(reports_dir)}/routfile mkdir $INNOVUS_DATA_DIR \
           ${design(export_dir)}/pnr \
           ${design(reports_dir)}/verify \
           ${design(reports_dir)}/signoff \
           ${design(reports_dir)}/placement \
           ${design(reports_dir)}/opt \
           ${design(reports_dir)}/cts \
           ${design(reports_dir)}/route
e
@innovus 16> 

@innovus 16> # --- Inputs ---
# --- Inputs ---
@innovus 17> set design(postsyn_netlist)   "${WORK_DIR}/export/Synthesis_Data/n [1Getlists/${design(TOPLEVEL)}_physical_synth.v"
set design(postsyn_netlist)   "${WORK_DIR}/export/Synthesis_Data/netlists/${design(TOPLEVEL)}_physical_synth.v"
/home/cc/Documents/Abdullah/RISCV_synthesis/export/Synthesis_Data/netlists/riscv_core_physical_synth.v
@innovus 18> set design(mmmc_view_file)    "${WORK_DIR}/inputs/mmmc_master.viewset design(mmmc_view_file)    "${WORK_DIR}/inputs/mmmc_master.view"
 [1G"
/home/cc/Documents/Abdullah/RISCV_synthesis/inputs/mmmc_master.view
@innovus 19> 

@innovus 19> # Core LEF only (No IO Pads)
# Core LEF only (No IO Pads)
@innovus 20> set tech(ALL_LEFS)            [list "${WORK_DIR}/libraries/lef/tcb [1Gn65lp_9lmT2.lef"]
set tech(ALL_LEFS)            [list "${WORK_DIR}/libraries/lef/tcbn65lp_9lmT2.lef"]
/home/cc/Documents/Abdullah/RISCV_synthesis/libraries/lef/tcbn65lp_9lmT2.lef
@innovus 21> 

@innovus 21> # --- Cell Library Definitions ---
# --- Cell Library Definitions ---
@innovus 22> set tech(STANDARD_CELL_VDD)   "VDD"
set tech(STANDARD_CELL_VDD)   "VDD"
VDD
@innovus 23> set tech(STANDARD_CELL_GND)   "VSS"
set tech(STANDARD_CELL_GND)   "VSS"
VSS
@innovus 24> set tech(ENDCAPS_right)       "DCAP"    
set tech(ENDCAPS_right)       "DCAP"    
DCAP
@innovus 25> set tech(ENDCAPS_left)        "DCAP"
set tech(ENDCAPS_left)        "DCAP"
DCAP
@innovus 26> set tech(TIEHI)               "TIEH"
set tech(TIEHI)               "TIEH"
TIEH
@innovus 27> set tech(TIELO)               "TIEL"
set tech(TIELO)               "TIEL"
TIEL
@innovus 28> set tech(TIE_MAX_FANOUT)      10set tech(TIE_MAX_FANOUT)      10

10
@innovus 29> set tech(DECAP)               "DCAP64 DCAP32 DCAP16 DCAP8 DCAP4 DC [1GAP"
set tech(DECAP)               "DCAP64 DCAP32 DCAP16 DCAP8 DCAP4 DCAP"
DCAP64 DCAP32 DCAP16 DCAP8 DCAP4 DCAP
@innovus 30> set tech(FILLERS)             "FILL64 FILL32 FILL16 FILL8 FILL4 FI [1GLL2 FILL1"
set tech(FILLERS)             "FILL64 FILL32 FILL16 FILL8 FILL4 FILL2 FILL1"
FILL64 FILL32 FILL16 FILL8 FILL4 FILL2 FILL1
@innovus 31> 

@innovus 31> # --- Global Net Definitions ---
# --- Global Net Definitions ---
@innovus 32> set design(digital_gnd)       "VSS"
set design(digital_gnd)       "VSS"
VSS
@innovus 33> set design(digital_vdd)       "VDDset design(digital_vdd)       "VDD"
"
VDD
@innovus 34> set design(all_ground_nets)   $design(digital_gndset design(all_ground_nets)   $design(digital_gnd)
)
VSS
@innovus 35> set design(all_power_nets)    $design(digital_vdd)
set design(all_power_nets)    $design(digital_vdd)
VDD
@innovus 36> set design(core_ring_nets)    "$design(digital_gnd) $design(digita [1Gl_vdd)"
set design(core_ring_nets)    "$design(digital_gnd) $design(digital_vdd)"
VSS VDD
@innovus 37> 

@innovus 37> # ================================================================ [1G==============
# ==============================================================================
@innovus 38> # 2. TOOL SETTINGS & INITIALIZATION
# 2. TOOL SETTINGS & INITIALIZATION
@innovus 39> # ================================================================ [1G==============
# ==============================================================================
@innovus 40> puts "INFO: Starting Stage - Initialization"
puts "INFO: Starting Stage - Initialization"
INFO: Starting Stage - Initialization
@innovus 41> 

@innovus 41> set_library_unit -time 1ns -cap 1pf
set_library_unit -time 1ns -cap 1pf
@innovus 42> set_db timing_analysis_type ocv
set_db timing_analysis_type ocv
1 ocv
@innovus 43> set_db timing_analysis_cppr both
set_db timing_analysis_cppr both
1 both
@innovus 44> set_db timing_report_unconstrained_paths true
set_db timing_report_unconstrained_paths true
1 true
@innovus 45>
 
@innovus 45> set_db init_ground_nets $design(all_ground_nets)
set_db init_ground_nets $design(all_ground_nets)
1 VSS
@innovus 46> set_db init_power_nets  $design(all_power_nets)
set_db init_power_nets  $design(all_power_nets)
1 VDD
@innovus 47>
 
@innovus 47> read_mmmc $design(mmmc_view_file) 
read_mmmc $design(mmmc_view_file) 
#@ Begin verbose source (pre): 
@file 1: # ==============================================================================
@file 2: # CADENCE MMMC (Multi-Mode Multi-Corner) SETUP FILE
@file 3: # ==============================================================================
@file 4:
@file 5: if {![info exists INCLUDE_DFT]} {
@file 6: set INCLUDE_DFT "false"
@file 7: }
@file 8:
@file 9: # --- Project Path ---
@file 10: set WORK_DIR "/home/cc/Documents/Abdullah/RISCV_synthesis"
@file 11:
@file 12: # --- SDC Files ---
@file 13: set SDC_FUNC_FILE "${WORK_DIR}/inputs/riscv_baseline.sdc"
@file 14: set SDC_TEST_FILE "${WORK_DIR}/inputs/riscv_dft.sdc"
@file 15:
@file 16: # --- Libraries ---
@file 17: set LIB_TC        "${WORK_DIR}/libraries/libs/tcbn65lptc.lib"
@file 18: set LIB_WC        "${WORK_DIR}/libraries/libs/tcbn65lpwc.lib"
@file 19: set LIB_BC        "${WORK_DIR}/libraries/libs/tcbn65lpbc.lib"
@file 20:
@file 21: # --- Cap Tables ---
@file 22: set CAPTABLE_TC   "${WORK_DIR}/inputs/mmmc_files/captable/cln65lp_1p09m+alrdl_top2_typical.captable"
@file 23: set CAPTABLE_WC   "${WORK_DIR}/inputs/mmmc_files/captable/cln65lp_1p09m+alrdl_top2_rcworst.captable"
@file 24: set CAPTABLE_BC   "${WORK_DIR}/inputs/mmmc_files/captable/cln65lp_1p09m+alrdl_top2_rcbest.captable"
@file 25:
@file 26: # ------------------------------------------------------------------------------
@file 27: # 1. LIBRARY SETS
@file 28: # ------------------------------------------------------------------------------
@@file 29: create_library_set -name tc_libset -timing $LIB_TC
@@file 30: create_library_set -name wc_libset -timing $LIB_WC
@@file 31: create_library_set -name bc_libset -timing $LIB_BC
@file 32:
@file 33: # ------------------------------------------------------------------------------
@file 34: # 2. TIMING CONDITIONS
@file 35: # ------------------------------------------------------------------------------
@@file 36: create_timing_condition -name tc_cond -library_sets {tc_libset}
@@file 37: create_timing_condition -name wc_cond -library_sets {wc_libset}
@@file 38: create_timing_condition -name bc_cond -library_sets {bc_libset}
@file 39:
@file 40: # ------------------------------------------------------------------------------
@file 41: # 3. RC CORNERS
@file 42: # ------------------------------------------------------------------------------
@@file 43: create_rc_corner -name rc_typical -temperature 25  -cap_table $CAPTABLE_TC
@@file 44: create_rc_corner -name rc_worst   -temperature 125 -cap_table $CAPTABLE_WC
@@file 45: create_rc_corner -name rc_best    -temperature -40 -cap_table $CAPTABLE_BC
@file 46:
@file 47: # ------------------------------------------------------------------------------
@file 48: # 4. CONSTRAINT MODES
@file 49: # ------------------------------------------------------------------------------
@@file 50: create_constraint_mode -name func_mode -sdc_files $SDC_FUNC_FILE
@file 51:
@file 52: if {$INCLUDE_DFT == "true"} {...}
@file 55:
@file 56: # ------------------------------------------------------------------------------
@file 57: # 5. DELAY CORNERS
@file 58: # ------------------------------------------------------------------------------
@@file 59: create_delay_corner -name dc_typical -timing_condition {tc_cond} -rc_corner {rc_typical}
@@file 60: create_delay_corner -name dc_worst   -timing_condition {wc_cond} -rc_corner {rc_worst}
@@file 61: create_delay_corner -name dc_best    -timing_condition {bc_cond} -rc_corner {rc_best}
@file 62:
@file 63: # ------------------------------------------------------------------------------
@file 64: # 6. ANALYSIS VIEWS
@file 65: # ------------------------------------------------------------------------------
@@file 66: create_analysis_view -name view_func_typical -constraint_mode {func_mode} -delay_corner {dc_typical}
@@file 67: create_analysis_view -name view_func_setup   -constraint_mode {func_mode} -delay_corner {dc_worst}
@@file 68: create_analysis_view -name view_func_hold    -constraint_mode {func_mode} -delay_corner {dc_best}
@file 69:
@file 70: if {$INCLUDE_DFT == "true"} {...}
@file 75:
@file 76: # ------------------------------------------------------------------------------
@file 77: # 7. SET ACTIVE VIEWS
@file 78: # ------------------------------------------------------------------------------
@file 79: if {$INCLUDE_DFT == "true"} {...
@file 85: } else {
@@file 86: set_analysis_view  -setup   {view_func_setup}  -hold    {view_func_hold}  -leakage {view_func_typical}  -dynamic {view_func_typical}
@file 87: }
#@ End verbose source: /home/cc/Documents/Abdullah/RISCV_synthesis/inputs/mmmc_master.view
Reading wc_libset timing library '/home/cc/Documents/Abdullah/RISCV_synthesis/libraries/libs/tcbn65lpwc.lib' ...
**WARN: (TECHLIB-302):	No function defined for cell 'OD25DCAP64'. The cell will only be used for analysis. (File /home/cc/Documents/Abdullah/RISCV_synthesis/libraries/libs/tcbn65lpwc.lib)
**WARN: (TECHLIB-302):	No function defined for cell 'OD25DCAP32'. The cell will only be used for analysis. (File /home/cc/Documents/Abdullah/RISCV_synthesis/libraries/libs/tcbn65lpwc.lib)
**WARN: (TECHLIB-302):	No function defined for cell 'OD25DCAP16'. The cell will only be used for analysis. (File /home/cc/Documents/Abdullah/RISCV_synthesis/libraries/libs/tcbn65lpwc.lib)
**WARN: (TECHLIB-302):	No function defined for cell 'DCAP8'. The cell will only be used for analysis. (File /home/cc/Documents/Abdullah/RISCV_synthesis/libraries/libs/tcbn65lpwc.lib)
**WARN: (TECHLIB-302):	No function defined for cell 'DCAP64'. The cell will only be used for analysis. (File /home/cc/Documents/Abdullah/RISCV_synthesis/libraries/libs/tcbn65lpwc.lib)
**WARN: (TECHLIB-302):	No function defined for cell 'DCAP4'. The cell will only be used for analysis. (File /home/cc/Documents/Abdullah/RISCV_synthesis/libraries/libs/tcbn65lpwc.lib)
**WARN: (TECHLIB-302):	No function defined for cell 'DCAP32'. The cell will only be used for analysis. (File /home/cc/Documents/Abdullah/RISCV_synthesis/libraries/libs/tcbn65lpwc.lib)
**WARN: (TECHLIB-302):	No function defined for cell 'DCAP16'. The cell will only be used for analysis. (File /home/cc/Documents/Abdullah/RISCV_synthesis/libraries/libs/tcbn65lpwc.lib)
**WARN: (TECHLIB-302):	No function defined for cell 'DCAP'. The cell will only be used for analysis. (File /home/cc/Documents/Abdullah/RISCV_synthesis/libraries/libs/tcbn65lpwc.lib)
**WARN: (TECHLIB-302):	No function defined for cell 'ANTENNA'. The cell will only be used for analysis. (File /home/cc/Documents/Abdullah/RISCV_synthesis/libraries/libs/tcbn65lpwc.lib)
Read 816 cells in library 'tcbn65lpwc' 
Reading bc_libset timing library '/home/cc/Documents/Abdullah/RISCV_synthesis/libraries/libs/tcbn65lpbc.lib' ...
**WARN: (TECHLIB-302):	No function defined for cell 'OD25DCAP64'. The cell will only be used for analysis. (File /home/cc/Documents/Abdullah/RISCV_synthesis/libraries/libs/tcbn65lpbc.lib)
**WARN: (TECHLIB-302):	No function defined for cell 'OD25DCAP32'. The cell will only be used for analysis. (File /home/cc/Documents/Abdullah/RISCV_synthesis/libraries/libs/tcbn65lpbc.lib)
**WARN: (TECHLIB-302):	No function defined for cell 'OD25DCAP16'. The cell will only be used for analysis. (File /home/cc/Documents/Abdullah/RISCV_synthesis/libraries/libs/tcbn65lpbc.lib)
**WARN: (TECHLIB-302):	No function defined for cell 'DCAP8'. The cell will only be used for analysis. (File /home/cc/Documents/Abdullah/RISCV_synthesis/libraries/libs/tcbn65lpbc.lib)
**WARN: (TECHLIB-302):	No function defined for cell 'DCAP64'. The cell will only be used for analysis. (File /home/cc/Documents/Abdullah/RISCV_synthesis/libraries/libs/tcbn65lpbc.lib)
**WARN: (TECHLIB-302):	No function defined for cell 'DCAP4'. The cell will only be used for analysis. (File /home/cc/Documents/Abdullah/RISCV_synthesis/libraries/libs/tcbn65lpbc.lib)
**WARN: (TECHLIB-302):	No function defined for cell 'DCAP32'. The cell will only be used for analysis. (File /home/cc/Documents/Abdullah/RISCV_synthesis/libraries/libs/tcbn65lpbc.lib)
**WARN: (TECHLIB-302):	No function defined for cell 'DCAP16'. The cell will only be used for analysis. (File /home/cc/Documents/Abdullah/RISCV_synthesis/libraries/libs/tcbn65lpbc.lib)
**WARN: (TECHLIB-302):	No function defined for cell 'DCAP'. The cell will only be used for analysis. (File /home/cc/Documents/Abdullah/RISCV_synthesis/libraries/libs/tcbn65lpbc.lib)
**WARN: (TECHLIB-302):	No function defined for cell 'ANTENNA'. The cell will only be used for analysis. (File /home/cc/Documents/Abdullah/RISCV_synthesis/libraries/libs/tcbn65lpbc.lib)
Read 816 cells in library 'tcbn65lpbc' 
timing_initialized
@innovus 48> read_physical -lef $tech(ALL_LEFS)
read_physical -lef $tech(ALL_LEFS)

Loading LEF file /home/cc/Documents/Abdullah/RISCV_synthesis/libraries/lef/tcbn65lp_9lmT2.lef ...
Set DBUPerIGU to M2 pitch 400.
**WARN: (IMPLF-200):	Pin 'I' in macro 'ANTENNA' has no ANTENNAGATEAREA value defined. The library data is incomplete and some process antenna rules will not be checked correctly.
Type 'man IMPLF-200' for more detail.

##  Check design process and node:  
##  Both design process and tech node are not set.

0
@innovus 49> read_netlist $design(postsyn_netlist)
read_netlist $design(postsyn_netlist)
#% Begin Load netlist data ... (date=08/12 07:06:13, mem=1117.2M)
*** Begin netlist parsing (mem=1190.5M) ***
Created 816 new cells from 2 timing libraries.
Reading netlist ...
Backslashed names will retain backslash and a trailing blank character.
Reading verilog netlist '/home/cc/Documents/Abdullah/RISCV_synthesis/export/Synthesis_Data/netlists/riscv_core_physical_synth.v'

*** Memory Usage v#1 (Current mem = 1190.484M, initial mem = 502.957M) ***
*** End netlist parsing (cpu=0:00:00.0, real=0:00:00.0, mem=1190.5M) ***
#% End Load netlist data ... (date=08/12 07:06:13, total cpu=0:00:00.0, real=0:00:00.0, peak res=1202.0M, current mem=1202.0M)
Top level cell is riscv_core.
Hooked 1632 DB cells to tlib cells.
Starting recursive module instantiation check.
No recursion found.
Building hierarchical netlist for Cell riscv_core ...
*** Netlist is unique.
** info: there are 1672 modules.
** info: there are 8954 stdCell insts.

*** Memory Usage v#1 (Current mem = 1266.898M, initial mem = 502.957M) ***
0
@innovus 50> 

@innovus 50> init_desiginit_design
n
**WARN: (IMPFP-3961):	The techSite 'dcore' has no related standard cells in the LEF/OA library. The calculations for this site type cannot be made unless standard cell models of this type exist in the LEF/OA library. Ignore this warning if the SITE is not used by the library. Alternatively, remove the SITE definition for the LEF/OA library to avoid this message.
Type 'man IMPFP-3961' for more detail.
**WARN: (IMPFP-3961):	The techSite 'ccore' has no related standard cells in the LEF/OA library. The calculations for this site type cannot be made unless standard cell models of this type exist in the LEF/OA library. Ignore this warning if the SITE is not used by the library. Alternatively, remove the SITE definition for the LEF/OA library to avoid this message.
Type 'man IMPFP-3961' for more detail.
Start create_tracks
Extraction setup Started 
Initializing multi-corner RC extraction with 3 active RC Corners ...
Reading Capacitance Table File /home/cc/Documents/Abdullah/RISCV_synthesis/inputs/mmmc_files/captable/cln65lp_1p09m+alrdl_top2_rcworst.captable ...
Reading Capacitance Table File /home/cc/Documents/Abdullah/RISCV_synthesis/inputs/mmmc_files/captable/cln65lp_1p09m+alrdl_top2_typical.captable ...
Reading Capacitance Table File /home/cc/Documents/Abdullah/RISCV_synthesis/inputs/mmmc_files/captable/cln65lp_1p09m+alrdl_top2_rcbest.captable ...
Importing multi-corner RC tables ... 
Summary of Active RC-Corners : 
 
 Analysis View: view_func_setup
    RC-Corner Name        : rc_worst
    RC-Corner Index       : 0
    RC-Corner Temperature : 125 Celsius
    RC-Corner Cap Table   : '/home/cc/Documents/Abdullah/RISCV_synthesis/inputs/mmmc_files/captable/cln65lp_1p09m+alrdl_top2_rcworst.captable'
    RC-Corner PreRoute Res Factor         : 1
    RC-Corner PreRoute Cap Factor         : 1
    RC-Corner PostRoute Res Factor        : 1 {1 1 1}
    RC-Corner PostRoute Cap Factor        : 1 {1 1 1}
    RC-Corner PostRoute XCap Factor       : 1 {1 1 1}
    RC-Corner PreRoute Clock Res Factor   : 1	[Derived from postRoute_res (effortLevel low)]
    RC-Corner PreRoute Clock Cap Factor   : 1	[Derived from postRoute_cap (effortLevel low)]
    RC-Corner PostRoute Clock Cap Factor  : 1 {1 1 1} 	[Derived from postRoute_cap (effortLevel low)]
    RC-Corner PostRoute Clock Res Factor  : 1 {1 1 1} 	[Derived from postRoute_res (effortLevel low)]
    RC-Corner PostRoute Clock coupling capacitance Factor : 1 {1 1 1} 
 
 Analysis View: view_func_typical
    RC-Corner Name        : rc_typical
    RC-Corner Index       : 1
    RC-Corner Temperature : 25 Celsius
    RC-Corner Cap Table   : '/home/cc/Documents/Abdullah/RISCV_synthesis/inputs/mmmc_files/captable/cln65lp_1p09m+alrdl_top2_typical.captable'
    RC-Corner PreRoute Res Factor         : 1
    RC-Corner PreRoute Cap Factor         : 1
    RC-Corner PostRoute Res Factor        : 1 {1 1 1}
    RC-Corner PostRoute Cap Factor        : 1 {1 1 1}
    RC-Corner PostRoute XCap Factor       : 1 {1 1 1}
    RC-Corner PreRoute Clock Res Factor   : 1	[Derived from postRoute_res (effortLevel low)]
    RC-Corner PreRoute Clock Cap Factor   : 1	[Derived from postRoute_cap (effortLevel low)]
    RC-Corner PostRoute Clock Cap Factor  : 1 {1 1 1} 	[Derived from postRoute_cap (effortLevel low)]
    RC-Corner PostRoute Clock Res Factor  : 1 {1 1 1} 	[Derived from postRoute_res (effortLevel low)]
    RC-Corner PostRoute Clock coupling capacitance Factor : 1 {1 1 1} 
 
 Analysis View: view_func_hold
    RC-Corner Name        : rc_best
    RC-Corner Index       : 2
    RC-Corner Temperature : -40 Celsius
    RC-Corner Cap Table   : '/home/cc/Documents/Abdullah/RISCV_synthesis/inputs/mmmc_files/captable/cln65lp_1p09m+alrdl_top2_rcbest.captable'
    RC-Corner PreRoute Res Factor         : 1
    RC-Corner PreRoute Cap Factor         : 1
    RC-Corner PostRoute Res Factor        : 1 {1 1 1}
    RC-Corner PostRoute Cap Factor        : 1 {1 1 1}
    RC-Corner PostRoute XCap Factor       : 1 {1 1 1}
    RC-Corner PreRoute Clock Res Factor   : 1	[Derived from postRoute_res (effortLevel low)]
    RC-Corner PreRoute Clock Cap Factor   : 1	[Derived from postRoute_cap (effortLevel low)]
    RC-Corner PostRoute Clock Cap Factor  : 1 {1 1 1} 	[Derived from postRoute_cap (effortLevel low)]
    RC-Corner PostRoute Clock Res Factor  : 1 {1 1 1} 	[Derived from postRoute_res (effortLevel low)]
    RC-Corner PostRoute Clock coupling capacitance Factor : 1 {1 1 1} 
Updating RC grid for preRoute extraction ...
Initializing multi-corner capacitance tables ... 
Initializing multi-corner resistance tables ...
*Info: initialize multi-corner CTS.
Reading tc_libset timing library '/home/cc/Documents/Abdullah/RISCV_synthesis/libraries/libs/tcbn65lptc.lib' ...
Message <TECHLIB-302> has exceeded the message display limit of '20'. Use 'set_message -no_limit -id list_of_msgIDs' to reset the message limit.
Read 816 cells in library 'tcbn65lptc' 
Reading timing constraints file '/home/cc/Documents/Abdullah/RISCV_synthesis/inputs/riscv_baseline.sdc' ...
Current (total cpu=0:00:41.4, real=0:17:21, peak res=1634.2M, current mem=1634.2M)
**WARN: (TCLNL-330):	set_input_delay on clock root 'clk' is not supported. You should use the -source option to set_clock_latency to provide this offset. You can also use the global timing_allow_input_delay_on_clock_source to allow set_input_delay assertion to have an effect on clock source paths beginning at this clock root. (File /home/cc/Documents/Abdullah/RISCV_synthesis/inputs/riscv_baseline.sdc, Line 53).

INFO (CTE): Reading of timing constraints file /home/cc/Documents/Abdullah/RISCV_synthesis/inputs/riscv_baseline.sdc completed, with 1 WARNING
Ending "Constraint file reading stats" (total cpu=0:00:00.0, real=0:00:00.0, peak res=1655.1M, current mem=1655.1M)
Current (total cpu=0:00:41.4, real=0:17:21, peak res=1655.1M, current mem=1655.1M)
Total number of combinational cells: 483
Total number of sequential cells: 303
Total number of tristate cells: 11
Total number of level shifter cells: 0
Total number of power gating cells: 0
Total number of isolation cells: 0
Total number of power switch cells: 0
Total number of pulse generator cells: 0
Total number of always on buffers: 0
Total number of retention cells: 0
Total number of physical cells: 19
List of usable buffers: BUFFD1 BUFFD0 BUFFD2 BUFFD12 BUFFD16 BUFFD3 BUFFD4 BUFFD6 BUFFD8 CKBD1 CKBD0 CKBD2 CKBD12 CKBD16 CKBD3 CKBD4 CKBD6 CKBD8
Total number of usable buffers: 18
List of unusable buffers: BUFFD20 BUFFD24 CKBD20 CKBD24 GBUFFD1 GBUFFD3 GBUFFD2 GBUFFD4 GBUFFD8
Total number of unusable buffers: 9
List of usable inverters: CKND1 CKND0 CKND2 CKND12 CKND16 CKND3 CKND4 CKND6 CKND8 INVD1 INVD0 INVD2 INVD12 INVD16 INVD3 INVD4 INVD6 INVD8
Total number of usable inverters: 18
List of unusable inverters: CKND20 CKND24 GINVD2 GINVD1 GINVD4 GINVD3 GINVD8 INVD20 INVD24
Total number of unusable inverters: 9
List of identified usable delay cells: DEL0 DEL005 DEL01 DEL015 DEL02 DEL1 DEL2 DEL3 DEL4
Total number of identified usable delay cells: 9
List of identified unusable delay cells:
Total number of identified unusable delay cells: 0
@innovus 51> 

@innovus 51> connect_global_net $design(digital_gnd) -pin $tech(STANDARD_CELL_G [1GND) -all -verbose
connect_global_net $design(digital_gnd) -pin $tech(STANDARD_CELL_GND) -all -verbose
8954 new gnd-pin connections were made to global net 'VSS'.
@innovus 52> connect_global_net $design(digital_vdd) -pin $tech(STANDARD_CELL_V [1GDD) -all -verbose
connect_global_net $design(digital_vdd) -pin $tech(STANDARD_CELL_VDD) -all -verbose
8954 new pwr-pin connections were made to global net 'VDD'.
@innovus 53> connect_global_net $design(digital_vdd) -type tiehi -all -verbose
connect_global_net $design(digital_vdd) -type tiehi -all -verbose
@innovus 54> connect_global_net $design(digital_gnd) -type tielo -all -verbosconnect_global_net $design(digital_gnd) -type tielo -all -verbose
e
@innovus 55> 

@innovus 55> # ================================================================ [1G==============# ==============================================================================

@innovus 56> # 3. FLOORPLANNING & PIN PLACEMENT
# 3. FLOORPLANNING & PIN PLACEMENT
@innovus 57> # ================================================================ [1G==============
# ==============================================================================
@innovus 58> puts "INFO: Starting Stage - Floorplanning"
puts "INFO: Starting Stage - Floorplanning"
INFO: Starting Stage - Floorplanning
@innovus 59> 

@innovus 59> # Calculate margins relative to the DIE since there are no IO pad# Calculate margins relative to the DIE since there are no IO pads
s [1G
@innovus 60> create_floorplan -core_size {350.0 350.0 20.0 20.0 20.0 20.0} \
+                  -core_margins_by die \
+                  -floorplan_origin center \
+                  -site core \
+                  -match_to_site \
+                  -flip s
create_floorplan -core_size {350.0 350.0 20.0 20.0 20.0 20.0} \
                 -core_margins_by die \
                 -floorplan_origin center \
                 -site core \
                 -match_to_site \
                 -flip s
**WARN: (IMPFP-3961):	The techSite 'dcore' has no related standard cells in the LEF/OA library. The calculations for this site type cannot be made unless standard cell models of this type exist in the LEF/OA library. Ignore this warning if the SITE is not used by the library. Alternatively, remove the SITE definition for the LEF/OA library to avoid this message.
Type 'man IMPFP-3961' for more detail.
**WARN: (IMPFP-3961):	The techSite 'ccore' has no related standard cells in the LEF/OA library. The calculations for this site type cannot be made unless standard cell models of this type exist in the LEF/OA library. Ignore this warning if the SITE is not used by the library. Alternatively, remove the SITE definition for the LEF/OA library to avoid this message.
Type 'man IMPFP-3961' for more detail.
Start create_tracks
**WARN: (IMPFP-325):	Floorplan of the design is resized. All current create_floorplan objects are automatically derived based on specified new create_floorplan. This may change blocks, fixed standard cells, existing routes and blockages.

@innovus 61> 
@innovus 61> # Automatically distribute pins around the die boundary# Automatically distribute pins around the die boundary

@innovus 62> editPin -fixOverlap 1 -unit TRACK -spreadDirection clockwise -side [1G Top -layer M3 -spreadType center -pin *
editPin -fixOverlap 1 -unit TRACK -spreadDirection clockwise -side Top -layer M3 -spreadType center -pin *
invalid command name "editPin"
invalid command name "editPin"
@innovus 63> 

@innovus 63> # ================================================================ [1G==============
# ==============================================================================
@innovus 64> # 4. POWER PLANNING (PNS)
# 4. POWER PLANNING (PNS)
@innovus 65> # ===============================================================# ==============================================================================
= [1G==============
@innovus 66> puts "INFO: Starting Stage - Power Planning"
puts "INFO: Starting Stage - Power Planning"
INFO: Starting Stage - Power Planning
@innovus 67> 

@innovus 67> set m6_name [get_db [lindex [get_db layers] 6] .name]
set m6_name [get_db [lindex [get_db layers] 6] .name]
M6
@innovus 68> set m7_name [get_db [lindex [get_db layers] 7] .name]
set m7_name [get_db [lindex [get_db layers] 7] .name]
M7
@innovus 69> 

@innovus 69> # --- 4.1 Core Power Rings ---
# --- 4.1 Core Power Rings ---
@innovus 70> add_rings -type core_rings \
+           -nets $design(core_ring_nets) \
+           -follow core \
+           -layer "top $m7_name bottom $m7_name left $m6_name right $m6_name"  [1G\
+           -width 5.4 \
+           -spacing 3.6 \
+           -offset 0.9 \
+           -center 1 \
+           -threshold 0 \
+           -jog_distance 0 \
+           -snap_wire_center_to_grid none
add_rings -type core_rings \
          -nets $design(core_ring_nets) \
          -follow core \
          -layer "top $m7_name bottom $m7_name left $m6_name right $m6_name" \
          -width 5.4 \
          -spacing 3.6 \
          -offset 0.9 \
          -center 1 \
          -threshold 0 \
          -jog_distance 0 \
          -snap_wire_center_to_grid none
#% Begin add_rings (date=08/12 07:06:15, mem=1678.6M)


viaInitial starts at Wed Aug 12 07:06:15 2026
viaInitial ends at Wed Aug 12 07:06:15 2026
Loading cell geometries (cpu: 0:00:00.0, real: 0:00:00.0, peak mem: 1672.4M)
Ring generation is complete.
vias are now being generated.
add_rings created 8 wires.
ViaGen created 8 vias, deleted 0 via to avoid violation.
+--------+----------------+----------------+
|  Layer |     Created    |     Deleted    |
+--------+----------------+----------------+
|   M6   |        4       |       NA       |
|  VIA6  |        8       |        0       |
|   M7   |        4       |       NA       |
+--------+----------------+----------------+
#% End add_rings (date=08/12 07:06:15, total cpu=0:00:00.0, real=0:00:00.0, peak res=1682.1M, current mem=1682.1M)
@innovus 71> 

@innovus 71> puts "INFO: Core Rings Created Successfully on M6/M7!"
puts "INFO: Core Rings Created Successfully on M6/M7!"
INFO: Core Rings Created Successfully on M6/M7!
@innovus 72> 

@innovus 72> # --- 4.2 Power Routing (Follow Pins to Core Rings) ---
# --- 4.2 Power Routing (Follow Pins to Core Rings) ---
@innovus 73> set_db route_special_via_connect_to_shape { stripe }
set_db route_special_via_connect_to_shape { stripe }
1 stripe
@innovus 74> 

@innovus 74> route_special -nets { VDD VSS } \
+               -connect {block_pin core_pin floating_stripe} \
+               -layer_change_range { M1(1) M9(9) } \
+               -block_pin_target nearest_target \
+               -core_pin_target first_after_row_end \
+               -floating_stripe_target {block_ring ring stripe ring_pin block_ [1Gpin followpin} \
+               -core_pin_check_stdcell_geometry \
+               -allow_jogging 1 \
+               -crossover_via_layer_range { M1(1) M9(9) } \
+               -allow_layer_change 1 \
+               -block_pin use_lef \
+               -target_via_layer_range { M1(1) M9(9) }
route_special -nets { VDD VSS } \
              -connect {block_pin core_pin floating_stripe} \
              -layer_change_range { M1(1) M9(9) } \
              -block_pin_target nearest_target \
              -core_pin_target first_after_row_end \
              -floating_stripe_target {block_ring ring stripe ring_pin block_pin followpin} \
              -core_pin_check_stdcell_geometry \
              -allow_jogging 1 \
              -crossover_via_layer_range { M1(1) M9(9) } \
              -allow_layer_change 1 \
              -block_pin use_lef \
              -target_via_layer_range { M1(1) M9(9) }
#% Begin route_special (date=08/12 07:06:15, mem=1682.2M)
*** Begin SPECIAL ROUTE on Wed Aug 12 07:06:15 2026 ***
SPECIAL ROUTE ran on directory: /home/cc/Documents/Abdullah/RISCV_synthesis/workspace
SPECIAL ROUTE ran on machine: ncdc-0137 (Linux 7.1.4-1.el8.elrepo.x86_64 x86_64 800Mhz)

Begin option processing ...
srouteConnectPowerBump set to false
routeSelectNet set to "VDD VSS"
routeSpecial set to true
srouteBlockPin set to "useLef"
srouteBottomLayerLimit set to 1
srouteBottomTargetLayerLimit set to 1
srouteConnectConverterPin set to false
srouteConnectPadPin set to false
srouteCrossoverViaBottomLayer set to 1
srouteCrossoverViaTopLayer set to 9
srouteFloatingStripeTarget set to "blockring ring stripe ringpin blockpin followpin"
srouteFollowCorePinEnd set to 3
srouteFollowPadPin set to false
srouteJogControl set to "preferWithChanges differentLayer"
srouteNoViaOnWireShape set to "padring ring blockring blockpin coverpin noshape blockwire corewire followpin iowire"
sroutePadPinAllPorts set to true
sroutePreserveExistingRoutes set to true
srouteRoutePowerBarPortOnBothDir set to true
srouteStopBlockPin set to "nearestTarget"
srouteTopLayerLimit set to 9
srouteTopTargetLayerLimit set to 9
End option processing: cpu: 0:00:00, real: 0:00:00, peak: 3186.00 megs.

Reading DB technology information...
Finished reading DB technology information.
Reading floorplan and netlist information...
Finished reading floorplan and netlist information.
**WARN: (IMPSR-4302):	Cap-table/qrcTechFile is found in the design, so the same information from the technology file will be ignored.
Read in 21 layers, 10 routing layers, 1 overlap layer
Read in 855 macros, 251 used
Read in 251 components
  251 core components: 251 unplaced, 0 placed, 0 fixed
Read in 168 logical pins
Read in 168 nets
Read in 2 special nets, 2 routed
Read in 502 terminals
2 nets selected.

Begin power routing ...
**WARN: (IMPSR-1254):	Unable to connect the specified objects, since block pins of the VDD net were not found in the design. Check netlist or change the parameter value to include block pins in the design.
**WARN: (IMPSR-1254):	Unable to connect the specified objects, since block pins of the VSS net were not found in the design. Check netlist or change the parameter value to include block pins in the design.
CPU time for VDD FollowPin 0 seconds
CPU time for VSS FollowPin 0 seconds
  Number of Block ports routed: 0
  Number of Stripe ports routed: 0
  Number of Core ports routed: 390
  Number of Power Bump ports routed: 0
  Number of Followpin connections: 195
End power routing: cpu: 0:00:00, real: 0:00:00, peak: 3199.00 megs.



 Begin updating DB with routing results ...
 Updating DB with 0 via definition ...Extracting standard cell pins and blockage ...... 
Pin and blockage extraction finished

route_special created 585 wires.
ViaGen created 1950 vias, deleted 0 via to avoid violation.
+--------+----------------+----------------+
|  Layer |     Created    |     Deleted    |
+--------+----------------+----------------+
|   M1   |       585      |       NA       |
|  VIA1  |       390      |        0       |
|  VIA2  |       390      |        0       |
|  VIA3  |       390      |        0       |
|  VIA4  |       390      |        0       |
|  VIA5  |       390      |        0       |
+--------+----------------+----------------+
#% End route_special (date=08/12 07:06:15, total cpu=0:00:00.2, real=0:00:00.0, peak res=1705.1M, current mem=1693.1M)

@innovus 75> 
@innovus 75> puts "INFO: Standard Cell Power Routing Completed Successfully!puts "INFO: Standard Cell Power Routing Completed Successfully!"
"
INFO: Standard Cell Power Routing Completed Successfully!
@innovus 76> 

@innovus 76> # --- 4.3 Endcaps & Vertical Power Stripes --# --- 4.3 Endcaps & Vertical Power Stripes ---
-
@innovus 77> set_db add_endcaps_right_edge $tech(ENDCAPS_rightset_db add_endcaps_right_edge $tech(ENDCAPS_right)
)
1 DCAP
@innovus 78> set_db add_endcaps_left_edge  $tech(ENDCAPS_left)
set_db add_endcaps_left_edge  $tech(ENDCAPS_left)
1 DCAP
@innovus 79> add_endcaps -prefix ENDCAP
add_endcaps -prefix ENDCAP
**WARN: (IMPSP-5534):	'add_endcaps_left_edge' and 'add_endcaps_right_edge' are using the same endcap cells
**WARN: (IMPSP-5534):	'add_endcaps_left_bottom_corner' and 'add_endcaps_right_bottom_corner' are using the same endcap cells
**WARN: (IMPSP-5534):	'add_endcaps_left_top_corner' and 'add_endcaps_right_top_corner' are using the same endcap cells
Estimated cell power/ground rail width = 0.365 um
Minimum row-size in sites for endcap insertion = 7.
Minimum number of sites for row blockage       = 1.
Inserted 194 pre-endcap <DCAP> cells (prefix ENDCAP).
Inserted 194 post-endcap <DCAP> cells (prefix ENDCAP).
For 388 new insts, 
@innovus 80> 
@innovus 80> add_stripes -nets "$design(digital_gnd) $design(digital_vdd)" \
+             -direction vertical \
+             -layer M4 \
+             -width 0.9 \
+             -spacing 0.8 \
+             -set_to_set_distance 4.6 \
+             -start_from left \
+             -start_offset 0.9
add_stripes -nets "$design(digital_gnd) $design(digital_vdd)" \
            -direction vertical \
            -layer M4 \
            -width 0.9 \
            -spacing 0.8 \
            -set_to_set_distance 4.6 \
            -start_from left \
            -start_offset 0.9
#% Begin add_stripes (date=08/12 07:06:15, mem=1705.0M)

Initialize fgc environment(mem: 1812.7M) ...  fail and won't use fgc to check drc(cpu: 0:00:00.0, real: 0:00:00.0, peak mem: 1812.7M)
**WARN: (IMPPP-133):	The block boundary of the 'ENDCAP_1' instance was increased to (-175.000000 -175.000000) (-174.399994 -173.035004) because the VDD pin (-174.774994 -173.365005) (-174.399994 -173.035004) on layer M1 was outside the original block boundary.
Type 'man IMPPP-133' for more detail.
**WARN: (IMPPP-133):	The block boundary of the 'ENDCAP_2' instance was increased to (174.399994 -175.000000) (175.000000 -173.035004) because the VDD pin (174.399994 -173.365005) (174.774994 -173.035004) on layer M1 was outside the original block boundary.
Type 'man IMPPP-133' for more detail.
**WARN: (IMPPP-133):	The block boundary of the 'ENDCAP_3' instance was increased to (-175.000000 -173.199997) (-174.399994 -171.235001) because the VSS pin (-174.785004 -171.565002) (-174.399994 -171.235001) on layer M1 was outside the original block boundary.
Type 'man IMPPP-133' for more detail.
**WARN: (IMPPP-133):	The block boundary of the 'ENDCAP_4' instance was increased to (174.399994 -173.199997) (175.000000 -171.235001) because the VSS pin (174.399994 -171.565002) (174.785004 -171.235001) on layer M1 was outside the original block boundary.
Type 'man IMPPP-133' for more detail.
**WARN: (IMPPP-133):	The block boundary of the 'ENDCAP_5' instance was increased to (-175.000000 -171.399994) (-174.399994 -169.434998) because the VDD pin (-174.774994 -169.764999) (-174.399994 -169.434998) on layer M1 was outside the original block boundary.
Type 'man IMPPP-133' for more detail.
**WARN: (IMPPP-133):	The block boundary of the 'ENDCAP_6' instance was increased to (174.399994 -171.399994) (175.000000 -169.434998) because the VDD pin (174.399994 -169.764999) (174.774994 -169.434998) on layer M1 was outside the original block boundary.
Type 'man IMPPP-133' for more detail.
**WARN: (IMPPP-133):	The block boundary of the 'ENDCAP_7' instance was increased to (-175.000000 -169.600006) (-174.399994 -167.634995) because the VSS pin (-174.785004 -167.964996) (-174.399994 -167.634995) on layer M1 was outside the original block boundary.
Type 'man IMPPP-133' for more detail.
**WARN: (IMPPP-133):	The block boundary of the 'ENDCAP_8' instance was increased to (174.399994 -169.600006) (175.000000 -167.634995) because the VSS pin (174.399994 -167.964996) (174.785004 -167.634995) on layer M1 was outside the original block boundary.
Type 'man IMPPP-133' for more detail.
**WARN: (IMPPP-133):	The block boundary of the 'ENDCAP_9' instance was increased to (-175.000000 -167.800003) (-174.399994 -165.835007) because the VDD pin (-174.774994 -166.164993) (-174.399994 -165.835007) on layer M1 was outside the original block boundary.
Type 'man IMPPP-133' for more detail.
**WARN: (IMPPP-133):	The block boundary of the 'ENDCAP_10' instance was increased to (174.399994 -167.800003) (175.000000 -165.835007) because the VDD pin (174.399994 -166.164993) (174.774994 -165.835007) on layer M1 was outside the original block boundary.
Type 'man IMPPP-133' for more detail.
**WARN: (IMPPP-133):	The block boundary of the 'ENDCAP_11' instance was increased to (-175.000000 -166.000000) (-174.399994 -164.035004) because the VSS pin (-174.785004 -164.365005) (-174.399994 -164.035004) on layer M1 was outside the original block boundary.
Type 'man IMPPP-133' for more detail.
**WARN: (IMPPP-133):	The block boundary of the 'ENDCAP_12' instance was increased to (174.399994 -166.000000) (175.000000 -164.035004) because the VSS pin (174.399994 -164.365005) (174.785004 -164.035004) on layer M1 was outside the original block boundary.
Type 'man IMPPP-133' for more detail.
**WARN: (IMPPP-133):	The block boundary of the 'ENDCAP_13' instance was increased to (-175.000000 -164.199997) (-174.399994 -162.235001) because the VDD pin (-174.774994 -162.565002) (-174.399994 -162.235001) on layer M1 was outside the original block boundary.
Type 'man IMPPP-133' for more detail.
**WARN: (IMPPP-133):	The block boundary of the 'ENDCAP_14' instance was increased to (174.399994 -164.199997) (175.000000 -162.235001) because the VDD pin (174.399994 -162.565002) (174.774994 -162.235001) on layer M1 was outside the original block boundary.
Type 'man IMPPP-133' for more detail.
**WARN: (IMPPP-133):	The block boundary of the 'ENDCAP_15' instance was increased to (-175.000000 -162.399994) (-174.399994 -160.434998) because the VSS pin (-174.785004 -160.764999) (-174.399994 -160.434998) on layer M1 was outside the original block boundary.
Type 'man IMPPP-133' for more detail.
**WARN: (IMPPP-133):	The block boundary of the 'ENDCAP_16' instance was increased to (174.399994 -162.399994) (175.000000 -160.434998) because the VSS pin (174.399994 -160.764999) (174.785004 -160.434998) on layer M1 was outside the original block boundary.
Type 'man IMPPP-133' for more detail.
**WARN: (IMPPP-133):	The block boundary of the 'ENDCAP_17' instance was increased to (-175.000000 -160.600006) (-174.399994 -158.634995) because the VDD pin (-174.774994 -158.964996) (-174.399994 -158.634995) on layer M1 was outside the original block boundary.
Type 'man IMPPP-133' for more detail.
**WARN: (IMPPP-133):	The block boundary of the 'ENDCAP_18' instance was increased to (174.399994 -160.600006) (175.000000 -158.634995) because the VDD pin (174.399994 -158.964996) (174.774994 -158.634995) on layer M1 was outside the original block boundary.
Type 'man IMPPP-133' for more detail.
**WARN: (IMPPP-133):	The block boundary of the 'ENDCAP_19' instance was increased to (-175.000000 -158.800003) (-174.399994 -156.835007) because the VSS pin (-174.785004 -157.164993) (-174.399994 -156.835007) on layer M1 was outside the original block boundary.
Type 'man IMPPP-133' for more detail.
**WARN: (IMPPP-133):	The block boundary of the 'ENDCAP_20' instance was increased to (174.399994 -158.800003) (175.000000 -156.835007) because the VSS pin (174.399994 -157.164993) (174.785004 -156.835007) on layer M1 was outside the original block boundary.
Type 'man IMPPP-133' for more detail.
**WARN: (EMS-27):	Message (IMPPP-133) has exceeded the current message display limit of 20.
To increase the message display limit, refer to the product command reference manual.
Loading cell geometries (cpu: 0:00:00.0, real: 0:00:00.0, peak mem: 1812.7M)
Loading wires (cpu: 0:00:00.0, real: 0:00:00.0, peak mem: 1812.7M)
Loading via instances (cpu: 0:00:00.0, real: 0:00:00.0, peak mem: 1812.7M)
Starting stripe generation ...
Non-Default Mode Option Settings :
  NONE
Completing 10% stripe generation(cpu: 0:00:00.0, real: 0:00:00.0, peak mem: 1812.7M)
Completing 20% stripe generation(cpu: 0:00:00.0, real: 0:00:00.0, peak mem: 1812.7M)
Completing 30% stripe generation(cpu: 0:00:00.0, real: 0:00:00.0, peak mem: 1812.7M)
Completing 40% stripe generation(cpu: 0:00:00.0, real: 0:00:00.0, peak mem: 1812.7M)
Completing 50% stripe generation(cpu: 0:00:00.0, real: 0:00:00.0, peak mem: 1812.7M)
Completing 60% stripe generation(cpu: 0:00:00.0, real: 0:00:00.0, peak mem: 1812.7M)
Completing 70% stripe generation(cpu: 0:00:00.0, real: 0:00:00.0, peak mem: 1812.7M)
Completing 80% stripe generation(cpu: 0:00:00.0, real: 0:00:00.0, peak mem: 1812.7M)
Completing 90% stripe generation(cpu: 0:00:00.0, real: 0:00:00.0, peak mem: 1812.7M)
Completing 100% stripe generation(cpu: 0:00:00.0, real: 0:00:00.0, peak mem: 1812.7M)
Stripe generation is complete.
vias are now being generated.
add_stripes created 152 wires.
ViaGen created 45372 vias, deleted 0 via to avoid violation.
+--------+----------------+----------------+
|  Layer |     Created    |     Deleted    |
+--------+----------------+----------------+
|  VIA1  |      14820     |        0       |
|  VIA2  |      14820     |        0       |
|  VIA3  |      14820     |        0       |
|   M4   |       152      |       NA       |
|  VIA4  |       304      |        0       |
|  VIA5  |       304      |        0       |
|  VIA6  |       304      |        0       |
+--------+----------------+----------------+
#% End add_stripes (date=08/12 07:06:16, total cpu=0:00:00.8, real=0:00:01.0, peak res=1707.0M, current mem=1707.0M)
@innovus 81> 

puts "INFO: Vertical Power Stripes Generated Successfully on M4!"
@innovus 81> puts "INFO: Vertical Power Stripes Generated Successfully on M4!"
INFO: Vertical Power Stripes Generated Successfully on M4!
@innovus 82> 

# ==============================================================================
@innovus 82> # ================================================================ [1G==============
# 5. PLACEMENT
@innovus 83> # 5. PLACEMENT
# ==============================================================================
@innovus 84> # ================================================================ [1G==============
@innovus 85> puts "INFO: Starting Stage - Placement"
puts "INFO: Starting Stage - Placement"

INFO: Starting Stage - Placement
@innovus 86> 
set_db place_global_cong_effort auto
@innovus 86> set_db place_global_cong_effort auto
1 auto
@innovus 87> set_db place_global_max_density 0.2
set_db place_global_max_density 0.2

1 0.2
@innovus 88> 
@innovus 88> place_opt_design -report_dir "$design(reports_dir)/placement/place [1G_opt_design"place_opt_design -report_dir "$design(reports_dir)/placement/place_opt_design"

**INFO: User settings:
setDelayCalMode -engine                  aae
place_global_cong_effort                 auto
place_global_max_density                 0.2
getDelayCalMode -engine                  aae
*** place_opt_design #1 [begin] : totSession cpu/real = 0:00:46.6/0:17:25.4 (0.0), mem = 1812.7M
No user sequential activity specified, applying default sequential activity of "0.2" for Dynamic Power reporting.
'set_default_switching_activity' finished successfully.
*** Starting GigaPlace ***
#optDebug: fT-E <X 2 3 1 0>
*** GlobalPlace #1 [begin] (place_opt_design #1) : totSession cpu/real = 0:00:46.6/0:17:25.5 (0.0), mem = 1816.4M
Extracting standard cell pins and blockage ...... 
Pin and blockage extraction finished
*** Start delete_buffer_trees ***
Info: Detect buffers to remove automatically.
Analyzing netlist ...
Updating netlist

*summary: 1303 instances (buffers/inverters) removed
*** Finish delete_buffer_trees (0:00:00.3) ***
Effort level <high> specified for tdgp_reg2reg_default path_group
Deleted 0 physical inst  (cell - / prefix -).
Did not delete 388 physical insts as they were marked preplaced.
INFO: #ExclusiveGroups=0
INFO: There are no Exclusive Groups.
No user-set net weight.
Net fanout histogram:
2		: 5228 (64.6%) nets
3		: 1151 (14.2%) nets
4     -	14	: 1532 (18.9%) nets
15    -	39	: 162 (2.0%) nets
40    -	79	: 12 (0.1%) nets
80    -	159	: 8 (0.1%) nets
160   -	319	: 0 (0.0%) nets
320   -	639	: 1 (0.0%) nets
640   -	1279	: 1 (0.0%) nets
1280  -	2559	: 0 (0.0%) nets
2560  -	5119	: 0 (0.0%) nets
5120+		: 0 (0.0%) nets
Options: timingDriven clkGateAware ignoreScan pinGuide congEffort=auto gpeffort=medium 
Scan chains were not defined.
#std cell=8123 (388 fixed + 7735 movable) #buf cell=0 #inv cell=494 #block=0 (0 floating + 0 preplaced)
#ioInst=0 #net=8095 #term=28842 #term/net=3.56, #fixedIo=0, #floatIo=0, #fixedPin=0, #floatPin=168
stdCell: 8123 single + 0 double + 0 multi
Total standard cell length = 17.9228 (mm), area = 0.0323 (mm^2)
Average module density = 0.261.
Density for the design = 0.261.
       = stdcell_area 88450 sites (31842 um^2) / alloc_area 338336 sites (121801 um^2).
Pin Density = 0.08495.
            = total # of pins 28842 / total area 339500.
=== lastAutoLevel = 9 
Clock gating cells determined by native netlist tracing.
Iteration  1: Total net bbox = 4.422e-12 (7.56e-29 4.42e-12)
              Est.  stn bbox = 4.770e-12 (7.92e-29 4.77e-12)
              cpu = 0:00:00.0 real = 0:00:00.0 mem = 1935.4M
Iteration  2: Total net bbox = 4.422e-12 (7.56e-29 4.42e-12)
              Est.  stn bbox = 4.770e-12 (7.92e-29 4.77e-12)
              cpu = 0:00:00.0 real = 0:00:00.0 mem = 1935.4M
*** Finished SKP initialization (cpu=0:00:05.7, real=0:00:06.0)***
Iteration  3: Total net bbox = 1.106e+03 (4.86e+02 6.20e+02)
              Est.  stn bbox = 1.356e+03 (5.94e+02 7.62e+02)
              cpu = 0:00:05.8 real = 0:00:06.0 mem = 2375.2M
Iteration  4: Total net bbox = 1.379e+05 (7.58e+04 6.22e+04)
              Est.  stn bbox = 1.853e+05 (1.04e+05 8.13e+04)
              cpu = 0:00:00.6 real = 0:00:01.0 mem = 2392.9M
Iteration  5: Total net bbox = 1.379e+05 (7.58e+04 6.22e+04)
              Est.  stn bbox = 1.853e+05 (1.04e+05 8.13e+04)
              cpu = 0:00:00.0 real = 0:00:00.0 mem = 2392.9M
Iteration  6: Total net bbox = 1.583e+05 (8.16e+04 7.67e+04)
              Est.  stn bbox = 2.158e+05 (1.13e+05 1.03e+05)
              cpu = 0:00:01.6 real = 0:00:01.0 mem = 2375.9M

Iteration  7: Total net bbox = 2.576e+05 (1.47e+05 1.11e+05)
              Est.  stn bbox = 3.391e+05 (1.94e+05 1.45e+05)
              cpu = 0:00:01.7 real = 0:00:02.0 mem = 2379.3M
Iteration  8: Total net bbox = 2.576e+05 (1.47e+05 1.11e+05)
              Est.  stn bbox = 3.391e+05 (1.94e+05 1.45e+05)
              cpu = 0:00:00.0 real = 0:00:00.0 mem = 2379.3M
Iteration  9: Total net bbox = 2.949e+05 (1.77e+05 1.18e+05)
              Est.  stn bbox = 3.899e+05 (2.34e+05 1.55e+05)
              cpu = 0:00:03.2 real = 0:00:03.0 mem = 2375.3M
Iteration 10: Total net bbox = 2.949e+05 (1.77e+05 1.18e+05)
              Est.  stn bbox = 3.899e+05 (2.34e+05 1.55e+05)
              cpu = 0:00:00.0 real = 0:00:00.0 mem = 2375.3M
Iteration 11: Total net bbox = 2.966e+05 (1.78e+05 1.19e+05)
              Est.  stn bbox = 3.919e+05 (2.36e+05 1.56e+05)
              cpu = 0:00:01.2 real = 0:00:01.0 mem = 2374.2M
Iteration 12: Total net bbox = 2.966e+05 (1.78e+05 1.19e+05)
              Est.  stn bbox = 3.919e+05 (2.36e+05 1.56e+05)
              cpu = 0:00:00.0 real = 0:00:00.0 mem = 2374.2M
Iteration 13: Total net bbox = 2.757e+05 (1.61e+05 1.15e+05)
              Est.  stn bbox = 3.597e+05 (2.11e+05 1.48e+05)
              cpu = 0:00:06.0 real = 0:00:06.0 mem = 2378.2M
Iteration 14: Total net bbox = 2.757e+05 (1.61e+05 1.15e+05)
              Est.  stn bbox = 3.597e+05 (2.11e+05 1.48e+05)
              cpu = 0:00:00.0 real = 0:00:00.0 mem = 2378.2M
Finished Global Placement (cpu=0:00:20.2, real=0:00:21.0, mem=2378.2M)
Keep Tdgp Graph and DB for later use
Info: 0 clock gating cells identified, 0 (on average) moved 0/7
**WARN: (IMPSP-9025):	No scan chain specified/traced.
Type 'man IMPSP-9025' for more detail.
*** Starting place_detail (0:01:08 mem=2378.2M) ***
Total net bbox length = 2.757e+05 (1.607e+05 1.149e+05) (ext = 5.196e+04)
Move report: Detail placement moves 7734 insts, mean move: 0.23 um, max move: 13.32 um 
	Max move on inst (g197492): (141.12, -86.80) --> (135.00, -79.60)
	Runtime: CPU: 0:00:00.2 REAL: 0:00:01.0 MEM: 2346.2MB
Summary Report:
Instances move: 7734 (out of 7735 movable)
Instances flipped: 1
Mean displacement: 0.23 um
Max displacement: 13.32 um (Instance: g197492) (141.123, -86.802) -> (135, -79.6)
	Length: 7 sites, height: 1 rows, site name: core, cell type: CKND4
Total net bbox length = 2.707e+05 (1.558e+05 1.149e+05) (ext = 5.197e+04)
Runtime: CPU: 0:00:00.2 REAL: 0:00:01.0 MEM: 2346.2MB
*** Finished place_detail (0:01:08 mem=2346.2M) ***
*** Finished Initial Placement (cpu=0:00:20.6, real=0:00:22.0, mem=2333.2M) ***
UM:   flow.cputime  flow.realtime  timing.setup.tns  timing.setup.wns  snapshot
UM:*                                                                   final
      flow.cputime  flow.realtime  timing.setup.tns  timing.setup.wns  snapshot
UM:*                                                                   global_place
Effort level <high> specified for tdgp_reg2reg_default path_group

*** Start incrementalPlace ***
No Views given, use default active views for adaptive view pruning
SKP will enable view:
  view_func_setup
[NR-eGR] Track table information for default rule: 
[NR-eGR] M1 has single uniform track structure
[NR-eGR] M2 has single uniform track structure
[NR-eGR] M3 has single uniform track structure
[NR-eGR] M4 has single uniform track structure
[NR-eGR] M5 has single uniform track structure
[NR-eGR] M6 has single uniform track structure
[NR-eGR] M7 has single uniform track structure
[NR-eGR] M8 has single uniform track structure
[NR-eGR] M9 has single uniform track structure
[NR-eGR] AP has single uniform track structure
[NR-eGR] Read 79610 PG shapes
[NR-eGR] Read 0 clock shapes
[NR-eGR] Read 0 other shapes
[NR-eGR] #Routing Blockages  : 0
[NR-eGR] #Instance Blockages : 0
[NR-eGR] #PG Blockages       : 79610
[NR-eGR] #Halo Blockages     : 0
[NR-eGR] #Boundary Blockages : 0
[NR-eGR] #Clock Blockages    : 0
[NR-eGR] #Other Blockages    : 0
[NR-eGR] Num Prerouted Nets = 0  Num Prerouted Wires = 0
[NR-eGR] Read 8058 nets ( ignored 0 )
[NR-eGR] There are 1 clock nets ( 0 with NDR ).
[NR-eGR] ============ Routing rule table ============
[NR-eGR] Rule id: 0  Nets: 8058
[NR-eGR] ========================================
[NR-eGR] 
[NR-eGR] Layer group 1: route 8058 net(s) in layer range [2, 10]
[NR-eGR] Early Global Route overflow of layer group 1: 0.00% H + 0.00% V. EstWL: 2.955222e+05um
[NR-eGR] Congestion Analysis By layer: (blocked Gcells are excluded) 
[NR-eGR]                        OverCon            
[NR-eGR]                         #Gcell     %Gcell
[NR-eGR]        Layer               (1)    OverCon
[NR-eGR] ----------------------------------------------
[NR-eGR]      M1 ( 1)         0( 0.00%)   ( 0.00%) 
[NR-eGR]      M2 ( 2)         1( 0.00%)   ( 0.00%) 
[NR-eGR]      M3 ( 3)         0( 0.00%)   ( 0.00%) 
[NR-eGR]      M4 ( 4)        25( 0.05%)   ( 0.05%) 
[NR-eGR]      M5 ( 5)         0( 0.00%)   ( 0.00%) 
[NR-eGR]      M6 ( 6)         0( 0.00%)   ( 0.00%) 
[NR-eGR]      M7 ( 7)         0( 0.00%)   ( 0.00%) 
[NR-eGR]      M8 ( 8)         0( 0.00%)   ( 0.00%) 
[NR-eGR]      M9 ( 9)         0( 0.00%)   ( 0.00%) 
[NR-eGR]      AP (10)         0( 0.00%)   ( 0.00%) 
[NR-eGR] ----------------------------------------------
[NR-eGR]        Total        26( 0.01%)   ( 0.01%) 
[NR-eGR] 
[NR-eGR] Overflow after Early Global Route 0.00% H + 0.00% V
Early Global Route congestion estimation runtime: 0.19 seconds, mem = 2356.1M
Local HotSpot Analysis: normalized max congestion hotspot area = 0.00, normalized total congestion hotspot area = 0.00 (area is in unit of 4 std-cell row bins)
Skipped repairing congestion.
[NR-eGR]             Length (um)   Vias 
[NR-eGR] -------------------------------
[NR-eGR]  M1  (1H)             0  28637 
[NR-eGR]  M2  (2V)         90234  48763 
[NR-eGR]  M3  (3H)        114959   3972 
[NR-eGR]  M4  (4V)         23782   2917 
[NR-eGR]  M5  (5H)         47141   1342 
[NR-eGR]  M6  (6V)         26117     74 
[NR-eGR]  M7  (7H)          1625      2 
[NR-eGR]  M8  (8V)            90      0 
[NR-eGR]  M9  (9H)             0      0 
[NR-eGR]  AP  (10V)            0      0 
[NR-eGR] -------------------------------
[NR-eGR]      Total       303948  85707 
[NR-eGR] --------------------------------------------------------------------------
[NR-eGR] Total half perimeter of net bounding box: 270698um
[NR-eGR] Total length: 303948um, number of vias: 85707
[NR-eGR] --------------------------------------------------------------------------
[NR-eGR] Total eGR-routed clock nets wire length: 5963um, number of vias: 3204
[NR-eGR] --------------------------------------------------------------------------
Early Global Route wiring runtime: 0.09 seconds, mem = 2354.1M
0 delay mode for cte disabled.

*** Finished incrementalPlace (cpu=0:00:00.2, real=0:00:00.0)***
***** Total cpu  0:0:21
***** Total real time  0:0:23
Tdgp not successfully inited but do clear! skip clearing
**place_design ... cpu = 0: 0:21, real = 0: 0:23, mem = 2340.1M **
AAE DB initialization (MEM=2362.95 CPU=0:00:00.0 REAL=0:00:00.0) 
      flow.cputime  flow.realtime  timing.setup.tns  timing.setup.wns  snapshot
UM:*                                                                   final
UM: Running design category ...
------------------------------------------------------------
	Current design flip-flop statistics

Single-Bit FF Count          :         1024
Multi-Bit FF Count           :            0
Total Bit Count              :         1024
Total FF Count               :         1024
Bits Per Flop                :        1.000
Total Clock Pin Cap(FF)      :      701.161
Multibit Conversion Ratio(%) :         0.00
------------------------------------------------------------
------------------------------------------------------------
            Multi-bit cell usage statistics

------------------------------------------------------------
============================================================
Sequential Multibit cells usage statistics
------------------------------------------------------------
            Not Merged-bits         Merged-bits     Multibit Conversion %     Bits Per Flop
------------------------------------------------------------
-FlipFlops             1024                    0        0.00                    1.00
------------------------------------------------------------

------------------------------------------------------------
Seq_Mbit libcell              Bitwidth        Count
------------------------------------------------------------
Total 0
============================================================
------------------------------------------------------------
Category            Num of Insts Rejected     Reasons
------------------------------------------------------------
------------------------------------------------------------
      flow.cputime  flow.realtime  timing.setup.tns  timing.setup.wns  snapshot
UM:          68.63           1070                                      place_design
*** GlobalPlace #1 [finish] (place_opt_design #1) : cpu/real = 0:00:22.0/0:00:23.3 (0.9), totSession cpu/real = 0:01:08.7/0:17:48.8 (0.1), mem = 2362.9M
Enable CTE adjustment.
**opt_design ... cpu = 0:00:00, real = 0:00:00, mem = 2180.1M, totSessionCpu=0:01:09 **
**WARN: (IMPOPT-576):	168 nets have unplaced terms. 
GigaOpt running with 1 threads.
*** InitOpt #1 [begin] (place_opt_design #1) : totSession cpu/real = 0:01:08.7/0:17:48.8 (0.1), mem = 2358.9M
**INFO: set_db design_flow_effort standard -> setting 'set_db opt_all_end_points true' for the duration of this command.
**WARN: (IMPOPT-3564):	The following cells are set dont_use temporarily by the tool because there are no rows defined for their technology site, or they are not placeable in any power domain, or their pins cannot be snapped to the tracks. To avoid this message, review the create_floorplan, msv setting, the library setting or set manually those cells as dont_use.
	Cell LVLLHCD1, site bcoreExt.
	Cell LVLLHCD2, site bcoreExt.
	Cell LVLLHCD4, site bcoreExt.
	Cell LVLLHCD8, site bcoreExt.
	Cell LVLLHD1, site bcoreExt.
	Cell LVLLHD2, site bcoreExt.
	Cell LVLLHD4, site bcoreExt.
	Cell LVLLHD8, site bcoreExt.
.
Updating RC grid for preRoute extraction ...
Initializing multi-corner capacitance tables ... 
Initializing multi-corner resistance tables ...
**WARN: (IMPOPT-665):	rst : Net has unplaced terms or is connected to uplaced instances in design. 
Type 'man IMPOPT-665' for more detail.
**WARN: (IMPOPT-665):	clk : Net has unplaced terms or is connected to uplaced instances in design. 
Type 'man IMPOPT-665' for more detail.
**WARN: (IMPOPT-665):	pc_current[31] : Net has unplaced terms or is connected to uplaced instances in design. 
Type 'man IMPOPT-665' for more detail.
**WARN: (IMPOPT-665):	pc_current[30] : Net has unplaced terms or is connected to uplaced instances in design. 
Type 'man IMPOPT-665' for more detail.
**WARN: (IMPOPT-665):	pc_current[29] : Net has unplaced terms or is connected to uplaced instances in design. 
Type 'man IMPOPT-665' for more detail.
**WARN: (IMPOPT-665):	pc_current[28] : Net has unplaced terms or is connected to uplaced instances in design. 
Type 'man IMPOPT-665' for more detail.
**WARN: (IMPOPT-665):	pc_current[27] : Net has unplaced terms or is connected to uplaced instances in design. 
Type 'man IMPOPT-665' for more detail.
**WARN: (IMPOPT-665):	pc_current[26] : Net has unplaced terms or is connected to uplaced instances in design. 
Type 'man IMPOPT-665' for more detail.
**WARN: (IMPOPT-665):	pc_current[25] : Net has unplaced terms or is connected to uplaced instances in design. 
Type 'man IMPOPT-665' for more detail.
**WARN: (IMPOPT-665):	pc_current[24] : Net has unplaced terms or is connected to uplaced instances in design. 
Type 'man IMPOPT-665' for more detail.
**WARN: (IMPOPT-665):	pc_current[23] : Net has unplaced terms or is connected to uplaced instances in design. 
Type 'man IMPOPT-665' for more detail.
**WARN: (IMPOPT-665):	pc_current[22] : Net has unplaced terms or is connected to uplaced instances in design. 
Type 'man IMPOPT-665' for more detail.
**WARN: (IMPOPT-665):	pc_current[21] : Net has unplaced terms or is connected to uplaced instances in design. 
Type 'man IMPOPT-665' for more detail.
**WARN: (IMPOPT-665):	pc_current[20] : Net has unplaced terms or is connected to uplaced instances in design. 
Type 'man IMPOPT-665' for more detail.
**WARN: (IMPOPT-665):	pc_current[19] : Net has unplaced terms or is connected to uplaced instances in design. 
Type 'man IMPOPT-665' for more detail.
**WARN: (IMPOPT-665):	pc_current[18] : Net has unplaced terms or is connected to uplaced instances in design. 
Type 'man IMPOPT-665' for more detail.
**WARN: (IMPOPT-665):	pc_current[17] : Net has unplaced terms or is connected to uplaced instances in design. 
Type 'man IMPOPT-665' for more detail.
**WARN: (IMPOPT-665):	pc_current[16] : Net has unplaced terms or is connected to uplaced instances in design. 
Type 'man IMPOPT-665' for more detail.
**WARN: (IMPOPT-665):	pc_current[15] : Net has unplaced terms or is connected to uplaced instances in design. 
Type 'man IMPOPT-665' for more detail.
**WARN: (IMPOPT-665):	pc_current[14] : Net has unplaced terms or is connected to uplaced instances in design. 
Type 'man IMPOPT-665' for more detail.
**WARN: (EMS-27):	Message (IMPOPT-665) has exceeded the current message display limit of 20.
To increase the message display limit, refer to the product command reference manual.
AAE DB initialization (MEM=2366.97 CPU=0:00:00.0 REAL=0:00:00.0) 
Setting timing_disable_library_data_to_data_checks to 'true'.
Setting timing_disable_user_data_to_data_checks to 'true'.
**opt_design ... cpu = 0:00:01, real = 0:00:00, mem = 2192.0M, totSessionCpu=0:01:09 **
*** opt_design -pre_cts ***
DRC Margin: user margin 0.0; extra margin 0.2
Setup Target Slack: user slack 0; extra slack 0.0
Hold Target Slack: user slack 0
**WARN: (IMPOPT-3195):	Analysis mode has changed.
Type 'man IMPOPT-3195' for more detail.
Multi-VT timing optimization disabled based on library information.
[NR-eGR] Started Early Global Route kernel ( Curr Mem: 2366.97 MB )
[NR-eGR] Track table information for default rule: 
[NR-eGR] M1 has single uniform track structure
[NR-eGR] M2 has single uniform track structure
[NR-eGR] M3 has single uniform track structure
[NR-eGR] M4 has single uniform track structure
[NR-eGR] M5 has single uniform track structure
[NR-eGR] M6 has single uniform track structure
[NR-eGR] M7 has single uniform track structure
[NR-eGR] M8 has single uniform track structure
[NR-eGR] M9 has single uniform track structure
[NR-eGR] AP has single uniform track structure
[NR-eGR] Read 79610 PG shapes
[NR-eGR] Read 0 clock shapes
[NR-eGR] Read 0 other shapes
[NR-eGR] #Routing Blockages  : 0
[NR-eGR] #Instance Blockages : 0
[NR-eGR] #PG Blockages       : 79610
[NR-eGR] #Halo Blockages     : 0
[NR-eGR] #Boundary Blockages : 0
[NR-eGR] #Clock Blockages    : 0
[NR-eGR] #Other Blockages    : 0
[NR-eGR] Num Prerouted Nets = 0  Num Prerouted Wires = 0
[NR-eGR] Read 8058 nets ( ignored 0 )
[NR-eGR] There are 1 clock nets ( 0 with NDR ).
[NR-eGR] ============ Routing rule table ============
[NR-eGR] Rule id: 0  Nets: 8058
[NR-eGR] ========================================
[NR-eGR] 
[NR-eGR] Layer group 1: route 8058 net(s) in layer range [2, 10]
[NR-eGR] Early Global Route overflow of layer group 1: 0.00% H + 0.00% V. EstWL: 3.001914e+05um
[NR-eGR] Congestion Analysis By layer: (blocked Gcells are excluded) 
[NR-eGR]                        OverCon            
[NR-eGR]                         #Gcell     %Gcell
[NR-eGR]        Layer               (1)    OverCon
[NR-eGR] ----------------------------------------------
[NR-eGR]      M1 ( 1)         0( 0.00%)   ( 0.00%) 
[NR-eGR]      M2 ( 2)         1( 0.00%)   ( 0.00%) 
[NR-eGR]      M3 ( 3)         1( 0.00%)   ( 0.00%) 
[NR-eGR]      M4 ( 4)        30( 0.06%)   ( 0.06%) 
[NR-eGR]      M5 ( 5)         0( 0.00%)   ( 0.00%) 
[NR-eGR]      M6 ( 6)         0( 0.00%)   ( 0.00%) 
[NR-eGR]      M7 ( 7)         0( 0.00%)   ( 0.00%) 
[NR-eGR]      M8 ( 8)         0( 0.00%)   ( 0.00%) 
[NR-eGR]      M9 ( 9)         0( 0.00%)   ( 0.00%) 
[NR-eGR]      AP (10)         0( 0.00%)   ( 0.00%) 
[NR-eGR] ----------------------------------------------
[NR-eGR]        Total        32( 0.01%)   ( 0.01%) 
[NR-eGR] 
[NR-eGR] Overflow after Early Global Route 0.00% H + 0.00% V
[NR-eGR]             Length (um)   Vias 
[NR-eGR] -------------------------------
[NR-eGR]  M1  (1H)             0  28637 
[NR-eGR]  M2  (2V)         88457  48591 
[NR-eGR]  M3  (3H)        115904   4145 
[NR-eGR]  M4  (4V)         25101   3077 
[NR-eGR]  M5  (5H)         50955   1396 
[NR-eGR]  M6  (6V)         26974     65 
[NR-eGR]  M7  (7H)          1323      0 
[NR-eGR]  M8  (8V)             0      0 
[NR-eGR]  M9  (9H)             0      0 
[NR-eGR]  AP  (10V)            0      0 
[NR-eGR] -------------------------------
[NR-eGR]      Total       308712  85911 
[NR-eGR] --------------------------------------------------------------------------
[NR-eGR] Total half perimeter of net bounding box: 270698um
[NR-eGR] Total length: 308712um, number of vias: 85911
[NR-eGR] --------------------------------------------------------------------------
[NR-eGR] Total eGR-routed clock nets wire length: 6390um, number of vias: 3223
[NR-eGR] --------------------------------------------------------------------------
[NR-eGR] Finished Early Global Route kernel ( CPU: 0.20 sec, Real: 0.27 sec, Curr Mem: 2369.86 MB )
Extraction called for design 'riscv_core' of instances=8123 and nets=8098 using extraction engine 'pre_route' .
**WARN: (IMPEXT-3530):	The process node is not set. Use the command set_design_mode -process <process node> prior to extraction for maximum accuracy and optimal automatic threshold setting.
Type 'man IMPEXT-3530' for more detail.
pre_route RC Extraction called for design riscv_core.
RC Extraction called in multi-corner(3) mode.
RCMode: PreRoute
      RC Corner Indexes            0       1       2   
Capacitance Scaling Factor   : 1.00000 1.00000 1.00000 
Resistance Scaling Factor    : 1.00000 1.00000 1.00000 
Clock Cap. Scaling Factor    : 1.00000 1.00000 1.00000 
Clock Res. Scaling Factor    : 1.00000 1.00000 1.00000 
Shrink Factor                : 1.00000
PreRoute extraction is honoring NDR/Shielding/ExtraSpace for clock nets.
Using capacitance table file ...
Updating RC grid for preRoute extraction ...
Initializing multi-corner capacitance tables ... 
Initializing multi-corner resistance tables ...
PreRoute RC Extraction DONE (CPU Time: 0:00:00.1  Real Time: 0:00:00.0  MEM: 2366.863M)
Starting delay calculation for Setup views
AAE_INFO: opIsDesignInPostRouteState() is 0
#################################################################################
# Design Stage: PreRoute
# Design Name: riscv_core
# Design Mode: 90nm
# Analysis Mode: MMMC OCV 
# Parasitics Mode: No SPEF/RCDB 
# Signoff Settings: SI Off 
#################################################################################
Start delay calculation (fullDC) (1 T). (MEM=2408.97)
Total number of fetched objects 8096
AAE_INFO: Total number of nets for which stage creation was skipped for all views 0
Total number of fetched objects 8096
AAE_INFO: Total number of nets for which stage creation was skipped for all views 0
End delay calculation. (MEM=2572.75 CPU=0:00:00.8 REAL=0:00:01.0)
End delay calculation (fullDC). (MEM=2572.75 CPU=0:00:01.1 REAL=0:00:01.0)
*** Done Building Timing Graph (cpu=0:00:01.5 real=0:00:02.0 totSessionCpu=0:01:12 mem=2572.7M)

------------------------------------------------------------------
             Initial Summary
------------------------------------------------------------------

Setup views included:
 view_func_setup 

+--------------------+---------+
|     Setup mode     |   all   |
+--------------------+---------+
|           WNS (ns):| -4.581  |
|           TNS (ns):| -2831.3 |
|    Violating Paths:|  1092   |
|          All Paths:|  1158   |
+--------------------+---------+

+----------------+-------------------------------+------------------+
|                |              Real             |       Total      |
|    DRVs        +------------------+------------+------------------|
|                |  Nr nets(terms)  | Worst Vio  |  Nr nets(terms)  |
+----------------+------------------+------------+------------------+
|   max_cap      |    135 (135)     |   -0.587   |    135 (135)     |
|   max_tran     |    222 (4617)    |   -3.517   |    222 (4629)    |
|   max_fanout   |    237 (237)     |    -310    |    239 (239)     |
|   max_length   |      0 (0)       |     0      |      0 (0)       |
+----------------+------------------+------------+------------------+

Density: 26.143%
------------------------------------------------------------------
**opt_design ... cpu = 0:00:03, real = 0:00:03, mem = 2273.7M, totSessionCpu=0:01:12 **
*** InitOpt #1 [finish] (place_opt_design #1) : cpu/real = 0:00:03.4/0:00:03.5 (1.0), totSession cpu/real = 0:01:12.0/0:17:52.3 (0.1), mem = 2544.7M
** INFO : this run is activating medium effort placeOptDesign flow
*** Starting optimizing excluded clock nets MEM= 2544.7M) ***
*info: No excluded clock nets to be optimized.
*** Finished optimizing excluded clock nets (CPU Time= 0:00:00.0  MEM= 2544.7M) ***
GigaOpt Checkpoint: Internal congRefineRouteType -preCTS -congThreshold 0.001 -rescheduleForCongestion  -aggressiveCongestionMode  -resetVeryShortNets -resetShortNets -useSpineBased -rescheduleForAdherence 
Begin: GigaOpt Route Type Constraints Refinement
*** CongRefineRouteType #1 [begin] (place_opt_design #1) : totSession cpu/real = 0:01:12.1/0:17:52.3 (0.1), mem = 2544.7M
Updated routing constraints on 0 nets.
Bottom Preferred Layer:
    None
Via Pillar Rule:
    None
*** CongRefineRouteType #1 [finish] (place_opt_design #1) : cpu/real = 0:00:00.1/0:00:00.1 (1.1), totSession cpu/real = 0:01:12.1/0:17:52.4 (0.1), mem = 2724.4M
End: GigaOpt Route Type Constraints Refinement
The useful skew maximum allowed delay is: 0.3
*** SimplifyNetlist #1 [begin] (place_opt_design #1) : totSession cpu/real = 0:01:12.3/0:17:52.5 (0.1), mem = 2724.4M
Info: 3 ideal nets excluded from IPO operation.
Info: 1 clock net  excluded from IPO operation.

Footprint cell information for calculating maxBufDist
*info: There are 18 candidate Buffer cells
*info: There are 16 candidate Inverter cells


Netlist preparation processing... 
Removed 0 instance
*info: Marking 0 isolation instances dont touch
*info: Marking 0 level shifter instances dont touch
*** SimplifyNetlist #1 [finish] (place_opt_design #1) : cpu/real = 0:00:00.8/0:00:00.9 (1.0), totSession cpu/real = 0:01:13.1/0:17:53.4 (0.1), mem = 2655.5M
Begin: GigaOpt high fanout net optimization
GigaOpt HFN: use maxLocalDensity 1.2
GigaOpt Checkpoint: Internal optDRV -useLevelizedBufferTreeOnly -auxMaxFanoutCountLimit 500 -largeScaleFixing -maxIter 1 -maxLocalDensity 1.2 -numThreads 1 -preCTS -preRouteDontEndWithRefinePlaceIncrSteinerRouteDC
*** DrvOpt #1 [begin] (place_opt_design #1) : totSession cpu/real = 0:01:13.2/0:17:53.5 (0.1), mem = 2655.5M
Info: 3 ideal nets excluded from IPO operation.
Info: 1 clock net  excluded from IPO operation.
*** DrvOpt #1 [finish] (place_opt_design #1) : cpu/real = 0:00:00.7/0:00:00.7 (1.0), totSession cpu/real = 0:01:13.8/0:17:54.1 (0.1), mem = 2655.7M
GigaOpt HFN: restore maxLocalDensity to 0.98
End: GigaOpt high fanout net optimization
Begin: GigaOpt DRV Optimization
GigaOpt Checkpoint: Internal optDRV -max_tran -max_cap -maxLocalDensity 1.2 -numThreads 1 -largeScaleFixing -maxIter 2 -preCTS -preRouteDontEndWithRefinePlaceIncrSteinerRouteDC
*** DrvOpt #2 [begin] (place_opt_design #1) : totSession cpu/real = 0:01:13.8/0:17:54.1 (0.1), mem = 2655.7M
Info: 3 ideal nets excluded from IPO operation.
Info: 1 clock net  excluded from IPO operation.
+-------------------------------------------------------------------------------------------------------------------------------------------------------+
|        max-tran       |        max-cap        |  max-fanout |  max-length |       setup       |        |        |        |       |          |         |
+-------------------------------------------------------------------------------------------------------------------------------------------------------+
| nets | terms|  wViol  | nets | terms|  wViol  | nets | terms| nets | terms|   WNS   |   TNS   |  #Buf  |  #Inv  | #Resize|Density|   Real   |   Mem   |
+-------------------------------------------------------------------------------------------------------------------------------------------------------+
|   288|  5004|    -3.62|   167|   167|    -0.63|   238|   238|     0|     0|    -4.58| -2831.28|       0|       0|       0| 26.14%|          |         |
|    13|    55|    -0.21|    15|    15|    -0.61|   280|   280|     0|     0|    -2.31| -1531.41|      99|     121|     126| 26.50%| 0:00:02.0|  2746.5M|
|    13|    55|    -0.21|    15|    15|    -0.61|   280|   280|     0|     0|    -2.31| -1531.41|       0|       0|       0| 26.50%| 0:00:00.0|  2746.5M|
+-------------------------------------------------------------------------------------------------------------------------------------------------------+
Bottom Preferred Layer:
    None
Via Pillar Rule:
    None


=======================================================================
                Reasons for remaining drv violations
=======================================================================
*info: Total 18 net(s) have violations which can't be fixed by DRV optimization.

MultiBuffering failure reasons
------------------------------------------------
*info:    16 net(s): Could not be fixed because the net has unplaced term or invalid term for routing.
*info:     1 net(s): Could not be fixed as the net is considered as IPO ignored by the process.


*** Finish DRV Fixing (cpu=0:00:02.3 real=0:00:02.0 mem=2746.5M) ***

*** DrvOpt #2 [finish] (place_opt_design #1) : cpu/real = 0:00:02.4/0:00:02.4 (1.0), totSession cpu/real = 0:01:16.3/0:17:56.6 (0.1), mem = 2666.4M
End: GigaOpt DRV Optimization
GigaOpt DRV: restore maxLocalDensity to 0.98
**opt_design ... cpu = 0:00:08, real = 0:00:07, mem = 2395.4M, totSessionCpu=0:01:16 **

Active setup views:
 view_func_setup
  Dominating endpoints: 0
  Dominating TNS: -0.000

Begin: GigaOpt Global Optimization
*info: use new DP (enabled)
GigaOpt Checkpoint: Internal globalOpt -maxLocalDensity 1.2 -numThreads 1 -preCTS -rebufferAll -preRouteDontEndWithRefinePlaceIncrSteinerRouteDC -enableHighLayerOpt -maxIter 50 -maxIterForLEPG 50
Info: 3 ideal nets excluded from IPO operation.
Info: 1 clock net  excluded from IPO operation.
*** GlobalOpt #1 [begin] (place_opt_design #1) : totSession cpu/real = 0:01:16.3/0:17:56.6 (0.1), mem = 2704.6M
*info: 1 clock net excluded
*info: 3 ideal nets excluded from IPO operation.
** GigaOpt Global Opt WNS Slack -2.305  TNS Slack -1531.409 
+--------+---------+---------+------------+--------+---------------+---------+---------------------------------------+
|  WNS   |   TNS   | Density |    Real    |  Mem   |  Worst View   |Pathgroup|               End Point               |
+--------+---------+---------+------------+--------+---------------+---------+---------------------------------------+
|  -2.305|-1531.409|   26.50%|   0:00:00.0| 2723.7M|view_func_setup|  default| pc_inst_pc_reg[16]/D                  |
|  -1.754|-1003.292|   26.49%|   0:00:03.0| 2750.6M|view_func_setup|  default| pc_inst_pc_reg[16]/D                  |
|  -1.679| -942.274|   26.51%|   0:00:01.0| 2750.6M|view_func_setup|  default| pc_inst_pc_reg[16]/D                  |
|  -1.679| -942.274|   26.51%|   0:00:00.0| 2750.6M|view_func_setup|  default| pc_inst_pc_reg[16]/D                  |
|  -1.207| -368.247|   26.83%|   0:00:03.0| 2753.9M|view_func_setup|  default| alu_result[0]                         |
|  -1.105| -183.014|   26.84%|   0:00:03.0| 2773.0M|view_func_setup|  default| alu_result[0]                         |
|  -1.021| -136.571|   26.84%|   0:00:00.0| 2773.0M|view_func_setup|  default| alu_result[0]                         |
|  -1.021| -136.571|   26.84%|   0:00:00.0| 2773.0M|view_func_setup|  default| alu_result[0]                         |
|  -0.973|  -72.195|   26.93%|   0:00:01.0| 2773.0M|view_func_setup|  default| alu_result[24]                        |
|  -0.849|  -49.234|   26.96%|   0:00:01.0| 2773.0M|view_func_setup|  default| alu_result[24]                        |
|  -0.849|  -49.098|   26.98%|   0:00:00.0| 2773.0M|view_func_setup|  default| alu_result[24]                        |
|  -0.849|  -49.098|   26.98%|   0:00:00.0| 2773.0M|view_func_setup|  default| alu_result[24]                        |
|  -0.776|  -39.890|   27.03%|   0:00:01.0| 2773.0M|view_func_setup|  default| alu_result[24]                        |
|  -0.752|  -36.913|   27.04%|   0:00:01.0| 2773.0M|view_func_setup|  default| alu_result[27]                        |
|  -0.752|  -38.946|   27.04%|   0:00:00.0| 2773.0M|view_func_setup|  default| alu_result[27]                        |
|  -0.752|  -38.946|   27.04%|   0:00:00.0| 2773.0M|view_func_setup|  default| alu_result[27]                        |
|  -0.751|  -36.568|   27.07%|   0:00:00.0| 2773.0M|view_func_setup|  default| alu_result[27]                        |
|  -0.751|  -36.475|   27.09%|   0:00:01.0| 2773.0M|view_func_setup|  default| alu_result[27]                        |
|  -0.725|  -36.417|   27.10%|   0:00:00.0| 2773.0M|view_func_setup|  default| alu_result[24]                        |
|  -0.725|  -36.417|   27.10%|   0:00:00.0| 2773.0M|view_func_setup|  default| alu_result[24]                        |
|  -0.714|  -34.874|   27.15%|   0:00:01.0| 2773.0M|view_func_setup|  default| alu_result[24]                        |
|  -0.712|  -34.704|   27.16%|   0:00:01.0| 2773.0M|view_func_setup|  default| alu_result[24]                        |
|  -0.712|  -34.701|   27.16%|   0:00:00.0| 2773.0M|view_func_setup|  default| alu_result[24]                        |
|  -0.712|  -34.701|   27.16%|   0:00:00.0| 2773.0M|view_func_setup|  default| alu_result[24]                        |
|  -0.712|  -34.268|   27.24%|   0:00:00.0| 2773.0M|view_func_setup|  default| alu_result[24]                        |
|  -0.712|  -34.270|   27.24%|   0:00:01.0| 2773.0M|view_func_setup|  default| alu_result[24]                        |
|  -0.712|  -33.794|   27.25%|   0:00:00.0| 2773.0M|view_func_setup|  default| alu_result[24]                        |
|  -0.712|  -33.794|   27.25%|   0:00:00.0| 2773.0M|view_func_setup|  default| alu_result[24]                        |
|  -0.705|  -32.663|   27.30%|   0:00:01.0| 2773.0M|view_func_setup|  default| alu_result[24]                        |
|  -0.710|  -32.300|   27.30%|   0:00:01.0| 2773.0M|view_func_setup|  default| alu_result[24]                        |
+--------+---------+---------+------------+--------+---------------+---------+---------------------------------------+

*** Finish pre-CTS Global Setup Fixing (cpu=0:00:20.1 real=0:00:20.0 mem=2773.0M) ***

*** Finish pre-CTS Setup Fixing (cpu=0:00:20.1 real=0:00:20.0 mem=2773.0M) ***
Bottom Preferred Layer:
+-----------+------------+----------+
|   Layer   |   OPT_LA   |   Rule   |
+-----------+------------+----------+
| M8 (z=8)  |          1 | default  |
+-----------+------------+----------+
Via Pillar Rule:
    None
** GigaOpt Global Opt End WNS Slack -0.710  TNS Slack -32.300 
*** GlobalOpt #1 [finish] (place_opt_design #1) : cpu/real = 0:00:21.0/0:00:21.0 (1.0), totSession cpu/real = 0:01:37.3/0:18:17.6 (0.1), mem = 2664.9M
End: GigaOpt Global Optimization
*** Timing NOT met, worst failing slack is -0.710
*** Check timing (0:00:00.0)
GigaOpt Checkpoint: Internal reclaim -numThreads 1 -preCTS -force -doRemoveUselessTerm -tgtSlackMult 3 -routeType -noRouteTypeResizePolish -noViewPrune -weedwhack -nonLegal -nativePathGroupFlow
Info: 3 ideal nets excluded from IPO operation.
Info: 1 clock net  excluded from IPO operation.
Begin: Area Reclaim Optimization
*** AreaOpt #1 [begin] (place_opt_design #1) : totSession cpu/real = 0:01:37.3/0:18:17.7 (0.1), mem = 2722.2M
Reclaim Optimization WNS Slack -0.710  TNS Slack -32.300 Density 27.30
+---------+---------+--------+--------+------------+--------+
| Density | Commits |  WNS   |  TNS   |    Real    |  Mem   |
+---------+---------+--------+--------+------------+--------+
|   27.30%|        -|  -0.710| -32.300|   0:00:00.0| 2724.2M|
|   27.30%|        1|  -0.710| -32.300|   0:00:00.0| 2746.3M|
|   27.30%|        0|  -0.710| -32.300|   0:00:00.0| 2746.3M|
|   27.27%|        7|  -0.710| -32.264|   0:00:01.0| 2750.8M|
|   25.98%|     1757|  -0.683| -32.584|   0:00:04.0| 2752.8M|
|   25.94%|       50|  -0.683| -32.597|   0:00:01.0| 2752.8M|
|   25.94%|        0|  -0.683| -32.597|   0:00:00.0| 2752.8M|
|   25.94%|        0|  -0.683| -32.597|   0:00:00.0| 2752.8M|
+---------+---------+--------+--------+------------+--------+
Reclaim Optimization End WNS Slack -0.683  TNS Slack -32.597 Density 25.94
Bottom Preferred Layer:
+-----------+------------+----------+
|   Layer   |   OPT_LA   |   Rule   |
+-----------+------------+----------+
| M8 (z=8)  |          1 | default  |
+-----------+------------+----------+
Via Pillar Rule:
    None

Number of times islegalLocAvaiable called = 0 skipped = 0, called in commitmove = 0, skipped in commitmove = 0
End: Core Area Reclaim Optimization (cpu = 0:00:06.2) (real = 0:00:06.0) **
*** AreaOpt #1 [finish] (place_opt_design #1) : cpu/real = 0:00:06.2/0:00:06.3 (1.0), totSession cpu/real = 0:01:43.5/0:18:24.0 (0.1), mem = 2752.8M
Executing incremental physical updates
Executing incremental physical updates
End: Area Reclaim Optimization (cpu=0:00:06, real=0:00:06, mem=2671.70M, totSessionCpu=0:01:44).
*** IncrReplace #1 [begin] (place_opt_design #1) : totSession cpu/real = 0:01:43.6/0:18:24.0 (0.1), mem = 2671.7M

*** Start incrementalPlace ***
No Views given, use default active views for adaptive view pruning
SKP will enable view:
  view_func_setup
[NR-eGR] Track table information for default rule: 
[NR-eGR] M1 has single uniform track structure
[NR-eGR] M2 has single uniform track structure
[NR-eGR] M3 has single uniform track structure
[NR-eGR] M4 has single uniform track structure
[NR-eGR] M5 has single uniform track structure
[NR-eGR] M6 has single uniform track structure
[NR-eGR] M7 has single uniform track structure
[NR-eGR] M8 has single uniform track structure
[NR-eGR] M9 has single uniform track structure
[NR-eGR] AP has single uniform track structure
[NR-eGR] Read 79610 PG shapes
[NR-eGR] Read 0 clock shapes
[NR-eGR] Read 0 other shapes
[NR-eGR] #Routing Blockages  : 0
[NR-eGR] #Instance Blockages : 0
[NR-eGR] #PG Blockages       : 79610
[NR-eGR] #Halo Blockages     : 0
[NR-eGR] #Boundary Blockages : 0
[NR-eGR] #Clock Blockages    : 0
[NR-eGR] #Other Blockages    : 0
[NR-eGR] Num Prerouted Nets = 0  Num Prerouted Wires = 0
[NR-eGR] Read 8446 nets ( ignored 0 )
[NR-eGR] There are 1 clock nets ( 0 with NDR ).
[NR-eGR] ============ Routing rule table ============
[NR-eGR] Rule id: 0  Nets: 8443
[NR-eGR] ========================================
[NR-eGR] 
[NR-eGR] Layer group 1: route 8443 net(s) in layer range [2, 10]
[NR-eGR] Early Global Route overflow of layer group 1: 0.00% H + 0.00% V. EstWL: 2.992320e+05um
[NR-eGR] Congestion Analysis By layer: (blocked Gcells are excluded) 
[NR-eGR]                        OverCon            
[NR-eGR]                         #Gcell     %Gcell
[NR-eGR]        Layer             (1-2)    OverCon
[NR-eGR] ----------------------------------------------
[NR-eGR]      M1 ( 1)         0( 0.00%)   ( 0.00%) 
[NR-eGR]      M2 ( 2)         3( 0.01%)   ( 0.01%) 
[NR-eGR]      M3 ( 3)         0( 0.00%)   ( 0.00%) 
[NR-eGR]      M4 ( 4)        42( 0.09%)   ( 0.09%) 
[NR-eGR]      M5 ( 5)         0( 0.00%)   ( 0.00%) 
[NR-eGR]      M6 ( 6)         0( 0.00%)   ( 0.00%) 
[NR-eGR]      M7 ( 7)         0( 0.00%)   ( 0.00%) 
[NR-eGR]      M8 ( 8)         0( 0.00%)   ( 0.00%) 
[NR-eGR]      M9 ( 9)         0( 0.00%)   ( 0.00%) 
[NR-eGR]      AP (10)         0( 0.00%)   ( 0.00%) 
[NR-eGR] ----------------------------------------------
[NR-eGR]        Total        45( 0.01%)   ( 0.01%) 
[NR-eGR] 
[NR-eGR] Overflow after Early Global Route 0.00% H + 0.00% V
Early Global Route congestion estimation runtime: 0.19 seconds, mem = 2676.0M
Local HotSpot Analysis: normalized max congestion hotspot area = 0.00, normalized total congestion hotspot area = 0.00 (area is in unit of 4 std-cell row bins)

=== incrementalPlace Internal Loop 1 ===
*** Finished SKP initialization (cpu=0:00:00.5, real=0:00:01.0)***
Iteration  7: Total net bbox = 2.542e+05 (1.50e+05 1.04e+05)
              Est.  stn bbox = 3.354e+05 (1.98e+05 1.37e+05)
              cpu = 0:00:02.6 real = 0:00:03.0 mem = 2694.3M
Iteration  8: Total net bbox = 2.576e+05 (1.52e+05 1.06e+05)
              Est.  stn bbox = 3.388e+05 (2.00e+05 1.39e+05)
              cpu = 0:00:02.8 real = 0:00:02.0 mem = 2673.3M
Iteration  9: Total net bbox = 2.695e+05 (1.58e+05 1.12e+05)
              Est.  stn bbox = 3.508e+05 (2.06e+05 1.44e+05)
              cpu = 0:00:06.2 real = 0:00:07.0 mem = 2673.3M
Iteration 10: Total net bbox = 2.659e+05 (1.55e+05 1.11e+05)
              Est.  stn bbox = 3.454e+05 (2.02e+05 1.43e+05)
              cpu = 0:00:07.5 real = 0:00:07.0 mem = 2702.4M
Iteration 11: Total net bbox = 2.455e+05 (1.38e+05 1.08e+05)
              Est.  stn bbox = 3.203e+05 (1.81e+05 1.40e+05)
              cpu = 0:00:03.4 real = 0:00:04.0 mem = 2692.4M
Move report: Timing Driven Placement moves 8123 insts, mean move: 12.83 um, max move: 163.62 um 
	Max move on inst (FE_OFC12_n_560): (19.40, 62.60) --> (91.23, -29.20)

Finished Incremental Placement (cpu=0:00:23.4, real=0:00:24.0, mem=2676.4M)
**WARN: (IMPSP-9025):	No scan chain specified/traced.
Type 'man IMPSP-9025' for more detail.
*** Starting place_detail (0:02:07 mem=2676.4M) ***
Total net bbox length = 3.000e+05 (1.706e+05 1.293e+05) (ext = 5.131e+04)
Move report: Detail placement moves 8122 insts, mean move: 0.13 um, max move: 44.02 um 
	Max move on inst (g201552): (120.82, -52.60) --> (76.80, -52.60)
	Runtime: CPU: 0:00:00.2 REAL: 0:00:00.0 MEM: 2644.4MB
Summary Report:
Instances move: 8122 (out of 8123 movable)
Instances flipped: 1
Mean displacement: 0.13 um
Max displacement: 44.02 um (Instance: g201552) (120.817, -52.5995) -> (76.8, -52.6)
	Length: 9 sites, height: 1 rows, site name: core, cell type: INVD6
Total net bbox length = 2.947e+05 (1.654e+05 1.294e+05) (ext = 5.130e+04)
Runtime: CPU: 0:00:00.2 REAL: 0:00:00.0 MEM: 2644.4MB
*** Finished place_detail (0:02:07 mem=2644.4M) ***
[NR-eGR] Track table information for default rule: 
[NR-eGR] M1 has single uniform track structure
[NR-eGR] M2 has single uniform track structure
[NR-eGR] M3 has single uniform track structure
[NR-eGR] M4 has single uniform track structure
[NR-eGR] M5 has single uniform track structure
[NR-eGR] M6 has single uniform track structure
[NR-eGR] M7 has single uniform track structure
[NR-eGR] M8 has single uniform track structure
[NR-eGR] M9 has single uniform track structure
[NR-eGR] AP has single uniform track structure
[NR-eGR] Read 79610 PG shapes
[NR-eGR] Read 0 clock shapes
[NR-eGR] Read 0 other shapes
[NR-eGR] #Routing Blockages  : 0
[NR-eGR] #Instance Blockages : 0
[NR-eGR] #PG Blockages       : 79610
[NR-eGR] #Halo Blockages     : 0
[NR-eGR] #Boundary Blockages : 0
[NR-eGR] #Clock Blockages    : 0
[NR-eGR] #Other Blockages    : 0
[NR-eGR] Num Prerouted Nets = 0  Num Prerouted Wires = 0
[NR-eGR] Read 8446 nets ( ignored 0 )
[NR-eGR] There are 1 clock nets ( 0 with NDR ).
[NR-eGR] ============ Routing rule table ============
[NR-eGR] Rule id: 0  Nets: 8446
[NR-eGR] ========================================
[NR-eGR] 
[NR-eGR] Layer group 1: route 8446 net(s) in layer range [2, 10]
[NR-eGR] Early Global Route overflow of layer group 1: 0.00% H + 0.00% V. EstWL: 3.125394e+05um
[NR-eGR] Congestion Analysis By layer: (blocked Gcells are excluded) 
[NR-eGR]                        OverCon            
[NR-eGR]                         #Gcell     %Gcell
[NR-eGR]        Layer               (1)    OverCon
[NR-eGR] ----------------------------------------------
[NR-eGR]      M1 ( 1)         0( 0.00%)   ( 0.00%) 
[NR-eGR]      M2 ( 2)         3( 0.01%)   ( 0.01%) 
[NR-eGR]      M3 ( 3)         1( 0.00%)   ( 0.00%) 
[NR-eGR]      M4 ( 4)        36( 0.08%)   ( 0.08%) 
[NR-eGR]      M5 ( 5)         0( 0.00%)   ( 0.00%) 
[NR-eGR]      M6 ( 6)         0( 0.00%)   ( 0.00%) 
[NR-eGR]      M7 ( 7)         0( 0.00%)   ( 0.00%) 
[NR-eGR]      M8 ( 8)         0( 0.00%)   ( 0.00%) 
[NR-eGR]      M9 ( 9)         0( 0.00%)   ( 0.00%) 
[NR-eGR]      AP (10)         0( 0.00%)   ( 0.00%) 
[NR-eGR] ----------------------------------------------
[NR-eGR]        Total        40( 0.01%)   ( 0.01%) 
[NR-eGR] 
[NR-eGR] Overflow after Early Global Route 0.00% H + 0.00% V
Early Global Route congestion estimation runtime: 0.20 seconds, mem = 2645.5M
Local HotSpot Analysis: normalized max congestion hotspot area = 0.00, normalized total congestion hotspot area = 0.00 (area is in unit of 4 std-cell row bins)
[NR-eGR]             Length (um)   Vias 
[NR-eGR] -------------------------------
[NR-eGR]  M1  (1H)             0  29412 
[NR-eGR]  M2  (2V)         93086  49806 
[NR-eGR]  M3  (3H)        119671   4061 
[NR-eGR]  M4  (4V)         26564   2979 
[NR-eGR]  M5  (5H)         49735   1454 
[NR-eGR]  M6  (6V)         31503     54 
[NR-eGR]  M7  (7H)           498      8 
[NR-eGR]  M8  (8V)            73      3 
[NR-eGR]  M9  (9H)            12      0 
[NR-eGR]  AP  (10V)            0      0 
[NR-eGR] -------------------------------
[NR-eGR]      Total       321142  87777 
[NR-eGR] --------------------------------------------------------------------------
[NR-eGR] Total half perimeter of net bounding box: 294731um
[NR-eGR] Total length: 321142um, number of vias: 87777
[NR-eGR] --------------------------------------------------------------------------
[NR-eGR] Total eGR-routed clock nets wire length: 6325um, number of vias: 3203
[NR-eGR] --------------------------------------------------------------------------
Early Global Route wiring runtime: 0.09 seconds, mem = 2654.5M
0 delay mode for cte disabled.

*** Finished incrementalPlace (cpu=0:00:24.1, real=0:00:24.0)***
Start to check current routing status for nets...
All nets are already routed correctly.
End to check current routing status for nets (mem=2637.5M)
Extraction called for design 'riscv_core' of instances=8511 and nets=8486 using extraction engine 'pre_route' .
**WARN: (IMPEXT-3530):	The process node is not set. Use the command set_design_mode -process <process node> prior to extraction for maximum accuracy and optimal automatic threshold setting.
Type 'man IMPEXT-3530' for more detail.
pre_route RC Extraction called for design riscv_core.
RC Extraction called in multi-corner(3) mode.
RCMode: PreRoute
      RC Corner Indexes            0       1       2   
Capacitance Scaling Factor   : 1.00000 1.00000 1.00000 
Resistance Scaling Factor    : 1.00000 1.00000 1.00000 
Clock Cap. Scaling Factor    : 1.00000 1.00000 1.00000 
Clock Res. Scaling Factor    : 1.00000 1.00000 1.00000 
Shrink Factor                : 1.00000
PreRoute extraction is honoring NDR/Shielding/ExtraSpace for clock nets.
Using capacitance table file ...
Updating RC grid for preRoute extraction ...
Initializing multi-corner capacitance tables ... 
Initializing multi-corner resistance tables ...
PreRoute RC Extraction DONE (CPU Time: 0:00:00.2  Real Time: 0:00:01.0  MEM: 2637.512M)
Compute RC Scale Done ...
**opt_design ... cpu = 0:00:59, real = 0:01:00, mem = 2347.3M, totSessionCpu=0:02:08 **
AAE_INFO: opIsDesignInPostRouteState() is 0
#################################################################################
# Design Stage: PreRoute
# Design Name: riscv_core
# Design Mode: 90nm
# Analysis Mode: MMMC OCV 
# Parasitics Mode: No SPEF/RCDB 
# Signoff Settings: SI Off 
#################################################################################
Start delay calculation (fullDC) (1 T). (MEM=2665.15)
Total number of fetched objects 8484
AAE_INFO: Total number of nets for which stage creation was skipped for all views 0
Total number of fetched objects 8484
AAE_INFO: Total number of nets for which stage creation was skipped for all views 0
End delay calculation. (MEM=2693.37 CPU=0:00:00.8 REAL=0:00:01.0)
End delay calculation (fullDC). (MEM=2693.37 CPU=0:00:01.0 REAL=0:00:01.0)
*** IncrReplace #1 [finish] (place_opt_design #1) : cpu/real = 0:00:25.8/0:00:26.2 (1.0), totSession cpu/real = 0:02:09.3/0:18:50.2 (0.1), mem = 2701.4M
Begin: GigaOpt DRV Optimization
GigaOpt Checkpoint: Internal optDRV -max_tran -max_cap -maxLocalDensity 1.2 -numThreads 1 -smallScaleFixing -maxIter 3 -setupTNSCostFactor 3.0 -preCTS
*** DrvOpt #3 [begin] (place_opt_design #1) : totSession cpu/real = 0:02:09.5/0:18:50.4 (0.1), mem = 2717.4M
Info: 3 ideal nets excluded from IPO operation.
Info: 1 clock net  excluded from IPO operation.
+-------------------------------------------------------------------------------------------------------------------------------------------------------+
|        max-tran       |        max-cap        |  max-fanout |  max-length |       setup       |        |        |        |       |          |         |
+-------------------------------------------------------------------------------------------------------------------------------------------------------+
| nets | terms|  wViol  | nets | terms|  wViol  | nets | terms| nets | terms|   WNS   |   TNS   |  #Buf  |  #Inv  | #Resize|Density|   Real   |   Mem   |
+-------------------------------------------------------------------------------------------------------------------------------------------------------+
|    12|    88|    -0.31|     9|     9|    -0.61|   265|   265|     0|     0|    -0.76|  -164.22|       0|       0|       0| 25.94%|          |         |
|     1|     7|    -0.01|     5|     5|    -0.61|   266|   266|     0|     0|    -0.76|  -154.57|       6|       0|      11| 25.95%| 0:00:01.0|  2817.7M|
|     1|     7|    -0.01|     5|     5|    -0.61|   266|   266|     0|     0|    -0.76|  -154.57|       0|       0|       0| 25.95%| 0:00:00.0|  2817.7M|
+-------------------------------------------------------------------------------------------------------------------------------------------------------+
Bottom Preferred Layer:
+-----------+------------+----------+
|   Layer   |   OPT_LA   |   Rule   |
+-----------+------------+----------+
| M8 (z=8)  |          1 | default  |
+-----------+------------+----------+
Via Pillar Rule:
    None


=======================================================================
                Reasons for remaining drv violations
=======================================================================
*info: Total 6 net(s) have violations which can't be fixed by DRV optimization.

MultiBuffering failure reasons
------------------------------------------------
*info:     5 net(s): Could not be fixed because the net has unplaced term or invalid term for routing.
*info:     1 net(s): Could not be fixed as the net is considered as IPO ignored by the process.


*** Finish DRV Fixing (cpu=0:00:00.8 real=0:00:01.0 mem=2817.7M) ***

*** Starting place_detail (0:02:11 mem=2777.7M) ***
Total net bbox length = 2.951e+05 (1.654e+05 1.297e+05) (ext = 5.130e+04)
Move report: Detail placement moves 5 insts, mean move: 0.92 um, max move: 1.80 um 
	Max move on inst (FE_OFC848_n_45321): (-112.60, 159.80) --> (-114.40, 159.80)
	Runtime: CPU: 0:00:00.1 REAL: 0:00:00.0 MEM: 2761.7MB
Summary Report:
Instances move: 5 (out of 8129 movable)
Instances flipped: 0
Mean displacement: 0.92 um
Max displacement: 1.80 um (Instance: FE_OFC848_n_45321) (-112.6, 159.8) -> (-114.4, 159.8)
	Length: 4 sites, height: 1 rows, site name: core, cell type: CKBD1
Total net bbox length = 2.951e+05 (1.654e+05 1.297e+05) (ext = 5.130e+04)
Runtime: CPU: 0:00:00.1 REAL: 0:00:00.0 MEM: 2761.7MB
*** Finished place_detail (0:02:11 mem=2761.7M) ***
*** maximum move = 1.80 um ***
*** Finished re-routing un-routed nets (2761.7M) ***

*** Finish Physical Update (cpu=0:00:00.2 real=0:00:00.0 mem=2777.7M) ***
*** DrvOpt #3 [finish] (place_opt_design #1) : cpu/real = 0:00:01.8/0:00:01.7 (1.0), totSession cpu/real = 0:02:11.2/0:18:52.1 (0.1), mem = 2697.6M
End: GigaOpt DRV Optimization
GigaOpt DRV: restore maxLocalDensity to 0.98

------------------------------------------------------------------
     Summary (cpu=0.03min real=0.03min mem=2697.6M)
------------------------------------------------------------------

Setup views included:
 view_func_setup 

+--------------------+---------+---------+---------+
|     Setup mode     |   all   | reg2reg | default |
+--------------------+---------+---------+---------+
|           WNS (ns):| -0.757  |  1.570  | -0.757  |
|           TNS (ns):|-154.566 |  0.000  |-154.566 |
|    Violating Paths:|   878   |    0    |   878   |
|          All Paths:|  1158   |  1024   |  1158   |
+--------------------+---------+---------+---------+

+----------------+-------------------------------+------------------+
|                |              Real             |       Total      |
|    DRVs        +------------------+------------+------------------|
|                |  Nr nets(terms)  | Worst Vio  |  Nr nets(terms)  |
+----------------+------------------+------------+------------------+
|   max_cap      |      4 (4)       |   -0.573   |      4 (4)       |
|   max_tran     |      0 (0)       |   0.000    |      0 (0)       |
|   max_fanout   |    265 (265)     |    -310    |    267 (267)     |
|   max_length   |      0 (0)       |     0      |      0 (0)       |
+----------------+------------------+------------+------------------+

Density: 25.950%
Routing Overflow: 0.00% H and 0.00% V
------------------------------------------------------------------
**opt_design ... cpu = 0:01:03, real = 0:01:03, mem = 2423.6M, totSessionCpu=0:02:11 **
*** Timing NOT met, worst failing slack is -0.757
*** Check timing (0:00:00.0)
Begin: GigaOpt Optimization in WNS mode
GigaOpt Checkpoint: Internal optTiming -maxLocalDensity 1.0 -maxLocalDensityForHardenOpt 0.92 -numThreads 1 -preCTS -wtns -integratedAreaOpt -pgMode all -ipoTgtSlackCoef 1.5 -effTgtSlackCoef 1 -nativePathGroupFlow -NDROptEffortAuto -usefulSkew -nonLegalPlaceEcoBumpRecoveryInWNSOpt
Info: 3 ideal nets excluded from IPO operation.
Info: 1 clock net  excluded from IPO operation.
*** WnsOpt #1 [begin] (place_opt_design #1) : totSession cpu/real = 0:02:11.3/0:18:52.2 (0.1), mem = 2697.8M
*info: 1 clock net excluded
*info: 3 ideal nets excluded from IPO operation.
** GigaOpt Optimizer WNS Slack -0.757 TNS Slack -154.567 Density 25.95
OptDebug: Start of Optimizer WNS Pass 0:
+----------+------+--------+
|Path Group|   WNS|     TNS|
+----------+------+--------+
|default   |-0.757|-154.567|
|reg2reg   | 1.569|   0.000|
|HEPG      | 1.569|   0.000|
|All Paths |-0.757|-154.567|
+----------+------+--------+

Active Path Group: default 
+--------+---------+--------+---------+---------+------------+--------+---------------+---------+---------------------------------------+
|  WNS   | All WNS |  TNS   | All TNS | Density |    Real    |  Mem   |  Worst View   |Pathgroup|               End Point               |
+--------+---------+--------+---------+---------+------------+--------+---------------+---------+---------------------------------------+
|  -0.757|   -0.757|-154.567| -154.567|   25.95%|   0:00:00.0| 2755.0M|view_func_setup|  default| alu_result[26]                        |
|  -0.714|   -0.714|-121.735| -121.735|   25.96%|   0:00:00.0| 2778.6M|view_func_setup|  default| alu_result[24]                        |
|  -0.646|   -0.646| -84.658|  -84.658|   25.96%|   0:00:00.0| 2780.1M|view_func_setup|  default| alu_result[24]                        |
|  -0.618|   -0.618| -84.436|  -84.436|   25.97%|   0:00:01.0| 2780.1M|view_func_setup|  default| alu_result[26]                        |
|  -0.604|   -0.604| -82.427|  -82.427|   25.98%|   0:00:00.0| 2799.2M|view_func_setup|  default| alu_result[29]                        |
|  -0.587|   -0.587| -70.307|  -70.307|   25.99%|   0:00:00.0| 2799.2M|view_func_setup|  default| dmem_write_mask[1]                    |
|  -0.578|   -0.578| -58.368|  -58.368|   26.01%|   0:00:00.0| 2799.2M|view_func_setup|  default| alu_result[20]                        |
|  -0.566|   -0.566| -57.435|  -57.435|   26.02%|   0:00:00.0| 2818.3M|view_func_setup|  default| alu_result[24]                        |
|  -0.550|   -0.550| -40.133|  -40.133|   26.03%|   0:00:00.0| 2818.3M|view_func_setup|  default| alu_result[24]                        |
|  -0.539|   -0.539| -39.197|  -39.197|   26.05%|   0:00:01.0| 2951.8M|view_func_setup|  default| alu_result[24]                        |
|  -0.531|   -0.531| -35.018|  -35.018|   26.08%|   0:00:00.0| 2951.8M|view_func_setup|  default| dmem_write_mask[1]                    |
|  -0.526|   -0.526| -29.948|  -29.948|   26.12%|   0:00:00.0| 2951.8M|view_func_setup|  default| alu_result[24]                        |
|  -0.521|   -0.521| -29.767|  -29.767|   26.14%|   0:00:00.0| 2951.8M|view_func_setup|  default| alu_result[27]                        |
|  -0.507|   -0.507| -29.644|  -29.644|   26.16%|   0:00:01.0| 2951.8M|view_func_setup|  default| alu_result[20]                        |
|  -0.504|   -0.504| -27.268|  -27.268|   26.19%|   0:00:00.0| 2951.8M|view_func_setup|  default| alu_result[26]                        |
|  -0.490|   -0.490| -27.129|  -27.129|   26.19%|   0:00:00.0| 2951.8M|view_func_setup|  default| alu_result[13]                        |
|  -0.487|   -0.487| -26.945|  -26.945|   26.24%|   0:00:00.0| 2951.8M|view_func_setup|  default| alu_result[30]                        |
|  -0.474|   -0.474| -26.458|  -26.458|   26.26%|   0:00:00.0| 2951.8M|view_func_setup|  default| alu_result[26]                        |
|  -0.464|   -0.464| -26.150|  -26.150|   26.33%|   0:00:01.0| 2951.8M|view_func_setup|  default| alu_result[12]                        |
|  -0.454|   -0.454| -25.122|  -25.122|   26.40%|   0:00:00.0| 2951.8M|view_func_setup|  default| dmem_write_mask[1]                    |
|  -0.445|   -0.445| -24.708|  -24.708|   26.48%|   0:00:01.0| 2951.8M|view_func_setup|  default| alu_result[21]                        |
|  -0.439|   -0.439| -23.802|  -23.802|   26.55%|   0:00:00.0| 2951.8M|view_func_setup|  default| alu_result[11]                        |
|  -0.426|   -0.426| -23.470|  -23.470|   26.59%|   0:00:00.0| 2951.8M|view_func_setup|  default| alu_result[28]                        |
|  -0.427|   -0.427| -22.602|  -22.602|   26.67%|   0:00:01.0| 2961.3M|view_func_setup|  default| alu_result[30]                        |
|  -0.418|   -0.418| -22.132|  -22.132|   26.69%|   0:00:00.0| 2961.3M|view_func_setup|  default| alu_result[29]                        |
|  -0.412|   -0.412| -21.186|  -21.186|   26.77%|   0:00:01.0| 2961.3M|view_func_setup|  default| dmem_write_mask[1]                    |
|  -0.412|   -0.412| -20.561|  -20.561|   26.80%|   0:00:00.0| 2961.3M|view_func_setup|  default| dmem_write_mask[1]                    |
|  -0.399|   -0.399| -20.301|  -20.301|   26.81%|   0:00:00.0| 2961.3M|view_func_setup|  default| alu_result[26]                        |
|  -0.393|   -0.393| -20.057|  -20.057|   26.85%|   0:00:01.0| 2961.3M|view_func_setup|  default| dmem_write_mask[1]                    |
|  -0.384|   -0.384| -19.447|  -19.447|   26.89%|   0:00:00.0| 2961.3M|view_func_setup|  default| alu_result[26]                        |
|  -0.377|   -0.377| -18.793|  -18.793|   26.98%|   0:00:01.0| 2961.3M|view_func_setup|  default| alu_result[29]                        |
|  -0.374|   -0.374| -18.177|  -18.177|   27.07%|   0:00:00.0| 2961.3M|view_func_setup|  default| alu_result[26]                        |
|  -0.367|   -0.367| -18.056|  -18.056|   27.09%|   0:00:01.0| 2961.3M|view_func_setup|  default| alu_result[29]                        |
|  -0.364|   -0.364| -17.976|  -17.976|   27.13%|   0:00:00.0| 2961.3M|view_func_setup|  default| alu_result[30]                        |
|  -0.360|   -0.360| -17.908|  -17.908|   27.16%|   0:00:00.0| 2961.3M|view_func_setup|  default| dmem_write_mask[1]                    |
|  -0.353|   -0.353| -17.368|  -17.368|   27.20%|   0:00:01.0| 2961.3M|view_func_setup|  default| alu_result[28]                        |
|  -0.352|   -0.352| -16.681|  -16.681|   27.27%|   0:00:00.0| 2961.3M|view_func_setup|  default| alu_result[28]                        |
|  -0.354|   -0.354| -16.657|  -16.657|   27.55%|   0:00:02.0| 2961.3M|view_func_setup|  default| alu_result[28]                        |
|  -0.354|   -0.354| -16.621|  -16.621|   27.67%|   0:00:01.0| 2961.3M|view_func_setup|  default| alu_result[28]                        |
|  -0.354|   -0.354| -16.624|  -16.624|   27.76%|   0:00:01.0| 2961.3M|view_func_setup|  default| alu_result[28]                        |
+--------+---------+--------+---------+---------+------------+--------+---------------+---------+---------------------------------------+

*** Finish Core Optimize Step (cpu=0:00:14.3 real=0:00:15.0 mem=2961.3M) ***

*** Finished Optimize Step Cumulative (cpu=0:00:14.3 real=0:00:15.0 mem=2961.3M) ***
OptDebug: End of Optimizer WNS Pass 0:
+----------+------+-------+
|Path Group|   WNS|    TNS|
+----------+------+-------+
|default   |-0.354|-16.624|
|reg2reg   | 1.709|  0.000|
|HEPG      | 1.709|  0.000|
|All Paths |-0.354|-16.624|
+----------+------+-------+

** GigaOpt Optimizer WNS Slack -0.354 TNS Slack -16.624 Density 27.76
Begin: Area Reclaim Optimization
*** AreaOpt #2 [begin] (WnsOpt #1 / place_opt_design #1) : totSession cpu/real = 0:02:26.8/0:19:07.8 (0.1), mem = 2961.3M
Reclaim Optimization WNS Slack -0.354  TNS Slack -16.624 Density 27.76
+---------+---------+--------+--------+------------+--------+
| Density | Commits |  WNS   |  TNS   |    Real    |  Mem   |
+---------+---------+--------+--------+------------+--------+
|   27.76%|        -|  -0.354| -16.624|   0:00:00.0| 2961.3M|
|   27.76%|        2|  -0.354| -15.642|   0:00:00.0| 2961.3M|
|   27.76%|        0|  -0.354| -15.642|   0:00:00.0| 2961.3M|
+---------+---------+--------+--------+------------+--------+
Reclaim Optimization End WNS Slack -0.354  TNS Slack -15.642 Density 27.76
Bottom Preferred Layer:
+-----------+------------+----------+
|   Layer   |   OPT_LA   |   Rule   |
+-----------+------------+----------+
| M8 (z=8)  |         23 | default  |
+-----------+------------+----------+
Via Pillar Rule:
    None

Number of times islegalLocAvaiable called = 0 skipped = 0, called in commitmove = 0, skipped in commitmove = 0
End: Core Area Reclaim Optimization (cpu = 0:00:00.3) (real = 0:00:00.0) **
*** AreaOpt #2 [finish] (WnsOpt #1 / place_opt_design #1) : cpu/real = 0:00:00.3/0:00:00.3 (1.0), totSession cpu/real = 0:02:27.1/0:19:08.1 (0.1), mem = 2961.3M
End: Area Reclaim Optimization (cpu=0:00:00, real=0:00:00, mem=2790.35M, totSessionCpu=0:02:27).
*** Starting place_detail (0:02:27 mem=2790.3M) ***
Total net bbox length = 3.008e+05 (1.683e+05 1.325e+05) (ext = 5.129e+04)

Starting Small incrNP...
Skipped incrNP (cpu=0:00:00.0, real=0:00:00.0, mem=2790.3M)
End of Small incrNP (cpu=0:00:00.0, real=0:00:00.0)
Move report: Detail placement moves 488 insts, mean move: 0.70 um, max move: 2.80 um 
	Max move on inst (g201740): (129.00, -11.20) --> (130.00, -9.40)
	Runtime: CPU: 0:00:00.1 REAL: 0:00:00.0 MEM: 2790.3MB
Summary Report:
Instances move: 488 (out of 8243 movable)
Instances flipped: 0
Mean displacement: 0.70 um
Max displacement: 2.80 um (Instance: g201740) (129, -11.2) -> (130, -9.4)
	Length: 12 sites, height: 1 rows, site name: core, cell type: ND2D4
Total net bbox length = 3.009e+05 (1.684e+05 1.326e+05) (ext = 5.129e+04)
Runtime: CPU: 0:00:00.1 REAL: 0:00:00.0 MEM: 2790.3MB
*** Finished place_detail (0:02:27 mem=2790.3M) ***
*** maximum move = 2.80 um ***
*** Finished re-routing un-routed nets (2790.3M) ***

*** Finish Physical Update (cpu=0:00:00.2 real=0:00:00.0 mem=2790.3M) ***
** GigaOpt Optimizer WNS Slack -0.354 TNS Slack -15.642 Density 27.76
OptDebug: Start of Optimizer WNS Pass 1:
+----------+------+-------+
|Path Group|   WNS|    TNS|
+----------+------+-------+
|default   |-0.354|-15.642|
|reg2reg   | 1.752|  0.000|
|HEPG      | 1.752|  0.000|
|All Paths |-0.354|-15.642|
+----------+------+-------+

Active Path Group: default 
+--------+---------+--------+---------+---------+------------+--------+---------------+---------+---------------------------------------+
|  WNS   | All WNS |  TNS   | All TNS | Density |    Real    |  Mem   |  Worst View   |Pathgroup|               End Point               |
+--------+---------+--------+---------+---------+------------+--------+---------------+---------+---------------------------------------+
|  -0.354|   -0.354| -15.642|  -15.642|   27.76%|   0:00:00.0| 2790.3M|view_func_setup|  default| alu_result[28]                        |
|  -0.334|   -0.334| -14.899|  -14.899|   27.84%|   0:00:02.0| 2943.0M|view_func_setup|  default| alu_result[11]                        |
|  -0.330|   -0.330| -14.413|  -14.413|   27.90%|   0:00:01.0| 2943.0M|view_func_setup|  default| alu_result[28]                        |
|  -0.324|   -0.324| -14.332|  -14.332|   27.92%|   0:00:00.0| 2943.0M|view_func_setup|  default| alu_result[11]                        |
|  -0.321|   -0.321| -14.351|  -14.351|   27.99%|   0:00:01.0| 2943.0M|view_func_setup|  default| dmem_write_mask[1]                    |
|  -0.319|   -0.319| -14.553|  -14.553|   28.02%|   0:00:01.0| 2943.0M|view_func_setup|  default| alu_result[19]                        |
|  -0.315|   -0.315| -14.224|  -14.224|   28.08%|   0:00:00.0| 2943.0M|view_func_setup|  default| alu_result[29]                        |
|  -0.314|   -0.314| -14.008|  -14.008|   28.13%|   0:00:01.0| 2943.0M|view_func_setup|  default| alu_result[29]                        |
|  -0.312|   -0.312| -13.981|  -13.981|   28.20%|   0:00:01.0| 2943.0M|view_func_setup|  default| alu_result[29]                        |
|  -0.306|   -0.306| -13.808|  -13.808|   28.27%|   0:00:01.0| 2943.0M|view_func_setup|  default| alu_result[29]                        |
|  -0.305|   -0.305| -13.762|  -13.762|   28.33%|   0:00:00.0| 2943.0M|view_func_setup|  default| alu_result[24]                        |
|  -0.306|   -0.306| -13.674|  -13.674|   28.36%|   0:00:00.0| 2943.0M|view_func_setup|  default| alu_result[30]                        |
|  -0.305|   -0.305| -13.721|  -13.721|   28.36%|   0:00:01.0| 2943.0M|view_func_setup|  default| alu_result[30]                        |
|  -0.301|   -0.301| -13.703|  -13.703|   28.36%|   0:00:00.0| 2943.0M|view_func_setup|  default| alu_result[24]                        |
|  -0.299|   -0.299| -14.304|  -14.304|   28.41%|   0:00:01.0| 2943.0M|view_func_setup|  default| alu_result[0]                         |
|  -0.295|   -0.295| -13.738|  -13.738|   28.42%|   0:00:00.0| 2943.0M|view_func_setup|  default| alu_result[28]                        |
|  -0.292|   -0.292| -13.582|  -13.582|   28.46%|   0:00:01.0| 2943.0M|view_func_setup|  default| alu_result[30]                        |
|  -0.289|   -0.289| -13.259|  -13.259|   28.50%|   0:00:00.0| 2943.0M|view_func_setup|  default| alu_result[31]                        |
|  -0.285|   -0.285| -13.221|  -13.221|   28.55%|   0:00:01.0| 2943.0M|view_func_setup|  default| dmem_write_mask[1]                    |
|  -0.284|   -0.284| -13.165|  -13.165|   28.59%|   0:00:01.0| 2943.0M|view_func_setup|  default| alu_result[24]                        |
|  -0.282|   -0.282| -13.078|  -13.078|   28.61%|   0:00:01.0| 2943.0M|view_func_setup|  default| dmem_write_mask[1]                    |
|  -0.281|   -0.281| -12.564|  -12.564|   28.66%|   0:00:00.0| 2943.0M|view_func_setup|  default| alu_result[29]                        |
|  -0.279|   -0.279| -12.488|  -12.488|   28.71%|   0:00:01.0| 2943.0M|view_func_setup|  default| alu_result[31]                        |
|  -0.279|   -0.279| -12.479|  -12.479|   28.75%|   0:00:00.0| 2943.0M|view_func_setup|  default| alu_result[31]                        |
|  -0.274|   -0.274| -12.438|  -12.438|   28.76%|   0:00:00.0| 2943.0M|view_func_setup|  default| alu_result[31]                        |
|  -0.268|   -0.268| -12.078|  -12.078|   28.84%|   0:00:01.0| 2943.0M|view_func_setup|  default| alu_result[24]                        |
|  -0.267|   -0.267| -11.865|  -11.865|   28.93%|   0:00:01.0| 2943.0M|view_func_setup|  default| alu_result[30]                        |
|  -0.265|   -0.265| -11.775|  -11.775|   28.98%|   0:00:01.0| 2943.0M|view_func_setup|  default| alu_result[31]                        |
|  -0.262|   -0.262| -11.472|  -11.472|   29.06%|   0:00:01.0| 2943.0M|view_func_setup|  default| alu_result[24]                        |
|  -0.257|   -0.257| -11.361|  -11.361|   29.12%|   0:00:00.0| 2943.0M|view_func_setup|  default| dmem_write_mask[1]                    |
|  -0.253|   -0.253| -11.119|  -11.119|   29.22%|   0:00:01.0| 2943.0M|view_func_setup|  default| alu_result[24]                        |
|  -0.251|   -0.251| -10.902|  -10.902|   29.31%|   0:00:01.0| 2943.0M|view_func_setup|  default| alu_result[24]                        |
|  -0.251|   -0.251| -10.778|  -10.778|   29.38%|   0:00:01.0| 2943.0M|view_func_setup|  default| alu_result[31]                        |
|  -0.250|   -0.250| -10.766|  -10.766|   29.43%|   0:00:01.0| 2943.0M|view_func_setup|  default| alu_result[27]                        |
|  -0.249|   -0.249| -10.738|  -10.738|   29.45%|   0:00:00.0| 2943.0M|view_func_setup|  default| alu_result[24]                        |
|  -0.245|   -0.245| -10.666|  -10.666|   29.49%|   0:00:00.0| 2943.0M|view_func_setup|  default| alu_result[24]                        |
|  -0.244|   -0.244| -10.642|  -10.642|   29.56%|   0:00:01.0| 2943.0M|view_func_setup|  default| alu_result[31]                        |
|  -0.243|   -0.243| -12.629|  -12.629|   29.64%|   0:00:00.0| 2943.0M|view_func_setup|  default| alu_result[31]                        |
|  -0.243|   -0.243| -12.535|  -12.535|   29.67%|   0:00:01.0| 2943.0M|view_func_setup|  default| alu_result[24]                        |
|  -0.242|   -0.242| -12.534|  -12.534|   29.70%|   0:00:01.0| 2943.0M|view_func_setup|  default| dmem_write_mask[1]                    |
|  -0.240|   -0.240| -12.507|  -12.507|   29.71%|   0:00:00.0| 2943.0M|view_func_setup|  default| alu_result[31]                        |
|  -0.237|   -0.237| -12.466|  -12.466|   29.78%|   0:00:00.0| 2943.0M|view_func_setup|  default| dmem_write_mask[1]                    |
|  -0.234|   -0.234| -12.281|  -12.281|   29.87%|   0:00:01.0| 2943.0M|view_func_setup|  default| alu_result[24]                        |
|  -0.232|   -0.232| -12.206|  -12.206|   29.97%|   0:00:01.0| 2943.0M|view_func_setup|  default| alu_result[31]                        |
|  -0.230|   -0.230| -11.551|  -11.551|   30.05%|   0:00:02.0| 2943.0M|view_func_setup|  default| alu_result[24]                        |
|  -0.230|   -0.230| -11.385|  -11.385|   30.11%|   0:00:01.0| 2943.0M|view_func_setup|  default| alu_result[24]                        |
|  -0.232|   -0.232| -11.092|  -11.092|   30.48%|   0:00:04.0| 2943.0M|view_func_setup|  default| alu_result[24]                        |
|  -0.231|   -0.231| -11.088|  -11.088|   30.69%|   0:00:03.0| 2943.0M|view_func_setup|  default| dmem_write_mask[1]                    |
|  -0.229|   -0.229| -10.967|  -10.967|   30.70%|   0:00:00.0| 2943.0M|view_func_setup|  default| alu_result[31]                        |
|  -0.230|   -0.230| -10.960|  -10.960|   30.72%|   0:00:01.0| 2943.0M|view_func_setup|  default| alu_result[24]                        |
|  -0.229|   -0.229| -10.950|  -10.950|   30.72%|   0:00:00.0| 2943.0M|view_func_setup|  default| alu_result[31]                        |
|  -0.229|   -0.229| -10.935|  -10.935|   30.73%|   0:00:00.0| 2943.0M|view_func_setup|  default| alu_result[31]                        |
|  -0.224|   -0.224| -10.900|  -10.900|   30.96%|   0:00:02.0| 2943.0M|view_func_setup|  default| alu_result[24]                        |
|  -0.223|   -0.223| -10.947|  -10.947|   31.00%|   0:00:01.0| 2943.0M|view_func_setup|  default| alu_result[30]                        |
|  -0.221|   -0.221| -10.905|  -10.905|   31.01%|   0:00:00.0| 2943.0M|view_func_setup|  default| alu_result[31]                        |
|  -0.220|   -0.220| -10.812|  -10.812|   31.01%|   0:00:01.0| 2943.0M|view_func_setup|  default| alu_result[31]                        |
|  -0.220|   -0.220| -10.806|  -10.806|   31.02%|   0:00:00.0| 2943.0M|view_func_setup|  default| dmem_write_mask[1]                    |
|  -0.217|   -0.217| -10.731|  -10.731|   31.03%|   0:00:01.0| 2943.0M|view_func_setup|  default| alu_result[28]                        |
|  -0.216|   -0.216| -10.688|  -10.688|   31.04%|   0:00:00.0| 2943.0M|view_func_setup|  default| alu_result[31]                        |
|  -0.217|   -0.217| -10.681|  -10.681|   31.03%|   0:00:00.0| 2943.0M|view_func_setup|  default| alu_result[24]                        |
|  -0.214|   -0.214| -10.546|  -10.546|   31.30%|   0:00:03.0| 2943.0M|view_func_setup|  default| alu_result[31]                        |
|  -0.211|   -0.211| -10.527|  -10.527|   31.31%|   0:00:00.0| 2943.0M|view_func_setup|  default| alu_result[24]                        |
|  -0.211|   -0.211| -10.496|  -10.496|   31.32%|   0:00:02.0| 2943.0M|view_func_setup|  default| alu_result[31]                        |
|  -0.210|   -0.210| -10.505|  -10.505|   31.33%|   0:00:00.0| 2943.0M|view_func_setup|  default| alu_result[24]                        |
|  -0.208|   -0.208|  -9.931|   -9.931|   31.35%|   0:00:01.0| 2943.0M|view_func_setup|  default| alu_result[31]                        |
|  -0.206|   -0.206|  -9.910|   -9.910|   31.36%|   0:00:01.0| 2943.0M|view_func_setup|  default| alu_result[24]                        |
|  -0.206|   -0.206|  -9.878|   -9.878|   31.36%|   0:00:01.0| 2943.0M|view_func_setup|  default| alu_result[31]                        |
|  -0.204|   -0.204|  -9.825|   -9.825|   31.38%|   0:00:01.0| 2943.0M|view_func_setup|  default| alu_result[31]                        |
|  -0.204|   -0.204|  -9.445|   -9.445|   31.40%|   0:00:02.0| 2943.0M|view_func_setup|  default| dmem_write_mask[1]                    |
|  -0.204|   -0.204|  -9.352|   -9.352|   31.61%|   0:00:04.0| 2943.0M|view_func_setup|  default| dmem_write_mask[1]                    |
|  -0.204|   -0.204|  -9.312|   -9.312|   31.77%|   0:00:01.0| 2943.0M|view_func_setup|  default| dmem_write_mask[1]                    |
|  -0.203|   -0.203|  -9.339|   -9.339|   31.77%|   0:00:00.0| 2943.0M|view_func_setup|  default| alu_result[31]                        |
|  -0.201|   -0.201|  -9.291|   -9.291|   31.78%|   0:00:01.0| 2943.0M|view_func_setup|  default| alu_result[24]                        |
|  -0.201|   -0.201|  -9.367|   -9.367|   31.80%|   0:00:01.0| 2943.0M|view_func_setup|  default| alu_result[31]                        |
|  -0.202|   -0.202|  -9.331|   -9.331|   31.94%|   0:00:03.0| 2943.0M|view_func_setup|  default| alu_result[24]                        |
|  -0.202|   -0.202|  -9.307|   -9.307|   32.03%|   0:00:02.0| 2943.0M|view_func_setup|  default| alu_result[24]                        |
|  -0.202|   -0.202|  -9.282|   -9.282|   32.03%|   0:00:00.0| 2943.0M|view_func_setup|  default| alu_result[24]                        |
|  -0.202|   -0.202|  -9.276|   -9.276|   32.17%|   0:00:02.0| 2943.0M|view_func_setup|  default| alu_result[24]                        |
|  -0.202|   -0.202|  -9.280|   -9.280|   32.25%|   0:00:01.0| 2943.0M|view_func_setup|  default| alu_result[24]                        |
+--------+---------+--------+---------+---------+------------+--------+---------------+---------+---------------------------------------+

*** Finish Core Optimize Step (cpu=0:01:09 real=0:01:10 mem=2943.0M) ***

*** Finished Optimize Step Cumulative (cpu=0:01:09 real=0:01:10 mem=2943.0M) ***
OptDebug: End of Optimizer WNS Pass 1:
+----------+------+------+
|Path Group|   WNS|   TNS|
+----------+------+------+
|default   |-0.202|-9.280|
|reg2reg   | 1.643| 0.000|
|HEPG      | 1.643| 0.000|
|All Paths |-0.202|-9.280|
+----------+------+------+

** GigaOpt Optimizer WNS Slack -0.202 TNS Slack -9.280 Density 32.25
Begin: Area Reclaim Optimization
*** AreaOpt #3 [begin] (WnsOpt #1 / place_opt_design #1) : totSession cpu/real = 0:03:36.5/0:20:17.7 (0.2), mem = 2943.0M
Reclaim Optimization WNS Slack -0.202  TNS Slack -9.280 Density 32.25
+---------+---------+--------+--------+------------+--------+
| Density | Commits |  WNS   |  TNS   |    Real    |  Mem   |
+---------+---------+--------+--------+------------+--------+
|   32.25%|        -|  -0.202|  -9.280|   0:00:00.0| 2943.0M|
|   32.19%|       30|  -0.202|  -9.264|   0:00:00.0| 2943.0M|
|   32.19%|        0|  -0.202|  -9.264|   0:00:00.0| 2943.0M|
+---------+---------+--------+--------+------------+--------+
Reclaim Optimization End WNS Slack -0.202  TNS Slack -9.264 Density 32.19
Bottom Preferred Layer:
+-----------+------------+----------+
|   Layer   |   OPT_LA   |   Rule   |
+-----------+------------+----------+
| M8 (z=8)  |         77 | default  |
+-----------+------------+----------+
Via Pillar Rule:
    None

Number of times islegalLocAvaiable called = 0 skipped = 0, called in commitmove = 0, skipped in commitmove = 0
End: Core Area Reclaim Optimization (cpu = 0:00:00.7) (real = 0:00:00.0) **
*** AreaOpt #3 [finish] (WnsOpt #1 / place_opt_design #1) : cpu/real = 0:00:00.7/0:00:00.7 (1.0), totSession cpu/real = 0:03:37.2/0:20:18.4 (0.2), mem = 2943.0M
End: Area Reclaim Optimization (cpu=0:00:01, real=0:00:00, mem=2838.97M, totSessionCpu=0:03:37).
*** Starting place_detail (0:03:37 mem=2837.0M) ***
Total net bbox length = 3.112e+05 (1.741e+05 1.371e+05) (ext = 5.118e+04)

Starting Small incrNP...
Skipped incrNP (cpu=0:00:00.0, real=0:00:00.0, mem=2837.0M)
End of Small incrNP (cpu=0:00:00.0, real=0:00:00.0)
Move report: Detail placement moves 2082 insts, mean move: 0.79 um, max move: 3.80 um 
	Max move on inst (g203322): (20.60, -99.40) --> (18.60, -101.20)
	Runtime: CPU: 0:00:00.2 REAL: 0:00:01.0 MEM: 2821.0MB
Summary Report:
Instances move: 2082 (out of 9072 movable)
Instances flipped: 31
Mean displacement: 0.79 um
Max displacement: 3.80 um (Instance: g203322) (20.6, -99.4) -> (18.6, -101.2)
	Length: 18 sites, height: 1 rows, site name: core, cell type: AOI21D4
Total net bbox length = 3.124e+05 (1.748e+05 1.376e+05) (ext = 5.118e+04)
Runtime: CPU: 0:00:00.2 REAL: 0:00:01.0 MEM: 2821.0MB
*** Finished place_detail (0:03:37 mem=2821.0M) ***
*** maximum move = 3.80 um ***
*** Finished re-routing un-routed nets (2821.0M) ***

*** Finish Physical Update (cpu=0:00:00.3 real=0:00:01.0 mem=2837.0M) ***
** GigaOpt Optimizer WNS Slack -0.202 TNS Slack -9.264 Density 32.19
OptDebug: End of Setup Fixing:
+----------+------+------+
|Path Group|   WNS|   TNS|
+----------+------+------+
|default   |-0.202|-9.264|
|reg2reg   | 1.643| 0.000|
|HEPG      | 1.643| 0.000|
|All Paths |-0.202|-9.264|
+----------+------+------+

Bottom Preferred Layer:
+-----------+------------+----------+
|   Layer   |   OPT_LA   |   Rule   |
+-----------+------------+----------+
| M8 (z=8)  |         77 | default  |
+-----------+------------+----------+
Via Pillar Rule:
    None

*** Finish pre-CTS Setup Fixing (cpu=0:01:26 real=0:01:26 mem=2837.0M) ***

*** WnsOpt #1 [finish] (place_opt_design #1) : cpu/real = 0:01:26.2/0:01:26.6 (1.0), totSession cpu/real = 0:03:37.6/0:20:18.8 (0.2), mem = 2752.9M
End: GigaOpt Optimization in WNS mode
*** Timing NOT met, worst failing slack is -0.202
*** Check timing (0:00:00.0)
Begin: GigaOpt Optimization in TNS mode
GigaOpt Checkpoint: Internal optTiming -allEndPoints -maxLocalDensity 0.95 -maxLocalDensityForHardenOpt 0.92 -numThreads 1 -preCTS -pgMode all -nativePathGroupFlow -wtns -nonLegalPlaceEcoBumpRecoveryInTNSOpt -NDROptEffortAuto -ipoTgtSlackCoef 1.5 -effTgtSlackCoef 1
Info: 3 ideal nets excluded from IPO operation.
Info: 1 clock net  excluded from IPO operation.
*** TnsOpt #1 [begin] (place_opt_design #1) : totSession cpu/real = 0:03:37.6/0:20:18.9 (0.2), mem = 2752.9M
*info: 1 clock net excluded
*info: 3 ideal nets excluded from IPO operation.
** GigaOpt Optimizer WNS Slack -0.202 TNS Slack -9.264 Density 32.19
OptDebug: Start of Optimizer TNS Pass:
+----------+------+------+
|Path Group|   WNS|   TNS|
+----------+------+------+
|default   |-0.202|-9.264|
|reg2reg   | 1.643| 0.000|
|HEPG      | 1.643| 0.000|
|All Paths |-0.202|-9.264|
+----------+------+------+

Active Path Group: default 
+--------+---------+--------+---------+---------+------------+--------+---------------+---------+---------------------------------------+
|  WNS   | All WNS |  TNS   | All TNS | Density |    Real    |  Mem   |  Worst View   |Pathgroup|               End Point               |
+--------+---------+--------+---------+---------+------------+--------+---------------+---------+---------------------------------------+
|  -0.202|   -0.202|  -9.264|   -9.264|   32.19%|   0:00:00.0| 2812.1M|view_func_setup|  default| alu_result[24]                        |
|  -0.195|   -0.195|  -8.576|   -8.576|   32.30%|   0:00:08.0| 2893.0M|view_func_setup|  default| alu_result[24]                        |
|  -0.193|   -0.193|  -8.462|   -8.462|   32.35%|   0:00:05.0| 2969.3M|view_func_setup|  default| alu_result[24]                        |
|  -0.193|   -0.193|  -8.427|   -8.427|   32.36%|   0:00:02.0| 2969.3M|view_func_setup|  default| alu_result[24]                        |
|  -0.193|   -0.193|  -8.426|   -8.426|   32.37%|   0:00:00.0| 2969.3M|view_func_setup|  default| alu_result[24]                        |
|  -0.193|   -0.193|  -8.419|   -8.419|   32.36%|   0:00:01.0| 2969.3M|view_func_setup|  default| alu_result[24]                        |
|  -0.193|   -0.193|  -8.331|   -8.331|   32.40%|   0:00:03.0| 2969.3M|view_func_setup|  default| alu_result[0]                         |
|  -0.193|   -0.193|  -8.322|   -8.322|   32.40%|   0:00:00.0| 2969.3M|view_func_setup|  default| alu_result[0]                         |
|  -0.193|   -0.193|  -8.228|   -8.228|   32.44%|   0:00:02.0| 2969.3M|view_func_setup|  default| dmem_write_mask[3]                    |
|  -0.193|   -0.193|  -8.215|   -8.215|   32.46%|   0:00:00.0| 3007.4M|view_func_setup|  default| dmem_write_mask[3]                    |
|  -0.193|   -0.193|  -8.206|   -8.206|   32.47%|   0:00:01.0| 3007.4M|view_func_setup|  default| dmem_write_mask[3]                    |
|  -0.193|   -0.193|  -8.122|   -8.122|   32.48%|   0:00:01.0| 3007.4M|view_func_setup|  default| alu_result[11]                        |
|  -0.193|   -0.193|  -8.109|   -8.109|   32.52%|   0:00:00.0| 3007.4M|view_func_setup|  default| alu_result[11]                        |
|  -0.193|   -0.193|  -8.092|   -8.092|   32.52%|   0:00:00.0| 3007.4M|view_func_setup|  default| alu_result[19]                        |
|  -0.193|   -0.193|  -6.664|   -6.664|   32.55%|   0:00:01.0| 3007.4M|view_func_setup|  default| alu_result[19]                        |
|  -0.193|   -0.193|  -6.657|   -6.657|   32.56%|   0:00:00.0| 3007.4M|view_func_setup|  default| alu_result[19]                        |
|  -0.193|   -0.193|  -6.635|   -6.635|   32.60%|   0:00:01.0| 3007.4M|view_func_setup|  default| alu_result[6]                         |
|  -0.193|   -0.193|  -6.629|   -6.629|   32.61%|   0:00:00.0| 3007.4M|view_func_setup|  default| alu_result[12]                        |
|  -0.193|   -0.193|  -5.731|   -5.731|   32.62%|   0:00:00.0| 3007.4M|view_func_setup|  default| alu_result[3]                         |
|  -0.193|   -0.193|  -5.714|   -5.714|   32.62%|   0:00:01.0| 3007.4M|view_func_setup|  default| alu_result[2]                         |
|  -0.193|   -0.193|  -5.701|   -5.701|   32.62%|   0:00:00.0| 3007.4M|view_func_setup|  default| alu_result[3]                         |
|  -0.193|   -0.193|  -5.676|   -5.676|   32.63%|   0:00:00.0| 3007.4M|view_func_setup|  default| alu_result[3]                         |
|  -0.193|   -0.193|  -5.668|   -5.668|   32.63%|   0:00:01.0| 3007.4M|view_func_setup|  default| alu_result[3]                         |
|  -0.193|   -0.193|  -5.661|   -5.661|   32.66%|   0:00:01.0| 3007.4M|view_func_setup|  default| alu_result[3]                         |
|  -0.193|   -0.193|  -5.337|   -5.337|   32.67%|   0:00:00.0| 3007.4M|view_func_setup|  default| pc_inst_pc_reg[2]/D                   |
|  -0.194|   -0.194|  -5.337|   -5.337|   32.67%|   0:00:00.0| 3007.4M|view_func_setup|  default| alu_result[24]                        |
+--------+---------+--------+---------+---------+------------+--------+---------------+---------+---------------------------------------+

*** Finish Core Optimize Step (cpu=0:00:28.6 real=0:00:28.0 mem=3007.4M) ***

*** Finished Optimize Step Cumulative (cpu=0:00:28.6 real=0:00:28.0 mem=3007.4M) ***
OptDebug: End of Optimizer TNS Pass:
+----------+------+------+
|Path Group|   WNS|   TNS|
+----------+------+------+
|default   |-0.194|-5.337|
|reg2reg   | 1.855| 0.000|
|HEPG      | 1.855| 0.000|
|All Paths |-0.194|-5.337|
+----------+------+------+

*** Starting place_detail (0:04:07 mem=2865.4M) ***
Total net bbox length = 3.140e+05 (1.756e+05 1.384e+05) (ext = 5.116e+04)

Starting Small incrNP...
Skipped incrNP (cpu=0:00:00.0, real=0:00:00.0, mem=2865.4M)
End of Small incrNP (cpu=0:00:00.0, real=0:00:00.0)
Move report: Detail placement moves 428 insts, mean move: 0.78 um, max move: 3.20 um 
	Max move on inst (FE_RC_755_0): (-107.60, 8.60) --> (-109.00, 6.80)
	Runtime: CPU: 0:00:00.2 REAL: 0:00:00.0 MEM: 2849.4MB
Summary Report:
Instances move: 428 (out of 9158 movable)
Instances flipped: 0
Mean displacement: 0.78 um
Max displacement: 3.20 um (Instance: FE_RC_755_0) (-107.6, 8.6) -> (-109, 6.8)
	Length: 18 sites, height: 1 rows, site name: core, cell type: AOI21D4
Total net bbox length = 3.142e+05 (1.758e+05 1.385e+05) (ext = 5.115e+04)
Runtime: CPU: 0:00:00.2 REAL: 0:00:00.0 MEM: 2849.4MB
*** Finished place_detail (0:04:07 mem=2849.4M) ***
*** maximum move = 3.20 um ***
*** Finished re-routing un-routed nets (2849.4M) ***

*** Finish Physical Update (cpu=0:00:00.3 real=0:00:01.0 mem=2865.4M) ***
** GigaOpt Optimizer WNS Slack -0.194 TNS Slack -5.336 Density 32.67
OptDebug: End of Setup Fixing:
+----------+------+------+
|Path Group|   WNS|   TNS|
+----------+------+------+
|default   |-0.194|-5.336|
|reg2reg   | 1.855| 0.000|
|HEPG      | 1.855| 0.000|
|All Paths |-0.194|-5.336|
+----------+------+------+

Bottom Preferred Layer:
+-----------+------------+----------+
|   Layer   |   OPT_LA   |   Rule   |
+-----------+------------+----------+
| M8 (z=8)  |         86 | default  |
+-----------+------------+----------+
Via Pillar Rule:
    None

*** Finish pre-CTS Setup Fixing (cpu=0:00:29.2 real=0:00:30.0 mem=2865.4M) ***

*** TnsOpt #1 [finish] (place_opt_design #1) : cpu/real = 0:00:29.9/0:00:29.9 (1.0), totSession cpu/real = 0:04:07.5/0:20:48.8 (0.2), mem = 2781.4M
End: GigaOpt Optimization in TNS mode
GigaOpt Checkpoint: Internal reclaim -noViewPrune -rebufferOnly -costCleanup -preRouteDontEndWithRefinePlaceIncrSteinerRouteDC -force -numThreads 1 -preCTS
Info: 3 ideal nets excluded from IPO operation.
Info: 1 clock net  excluded from IPO operation.
Begin: Area Reclaim Optimization
*** AreaOpt #4 [begin] (place_opt_design #1) : totSession cpu/real = 0:04:07.6/0:20:48.9 (0.2), mem = 2836.6M
Reclaim Optimization WNS Slack -0.194  TNS Slack -5.336 Density 32.67
+---------+---------+--------+--------+------------+--------+
| Density | Commits |  WNS   |  TNS   |    Real    |  Mem   |
+---------+---------+--------+--------+------------+--------+
|   32.67%|        -|  -0.194|  -5.336|   0:00:00.0| 2836.6M|
|   32.42%|      170|  -0.194|  -5.321|   0:00:17.0| 3016.4M|
+---------+---------+--------+--------+------------+--------+
Reclaim Optimization End WNS Slack -0.194  TNS Slack -5.321 Density 32.42
Bottom Preferred Layer:
+-----------+------------+----------+
|   Layer   |   OPT_LA   |   Rule   |
+-----------+------------+----------+
| M8 (z=8)  |         94 | default  |
+-----------+------------+----------+
Via Pillar Rule:
    None

Number of times islegalLocAvaiable called = 0 skipped = 0, called in commitmove = 0, skipped in commitmove = 0
End: Core Area Reclaim Optimization (cpu = 0:00:17.0) (real = 0:00:17.0) **
*** AreaOpt #4 [finish] (place_opt_design #1) : cpu/real = 0:00:17.0/0:00:17.0 (1.0), totSession cpu/real = 0:04:24.6/0:21:05.9 (0.2), mem = 3016.4M
End: Area Reclaim Optimization (cpu=0:00:17, real=0:00:17, mem=2788.36M, totSessionCpu=0:04:25).
GigaOpt Checkpoint: Internal reclaim -numThreads 1 -customPhyUpdate -noGCompAndPhase -ensureOneAreaReclaim -force -svrReclaim -rtrShortNets -allowDegradingShortNetRemoval -preCTS -tgtSlackMult 2 -wtns -noRouteTypeResizePolish -noViewPrune -nativePathGroupFlow
Info: 3 ideal nets excluded from IPO operation.
Info: 1 clock net  excluded from IPO operation.
Begin: Area Reclaim Optimization
*** AreaOpt #5 [begin] (place_opt_design #1) : totSession cpu/real = 0:04:24.6/0:21:06.0 (0.2), mem = 2845.6M
Reclaim Optimization WNS Slack -0.194  TNS Slack -5.321 Density 32.42
+---------+---------+--------+--------+------------+--------+
| Density | Commits |  WNS   |  TNS   |    Real    |  Mem   |
+---------+---------+--------+--------+------------+--------+
|   32.42%|        -|  -0.194|  -5.321|   0:00:00.0| 2845.6M|
|   32.42%|       13|  -0.194|  -5.317|   0:00:00.0| 2869.2M|
|   32.42%|        4|  -0.194|  -5.317|   0:00:01.0| 2869.2M|
|   31.58%|      867|  -0.192|  -5.542|   0:00:03.0| 2869.2M|
|   31.57%|       15|  -0.192|  -5.534|   0:00:00.0| 2869.2M|
|   31.57%|        0|  -0.192|  -5.534|   0:00:00.0| 2869.2M|
|   31.57%|       11|  -0.192|  -5.544|   0:00:00.0| 2869.2M|
+---------+---------+--------+--------+------------+--------+
Reclaim Optimization End WNS Slack -0.192  TNS Slack -5.544 Density 31.57
Bottom Preferred Layer:
+-----------+------------+----------+
|   Layer   |   OPT_LA   |   Rule   |
+-----------+------------+----------+
| M8 (z=8)  |         70 | default  |
+-----------+------------+----------+
Via Pillar Rule:
    None

Number of times islegalLocAvaiable called = 2487 skipped = 0, called in commitmove = 882, skipped in commitmove = 0
End: Core Area Reclaim Optimization (cpu = 0:00:04.6) (real = 0:00:04.0) **
*** Starting place_detail (0:04:29 mem=2867.2M) ***
Total net bbox length = 3.152e+05 (1.761e+05 1.390e+05) (ext = 5.115e+04)
Move report: Detail placement moves 154 insts, mean move: 1.25 um, max move: 3.80 um 
	Max move on inst (FE_OFC1291_FE_OCPN45439_n_42969): (-132.40, 14.00) --> (-134.40, 12.20)
	Runtime: CPU: 0:00:00.1 REAL: 0:00:01.0 MEM: 2854.2MB
Summary Report:
Instances move: 154 (out of 9101 movable)
Instances flipped: 0
Mean displacement: 1.25 um
Max displacement: 3.80 um (Instance: FE_OFC1291_FE_OCPN45439_n_42969) (-132.4, 14) -> (-134.4, 12.2)
	Length: 4 sites, height: 1 rows, site name: core, cell type: CKND2
Total net bbox length = 3.152e+05 (1.762e+05 1.390e+05) (ext = 5.115e+04)
Runtime: CPU: 0:00:00.1 REAL: 0:00:01.0 MEM: 2854.2MB
*** Finished place_detail (0:04:29 mem=2854.2M) ***
*** maximum move = 3.80 um ***
*** Finished re-routing un-routed nets (2851.2M) ***

*** Finish Physical Update (cpu=0:00:00.3 real=0:00:01.0 mem=2867.2M) ***
*** AreaOpt #5 [finish] (place_opt_design #1) : cpu/real = 0:00:04.8/0:00:04.8 (1.0), totSession cpu/real = 0:04:29.5/0:21:10.8 (0.2), mem = 2867.2M
End: Area Reclaim Optimization (cpu=0:00:05, real=0:00:05, mem=2783.17M, totSessionCpu=0:04:29).
OPTC: user 20.0
Begin: GigaOpt postEco DRV Optimization
GigaOpt Checkpoint: Internal optDRV -inPostEcoStage -smallScaleFixing -maxIter 3 -max_tran -max_cap -maxLocalDensity 0.98 -numThreads 1 -preRouteDontEndWithRefinePlaceIncrSteinerRouteDC -preCTS
*** DrvOpt #4 [begin] (place_opt_design #1) : totSession cpu/real = 0:04:29.5/0:21:10.9 (0.2), mem = 2783.2M
Info: 3 ideal nets excluded from IPO operation.
Info: 1 clock net  excluded from IPO operation.
+-------------------------------------------------------------------------------------------------------------------------------------------------------+
|        max-tran       |        max-cap        |  max-fanout |  max-length |       setup       |        |        |        |       |          |         |
+-------------------------------------------------------------------------------------------------------------------------------------------------------+
| nets | terms|  wViol  | nets | terms|  wViol  | nets | terms| nets | terms|   WNS   |   TNS   |  #Buf  |  #Inv  | #Resize|Density|   Real   |   Mem   |
+-------------------------------------------------------------------------------------------------------------------------------------------------------+
|     1|     7|    -0.04|     6|     6|    -0.64|   237|   237|     0|     0|    -0.19|    -5.54|       0|       0|       0| 31.57%|          |         |
|     1|     7|    -0.04|     6|     6|    -0.64|   237|   237|     0|     0|    -0.19|    -5.54|       0|       0|       0| 31.57%| 0:00:00.0|  2840.4M|
+-------------------------------------------------------------------------------------------------------------------------------------------------------+
Bottom Preferred Layer:
+-----------+------------+----------+
|   Layer   |   OPT_LA   |   Rule   |
+-----------+------------+----------+
| M8 (z=8)  |         70 | default  |
+-----------+------------+----------+
Via Pillar Rule:
    None


=======================================================================
                Reasons for remaining drv violations
=======================================================================
*info: Total 7 net(s) have violations which can't be fixed by DRV optimization.

MultiBuffering failure reasons
------------------------------------------------
*info:     6 net(s): Could not be fixed because the net has unplaced term or invalid term for routing.
*info:     1 net(s): Could not be fixed as the net is considered as IPO ignored by the process.


*** Finish DRV Fixing (cpu=0:00:00.1 real=0:00:00.0 mem=2840.4M) ***

*** DrvOpt #4 [finish] (place_opt_design #1) : cpu/real = 0:00:00.3/0:00:00.3 (1.0), totSession cpu/real = 0:04:29.7/0:21:11.1 (0.2), mem = 2783.3M
End: GigaOpt postEco DRV Optimization
GigaOpt: WNS changes after postEco optimization: -0.019 -> -0.019 (bump = 0.0)
GigaOpt: Skipping nonLegal postEco optimization
Design TNS changes after trial route: -5.544 -> -5.544
Begin: GigaOpt TNS non-legal recovery
GigaOpt Checkpoint: Internal optTiming -setupRecovery -newSetupRecovery -allEndPoints -maxLocalDensity 0.92 -numThreads 1 -nativePathGroupFlow  -NDROptEffortAuto  -ipoTgtSlackCoef 0 -effTgtSlackCoef 0 -tnsBumpRecoveryInTNS -integratedAreaOpt
Info: 3 ideal nets excluded from IPO operation.
Info: 1 clock net  excluded from IPO operation.
*** TnsOpt #2 [begin] (place_opt_design #1) : totSession cpu/real = 0:04:29.9/0:21:11.2 (0.2), mem = 2783.3M
*info: 1 clock net excluded
*info: 3 ideal nets excluded from IPO operation.
** GigaOpt Optimizer WNS Slack -0.192 TNS Slack -5.544 Density 31.57
OptDebug: Start of Optimizer TNS Pass:
+----------+------+------+
|Path Group|   WNS|   TNS|
+----------+------+------+
|default   |-0.192|-5.544|
|reg2reg   | 1.738| 0.000|
|HEPG      | 1.738| 0.000|
|All Paths |-0.192|-5.544|
+----------+------+------+

Active Path Group: default 
+--------+---------+--------+---------+---------+------------+--------+---------------+---------+---------------------------------------+
|  WNS   | All WNS |  TNS   | All TNS | Density |    Real    |  Mem   |  Worst View   |Pathgroup|               End Point               |
+--------+---------+--------+---------+---------+------------+--------+---------------+---------+---------------------------------------+
|  -0.192|   -0.192|  -5.544|   -5.544|   31.57%|   0:00:00.0| 2842.6M|view_func_setup|  default| alu_result[31]                        |
|  -0.183|   -0.183|  -5.171|   -5.171|   31.77%|   0:00:08.0| 2999.7M|view_func_setup|  default| dmem_write_mask[0]                    |
|  -0.183|   -0.183|  -5.154|   -5.154|   31.78%|   0:00:00.0| 2999.7M|view_func_setup|  default| dmem_write_mask[0]                    |
|  -0.183|   -0.183|  -5.135|   -5.135|   31.79%|   0:00:00.0| 2999.7M|view_func_setup|  default| alu_result[11]                        |
|  -0.183|   -0.183|  -5.124|   -5.124|   31.79%|   0:00:01.0| 2999.7M|             NA|       NA| NA                                    |
|  -0.183|   -0.183|  -5.124|   -5.124|   31.79%|   0:00:00.0| 2999.7M|view_func_setup|  default| alu_result[24]                        |
+--------+---------+--------+---------+---------+------------+--------+---------------+---------+---------------------------------------+

*** Finish Core Optimize Step (cpu=0:00:08.0 real=0:00:09.0 mem=2999.7M) ***

*** Finished Optimize Step Cumulative (cpu=0:00:08.0 real=0:00:09.0 mem=2999.7M) ***
OptDebug: End of Optimizer TNS Pass:
+----------+------+------+
|Path Group|   WNS|   TNS|
+----------+------+------+
|default   |-0.183|-5.124|
|reg2reg   | 1.738| 0.000|
|HEPG      | 1.738| 0.000|
|All Paths |-0.183|-5.124|
+----------+------+------+

*** Starting place_detail (0:04:38 mem=2865.7M) ***
Total net bbox length = 3.158e+05 (1.767e+05 1.391e+05) (ext = 5.115e+04)

Starting Small incrNP...
Skipped incrNP (cpu=0:00:00.0, real=0:00:00.0, mem=2865.7M)
End of Small incrNP (cpu=0:00:00.0, real=0:00:00.0)
Move report: Detail placement moves 162 insts, mean move: 0.76 um, max move: 2.60 um 
	Max move on inst (FE_RC_906_0): (19.60, 53.60) --> (18.80, 51.80)
	Runtime: CPU: 0:00:00.2 REAL: 0:00:00.0 MEM: 2849.7MB
Summary Report:
Instances move: 162 (out of 9146 movable)
Instances flipped: 0
Mean displacement: 0.76 um
Max displacement: 2.60 um (Instance: FE_RC_906_0) (19.6, 53.6) -> (18.8, 51.8)
	Length: 7 sites, height: 1 rows, site name: core, cell type: ND2D2
Total net bbox length = 3.158e+05 (1.767e+05 1.391e+05) (ext = 5.115e+04)
Runtime: CPU: 0:00:00.2 REAL: 0:00:00.0 MEM: 2849.7MB
*** Finished place_detail (0:04:39 mem=2849.7M) ***
*** maximum move = 2.60 um ***
*** Finished re-routing un-routed nets (2849.7M) ***

*** Finish Physical Update (cpu=0:00:00.3 real=0:00:00.0 mem=2865.7M) ***
** GigaOpt Optimizer WNS Slack -0.183 TNS Slack -5.124 Density 31.79
OptDebug: End of Setup Fixing:
+----------+------+------+
|Path Group|   WNS|   TNS|
+----------+------+------+
|default   |-0.183|-5.124|
|reg2reg   | 1.738| 0.000|
|HEPG      | 1.738| 0.000|
|All Paths |-0.183|-5.124|
+----------+------+------+

Bottom Preferred Layer:
+-----------+------------+----------+
|   Layer   |   OPT_LA   |   Rule   |
+-----------+------------+----------+
| M8 (z=8)  |         70 | default  |
+-----------+------------+----------+
Via Pillar Rule:
    None

*** Finish pre-CTS Setup Fixing (cpu=0:00:08.6 real=0:00:09.0 mem=2865.7M) ***

*** TnsOpt #2 [finish] (place_opt_design #1) : cpu/real = 0:00:08.8/0:00:08.8 (1.0), totSession cpu/real = 0:04:38.6/0:21:20.1 (0.2), mem = 2782.6M
End: GigaOpt TNS non-legal recovery
Begin: GigaOpt Optimization in post-eco TNS mode
GigaOpt Checkpoint: Internal optTiming -postEco -postEcoLefSafe -maxLocalDensity 1.0 -numThreads 1  -allEndPoints -nativePathGroupFlow
Info: 3 ideal nets excluded from IPO operation.
Info: 1 clock net  excluded from IPO operation.
*** TnsOpt #3 [begin] (place_opt_design #1) : totSession cpu/real = 0:04:38.6/0:21:20.1 (0.2), mem = 2782.6M
*info: 1 clock net excluded
*info: 3 ideal nets excluded from IPO operation.
** GigaOpt Optimizer WNS Slack -0.183 TNS Slack -5.124 Density 31.79
OptDebug: Start of Optimizer TNS Pass:
+----------+------+------+
|Path Group|   WNS|   TNS|
+----------+------+------+
|default   |-0.183|-5.124|
|reg2reg   | 1.738| 0.000|
|HEPG      | 1.738| 0.000|
|All Paths |-0.183|-5.124|
+----------+------+------+

Active Path Group: default 
+--------+---------+--------+---------+---------+------------+--------+---------------+---------+---------------------------------------+
|  WNS   | All WNS |  TNS   | All TNS | Density |    Real    |  Mem   |  Worst View   |Pathgroup|               End Point               |
+--------+---------+--------+---------+---------+------------+--------+---------------+---------+---------------------------------------+
|  -0.183|   -0.183|  -5.124|   -5.124|   31.79%|   0:00:00.0| 2841.9M|view_func_setup|  default| alu_result[24]                        |
|  -0.183|   -0.183|  -5.124|   -5.124|   31.79%|   0:00:00.0| 2841.9M|view_func_setup|  default| alu_result[24]                        |
+--------+---------+--------+---------+---------+------------+--------+---------------+---------+---------------------------------------+

*** Finish Core Optimize Step (cpu=0:00:00.1 real=0:00:00.0 mem=2841.9M) ***

*** Finished Optimize Step Cumulative (cpu=0:00:00.1 real=0:00:00.0 mem=2841.9M) ***
OptDebug: End of Optimizer TNS Pass:
+----------+------+------+
|Path Group|   WNS|   TNS|
+----------+------+------+
|default   |-0.183|-5.124|
|reg2reg   | 1.738| 0.000|
|HEPG      | 1.738| 0.000|
|All Paths |-0.183|-5.124|
+----------+------+------+

OptDebug: End of Setup Fixing:
+----------+------+------+
|Path Group|   WNS|   TNS|
+----------+------+------+
|default   |-0.183|-5.124|
|reg2reg   | 1.738| 0.000|
|HEPG      | 1.738| 0.000|
|All Paths |-0.183|-5.124|
+----------+------+------+

Bottom Preferred Layer:
+-----------+------------+----------+
|   Layer   |   OPT_LA   |   Rule   |
+-----------+------------+----------+
| M8 (z=8)  |         70 | default  |
+-----------+------------+----------+
Via Pillar Rule:
    None

*** Finish pre-CTS Setup Fixing (cpu=0:00:00.4 real=0:00:00.0 mem=2841.9M) ***

*** TnsOpt #3 [finish] (place_opt_design #1) : cpu/real = 0:00:00.6/0:00:00.6 (1.0), totSession cpu/real = 0:04:39.2/0:21:20.6 (0.2), mem = 2782.8M
End: GigaOpt Optimization in post-eco TNS mode
Register exp ratio and priority group on 70 nets on 9507 nets : 
z=8 : 70 nets

Active setup views:
 view_func_setup
  Dominating endpoints: 0
  Dominating TNS: -0.000

Extraction called for design 'riscv_core' of instances=9534 and nets=9509 using extraction engine 'pre_route' .
**WARN: (IMPEXT-3530):	The process node is not set. Use the command set_design_mode -process <process node> prior to extraction for maximum accuracy and optimal automatic threshold setting.
Type 'man IMPEXT-3530' for more detail.
pre_route RC Extraction called for design riscv_core.
RC Extraction called in multi-corner(3) mode.
RCMode: PreRoute
      RC Corner Indexes            0       1       2   
Capacitance Scaling Factor   : 1.00000 1.00000 1.00000 
Resistance Scaling Factor    : 1.00000 1.00000 1.00000 
Clock Cap. Scaling Factor    : 1.00000 1.00000 1.00000 
Clock Res. Scaling Factor    : 1.00000 1.00000 1.00000 
Shrink Factor                : 1.00000
PreRoute extraction is honoring NDR/Shielding/ExtraSpace for clock nets.
Using capacitance table file ...
Skipped RC grid update for preRoute extraction.
Initializing multi-corner capacitance tables ... 
Initializing multi-corner resistance tables ...
PreRoute RC Extraction DONE (CPU Time: 0:00:00.2  Real Time: 0:00:00.0  MEM: 2727.949M)
Skewing Data Summary (End_of_FINAL)
--------------------------------------------------
 Total skewed count:0
--------------------------------------------------
Starting delay calculation for Setup views
AAE_INFO: opIsDesignInPostRouteState() is 0
#################################################################################
# Design Stage: PreRoute
# Design Name: riscv_core
# Design Mode: 90nm
# Analysis Mode: MMMC OCV 
# Parasitics Mode: No SPEF/RCDB 
# Signoff Settings: SI Off 
#################################################################################
Start delay calculation (fullDC) (1 T). (MEM=2755.51)
Total number of fetched objects 9507
AAE_INFO: Total number of nets for which stage creation was skipped for all views 0
Total number of fetched objects 9507
AAE_INFO: Total number of nets for which stage creation was skipped for all views 0
End delay calculation. (MEM=2775.73 CPU=0:00:00.9 REAL=0:00:01.0)
End delay calculation (fullDC). (MEM=2775.73 CPU=0:00:01.1 REAL=0:00:01.0)
*** Done Building Timing Graph (cpu=0:00:01.5 real=0:00:01.0 totSessionCpu=0:04:41 mem=2783.7M)
OPTC: user 20.0
[NR-eGR] Track table information for default rule: 
[NR-eGR] M1 has single uniform track structure
[NR-eGR] M2 has single uniform track structure
[NR-eGR] M3 has single uniform track structure
[NR-eGR] M4 has single uniform track structure
[NR-eGR] M5 has single uniform track structure
[NR-eGR] M6 has single uniform track structure
[NR-eGR] M7 has single uniform track structure
[NR-eGR] M8 has single uniform track structure
[NR-eGR] M9 has single uniform track structure
[NR-eGR] AP has single uniform track structure
[NR-eGR] Read 79610 PG shapes
[NR-eGR] Read 0 clock shapes
[NR-eGR] Read 0 other shapes
[NR-eGR] #Routing Blockages  : 0
[NR-eGR] #Instance Blockages : 0
[NR-eGR] #PG Blockages       : 79610
[NR-eGR] #Halo Blockages     : 0
[NR-eGR] #Boundary Blockages : 0
[NR-eGR] #Clock Blockages    : 0
[NR-eGR] #Other Blockages    : 0
[NR-eGR] Num Prerouted Nets = 0  Num Prerouted Wires = 0
[NR-eGR] Read 9469 nets ( ignored 0 )
[NR-eGR] There are 1 clock nets ( 0 with NDR ).
[NR-eGR] ============ Routing rule table ============
[NR-eGR] Rule id: 0  Nets: 9469
[NR-eGR] ========================================
[NR-eGR] 
[NR-eGR] Layer group 1: route 70 net(s) in layer range [8, 10]
[NR-eGR] Early Global Route overflow of layer group 1: 0.00% H + 0.00% V. EstWL: 1.755720e+04um
[NR-eGR] Layer group 2: route 9399 net(s) in layer range [2, 10]
[NR-eGR] Early Global Route overflow of layer group 2: 0.00% H + 0.00% V. EstWL: 3.239154e+05um
[NR-eGR] Congestion Analysis By layer: (blocked Gcells are excluded) 
[NR-eGR]                        OverCon           OverCon           OverCon           OverCon            
[NR-eGR]                         #Gcell            #Gcell            #Gcell            #Gcell     %Gcell
[NR-eGR]        Layer             (1-4)             (5-8)            (9-12)           (13-15)    OverCon
[NR-eGR] -------------------------------------------------------------------------------------------------
[NR-eGR]      M1 ( 1)         0( 0.00%)         0( 0.00%)         0( 0.00%)         0( 0.00%)   ( 0.00%) 
[NR-eGR]      M2 ( 2)         1( 0.00%)         0( 0.00%)         0( 0.00%)         0( 0.00%)   ( 0.00%) 
[NR-eGR]      M3 ( 3)         0( 0.00%)         0( 0.00%)         0( 0.00%)         0( 0.00%)   ( 0.00%) 
[NR-eGR]      M4 ( 4)        28( 0.06%)         0( 0.00%)         0( 0.00%)         0( 0.00%)   ( 0.06%) 
[NR-eGR]      M5 ( 5)         0( 0.00%)         0( 0.00%)         0( 0.00%)         0( 0.00%)   ( 0.00%) 
[NR-eGR]      M6 ( 6)         0( 0.00%)         0( 0.00%)         0( 0.00%)         0( 0.00%)   ( 0.00%) 
[NR-eGR]      M7 ( 7)         0( 0.00%)         0( 0.00%)         0( 0.00%)         0( 0.00%)   ( 0.00%) 
[NR-eGR]      M8 ( 8)         8( 0.02%)         0( 0.00%)         0( 0.00%)         0( 0.00%)   ( 0.02%) 
[NR-eGR]      M9 ( 9)         0( 0.00%)         5( 0.01%)         0( 0.00%)         2( 0.00%)   ( 0.01%) 
[NR-eGR]      AP (10)         0( 0.00%)         0( 0.00%)         0( 0.00%)         0( 0.00%)   ( 0.00%) 
[NR-eGR] -------------------------------------------------------------------------------------------------
[NR-eGR]        Total        37( 0.01%)         5( 0.00%)         0( 0.00%)         2( 0.00%)   ( 0.01%) 
[NR-eGR] 
[NR-eGR] Overflow after Early Global Route 0.00% H + 0.00% V
[NR-eGR] Finished Early Global Route kernel ( CPU: 0.13 sec, Real: 0.23 sec, Curr Mem: 2791.73 MB )
[hotspot] +------------+---------------+---------------+
[hotspot] |            |   max hotspot | total hotspot |
[hotspot] +------------+---------------+---------------+
[hotspot] | normalized |          0.00 |          0.00 |
[hotspot] +------------+---------------+---------------+
Local HotSpot Analysis: normalized max congestion hotspot area = 0.00, normalized total congestion hotspot area = 0.00 (area is in unit of 4 std-cell row bins)
[hotspot] Hotspot report including placement blocked areas
[hotspot] +------------+---------------+---------------+
[hotspot] |            |   max hotspot | total hotspot |
[hotspot] +------------+---------------+---------------+
[hotspot] | normalized |          0.00 |          0.00 |
[hotspot] +------------+---------------+---------------+
Local HotSpot Analysis (blockage included): normalized max congestion hotspot area = 0.00, normalized total congestion hotspot area = 0.00 (area is in unit of 4 std-cell row bins)
Reported timing to dir /home/cc/Documents/Abdullah/RISCV_synthesis/export/Innovus_Data/reports/placement/place_opt_design
**opt_design ... cpu = 0:03:33, real = 0:03:34, mem = 2447.6M, totSessionCpu=0:04:41 **

------------------------------------------------------------------
     opt_design Final Summary
------------------------------------------------------------------

Setup views included:
 view_func_setup 

+--------------------+---------+---------+---------+
|     Setup mode     |   all   | reg2reg | default |
+--------------------+---------+---------+---------+
|           WNS (ns):| -0.183  |  1.739  | -0.183  |
|           TNS (ns):| -5.122  |  0.000  | -5.122  |
|    Violating Paths:|   36    |    0    |   36    |
|          All Paths:|  1158   |  1024   |  1158   |
+--------------------+---------+---------+---------+

+----------------+-------------------------------+------------------+
|                |              Real             |       Total      |
|    DRVs        +------------------+------------+------------------|
|                |  Nr nets(terms)  | Worst Vio  |  Nr nets(terms)  |
+----------------+------------------+------------+------------------+
|   max_cap      |      4 (4)       |   -0.601   |      4 (4)       |
|   max_tran     |      0 (0)       |   0.000    |      0 (0)       |
|   max_fanout   |    237 (237)     |    -310    |    239 (239)     |
|   max_length   |      0 (0)       |     0      |      0 (0)       |
+----------------+------------------+------------+------------------+

Density: 31.789%
Routing Overflow: 0.00% H and 0.00% V
------------------------------------------------------------------
**opt_design ... cpu = 0:03:33, real = 0:03:35, mem = 2449.8M, totSessionCpu=0:04:42 **
**WARN: (IMPOPT-3195):	Analysis mode has changed.
Type 'man IMPOPT-3195' for more detail.
*** Finished opt_design ***
      flow.cputime  flow.realtime  timing.setup.tns  timing.setup.wns  snapshot
UM:*                                      -5.122 ns         -0.183 ns  final
UM: Running design category ...
------------------------------------------------------------
	Current design flip-flop statistics

Single-Bit FF Count          :         1024
Multi-Bit FF Count           :            0
Total Bit Count              :         1024
Total FF Count               :         1024
Bits Per Flop                :        1.000
Total Clock Pin Cap(FF)      :      700.873
Multibit Conversion Ratio(%) :         0.00
------------------------------------------------------------
------------------------------------------------------------
            Multi-bit cell usage statistics

------------------------------------------------------------
============================================================
Sequential Multibit cells usage statistics
------------------------------------------------------------
            Not Merged-bits         Merged-bits     Multibit Conversion %     Bits Per Flop
------------------------------------------------------------
-FlipFlops             1024                    0        0.00                    1.00
------------------------------------------------------------

------------------------------------------------------------
Seq_Mbit libcell              Bitwidth        Count
------------------------------------------------------------
Total 0
============================================================
------------------------------------------------------------
Category            Num of Insts Rejected     Reasons
------------------------------------------------------------
------------------------------------------------------------
      flow.cputime  flow.realtime  timing.setup.tns  timing.setup.wns  snapshot
UM:         213.17            215         -5.122 ns         -0.183 ns  opt_design_prects
Removing temporary dont_use automatically set for cells with technology sites with no row.
Disable CTE adjustment.
#optDebug: fT-D <X 1 0 0 0>
**place_opt_design ... cpu = 0:03:55, real = 0:03:59, mem = 2666.9M **
*** Finished GigaPlace ***

*** Summary of all messages that are not suppressed in this session:
Severity  ID               Count  Summary                                  
WARNING   IMPEXT-3530          3  The process node is not set. Use the com...
WARNING   IMPSP-9025           2  No scan chain specified/traced.          
WARNING   IMPOPT-576           1  %d nets have unplaced terms.             
WARNING   IMPOPT-3195          2  Analysis mode has changed.               
WARNING   IMPOPT-665         168  %s : Net has unplaced terms or is connec...
WARNING   IMPOPT-3564          1  The following cells are set dont_use tem...
*** Message Summary: 177 warning(s), 0 error(s)

*** place_opt_design #1 [finish] : cpu/real = 0:03:55.3/0:03:58.6 (1.0), totSession cpu/real = 0:04:41.9/0:21:24.0 (0.2), mem = 2666.9M
@innovus 89> check_place
check_place
Begin checking placement ... (start mem=2666.9M, init mem=2666.9M)
*info: Placed = 9534           (Fixed = 388)
*info: Unplaced = 0           
Placement Density:31.79%(38719/121801)
Placement Density (including fixed std cells):32.02%(39138/122220)
Finished check_place (total: cpu=0:00:00.2, real=0:00:00.0; vio checks: cpu=0:00:00.1, real=0:00:00.0; mem=2666.9M)
0
@innovus 90> delete_routes -type regular 
delete_routes -type regular 

@innovus 91> 
@innovus 91> set_db add_tieoffs_prefix "TIEset_db add_tieoffs_prefix "TIE"
"
1 TIE
@innovus 92> set_db add_tieoffs_cells "$tech(TIEHI) $tech(TIELO)"
set_db add_tieoffs_cells "$tech(TIEHI) $tech(TIELO)"
1 {{TIEH TIEL}}
@innovus 93> set_db add_tieoffs_max_fanout $tech(TIE_MAX_FANOUT)
set_db add_tieoffs_max_fanout $tech(TIE_MAX_FANOUT)
1 10
@innovus 94> add_tieoffs
add_tieoffs
Options: No distance constraint, Max Fan-out = 10.
INFO: Total Number of Tie Cells (TIEH) placed: 0  
INFO: Total Number of Tie Cells (TIEL) placed: 0  
@innovus 95> 

@innovus 95> opt_design -pre_cts -drv -setup -report_dir "$design(reports_dir)/ [1Gopt/pre_cts"
opt_design -pre_cts -drv -setup -report_dir "$design(reports_dir)/opt/pre_cts"
**opt_design ... cpu = 0:00:00, real = 0:00:00, mem = 2342.0M, totSessionCpu=0:04:42 **
**WARN: (IMPOPT-576):	168 nets have unplaced terms. 
*** opt_design #1 [begin] : totSession cpu/real = 0:04:42.1/0:21:24.3 (0.2), mem = 2664.9M
GigaOpt running with 1 threads.
*** InitOpt #1 [begin] (opt_design #1) : totSession cpu/real = 0:04:42.1/0:21:24.3 (0.2), mem = 2664.9M
**INFO: User settings:
delaycal_enable_high_fanout                                    true
delaycal_ignore_net_load                                       false
delaycal_socv_accuracy_mode                                    low
setAnalysisMode -cts                                           postCTS
setDelayCalMode -engine                                        aae
extract_rc_engine                                              pre_route
opt_drv_margin                                                 0.0
opt_fix_drv                                                    true
opt_resize_flip_flops                                          true
opt_setup_target_slack                                         0.0
opt_view_pruning_hold_views_active_list                        { view_func_hold }
opt_view_pruning_setup_views_active_list                       { view_func_setup }
opt_view_pruning_setup_views_persistent_list                   { view_func_setup view_func_typical}
opt_view_pruning_tdgr_setup_views_persistent_list              { view_func_setup view_func_typical}
place_global_cong_effort                                       auto
place_global_max_density                                       0.2
getAnalysisMode -cts                                           postCTS
getDelayCalMode -engine                                        aae
get_power_analysis_mode -report_power_quiet                    false
getAnalysisMode -cts                                           postCTS
**INFO: set_db design_flow_effort standard -> setting 'set_db opt_all_end_points true' for the duration of this command.
**INFO: Enabling NR-eGR flow for DRV Fixing.
**WARN: (IMPOPT-3564):	The following cells are set dont_use temporarily by the tool because there are no rows defined for their technology site, or they are not placeable in any power domain, or their pins cannot be snapped to the tracks. To avoid this message, review the create_floorplan, msv setting, the library setting or set manually those cells as dont_use.
	Cell LVLLHCD1, site bcoreExt.
	Cell LVLLHCD2, site bcoreExt.
	Cell LVLLHCD4, site bcoreExt.
	Cell LVLLHCD8, site bcoreExt.
	Cell LVLLHD1, site bcoreExt.
	Cell LVLLHD2, site bcoreExt.
	Cell LVLLHD4, site bcoreExt.
	Cell LVLLHD8, site bcoreExt.
.
**WARN: (IMPOPT-665):	rst : Net has unplaced terms or is connected to uplaced instances in design. 
Type 'man IMPOPT-665' for more detail.
**WARN: (IMPOPT-665):	clk : Net has unplaced terms or is connected to uplaced instances in design. 
Type 'man IMPOPT-665' for more detail.
**WARN: (IMPOPT-665):	pc_current[31] : Net has unplaced terms or is connected to uplaced instances in design. 
Type 'man IMPOPT-665' for more detail.
**WARN: (IMPOPT-665):	pc_current[30] : Net has unplaced terms or is connected to uplaced instances in design. 
Type 'man IMPOPT-665' for more detail.
**WARN: (IMPOPT-665):	pc_current[29] : Net has unplaced terms or is connected to uplaced instances in design. 
Type 'man IMPOPT-665' for more detail.
**WARN: (IMPOPT-665):	pc_current[28] : Net has unplaced terms or is connected to uplaced instances in design. 
Type 'man IMPOPT-665' for more detail.
**WARN: (IMPOPT-665):	pc_current[27] : Net has unplaced terms or is connected to uplaced instances in design. 
Type 'man IMPOPT-665' for more detail.
**WARN: (IMPOPT-665):	pc_current[26] : Net has unplaced terms or is connected to uplaced instances in design. 
Type 'man IMPOPT-665' for more detail.
**WARN: (IMPOPT-665):	pc_current[25] : Net has unplaced terms or is connected to uplaced instances in design. 
Type 'man IMPOPT-665' for more detail.
**WARN: (IMPOPT-665):	pc_current[24] : Net has unplaced terms or is connected to uplaced instances in design. 
Type 'man IMPOPT-665' for more detail.
**WARN: (IMPOPT-665):	pc_current[23] : Net has unplaced terms or is connected to uplaced instances in design. 
Type 'man IMPOPT-665' for more detail.
**WARN: (IMPOPT-665):	pc_current[22] : Net has unplaced terms or is connected to uplaced instances in design. 
Type 'man IMPOPT-665' for more detail.
**WARN: (IMPOPT-665):	pc_current[21] : Net has unplaced terms or is connected to uplaced instances in design. 
Type 'man IMPOPT-665' for more detail.
**WARN: (IMPOPT-665):	pc_current[20] : Net has unplaced terms or is connected to uplaced instances in design. 
Type 'man IMPOPT-665' for more detail.
**WARN: (IMPOPT-665):	pc_current[19] : Net has unplaced terms or is connected to uplaced instances in design. 
Type 'man IMPOPT-665' for more detail.
**WARN: (IMPOPT-665):	pc_current[18] : Net has unplaced terms or is connected to uplaced instances in design. 
Type 'man IMPOPT-665' for more detail.
**WARN: (IMPOPT-665):	pc_current[17] : Net has unplaced terms or is connected to uplaced instances in design. 
Type 'man IMPOPT-665' for more detail.
**WARN: (IMPOPT-665):	pc_current[16] : Net has unplaced terms or is connected to uplaced instances in design. 
Type 'man IMPOPT-665' for more detail.
**WARN: (IMPOPT-665):	pc_current[15] : Net has unplaced terms or is connected to uplaced instances in design. 
Type 'man IMPOPT-665' for more detail.
**WARN: (IMPOPT-665):	pc_current[14] : Net has unplaced terms or is connected to uplaced instances in design. 
Type 'man IMPOPT-665' for more detail.
**WARN: (EMS-27):	Message (IMPOPT-665) has exceeded the current message display limit of 20.
To increase the message display limit, refer to the product command reference manual.
**opt_design ... cpu = 0:00:05, real = 0:00:05, mem = 2350.9M, totSessionCpu=0:04:47 **
*** opt_design -pre_cts ***
DRC Margin: user margin 0.0; extra margin 0.2
Setup Target Slack: user slack 0; extra slack 0.0
Hold Target Slack: user slack 0
Multi-VT timing optimization disabled based on library information.
Start to check current routing status for nets...
Early Global Route is going to be called for routing.
End to check current routing status for nets (mem=2662.9M)
[NR-eGR] Started Early Global Route kernel ( Curr Mem: 2662.93 MB )
[NR-eGR] Track table information for default rule: 
[NR-eGR] M1 has single uniform track structure
[NR-eGR] M2 has single uniform track structure
[NR-eGR] M3 has single uniform track structure
[NR-eGR] M4 has single uniform track structure
[NR-eGR] M5 has single uniform track structure
[NR-eGR] M6 has single uniform track structure
[NR-eGR] M7 has single uniform track structure
[NR-eGR] M8 has single uniform track structure
[NR-eGR] M9 has single uniform track structure
[NR-eGR] AP has single uniform track structure
[NR-eGR] Read 79610 PG shapes
[NR-eGR] Read 0 clock shapes
[NR-eGR] Read 0 other shapes
[NR-eGR] #Routing Blockages  : 0
[NR-eGR] #Instance Blockages : 0
[NR-eGR] #PG Blockages       : 79610
[NR-eGR] #Halo Blockages     : 0
[NR-eGR] #Boundary Blockages : 0
[NR-eGR] #Clock Blockages    : 0
[NR-eGR] #Other Blockages    : 0
[NR-eGR] Num Prerouted Nets = 0  Num Prerouted Wires = 0
[NR-eGR] Read 9469 nets ( ignored 0 )
[NR-eGR] There are 1 clock nets ( 0 with NDR ).
[NR-eGR] ============ Routing rule table ============
[NR-eGR] Rule id: 0  Nets: 9469
[NR-eGR] ========================================
[NR-eGR] 
[NR-eGR] Layer group 1: route 70 net(s) in layer range [8, 10]
[NR-eGR] Early Global Route overflow of layer group 1: 0.00% H + 0.00% V. EstWL: 1.755720e+04um
[NR-eGR] Layer group 2: route 9399 net(s) in layer range [2, 10]
[NR-eGR] Early Global Route overflow of layer group 2: 0.00% H + 0.00% V. EstWL: 3.239154e+05um
[NR-eGR] Congestion Analysis By layer: (blocked Gcells are excluded) 
[NR-eGR]                        OverCon           OverCon           OverCon           OverCon            
[NR-eGR]                         #Gcell            #Gcell            #Gcell            #Gcell     %Gcell
[NR-eGR]        Layer             (1-4)             (5-8)            (9-12)           (13-15)    OverCon
[NR-eGR] -------------------------------------------------------------------------------------------------
[NR-eGR]      M1 ( 1)         0( 0.00%)         0( 0.00%)         0( 0.00%)         0( 0.00%)   ( 0.00%) 
[NR-eGR]      M2 ( 2)         1( 0.00%)         0( 0.00%)         0( 0.00%)         0( 0.00%)   ( 0.00%) 
[NR-eGR]      M3 ( 3)         0( 0.00%)         0( 0.00%)         0( 0.00%)         0( 0.00%)   ( 0.00%) 
[NR-eGR]      M4 ( 4)        28( 0.06%)         0( 0.00%)         0( 0.00%)         0( 0.00%)   ( 0.06%) 
[NR-eGR]      M5 ( 5)         0( 0.00%)         0( 0.00%)         0( 0.00%)         0( 0.00%)   ( 0.00%) 
[NR-eGR]      M6 ( 6)         0( 0.00%)         0( 0.00%)         0( 0.00%)         0( 0.00%)   ( 0.00%) 
[NR-eGR]      M7 ( 7)         0( 0.00%)         0( 0.00%)         0( 0.00%)         0( 0.00%)   ( 0.00%) 
[NR-eGR]      M8 ( 8)         8( 0.02%)         0( 0.00%)         0( 0.00%)         0( 0.00%)   ( 0.02%) 
[NR-eGR]      M9 ( 9)         0( 0.00%)         5( 0.01%)         0( 0.00%)         2( 0.00%)   ( 0.01%) 
[NR-eGR]      AP (10)         0( 0.00%)         0( 0.00%)         0( 0.00%)         0( 0.00%)   ( 0.00%) 
[NR-eGR] -------------------------------------------------------------------------------------------------
[NR-eGR]        Total        37( 0.01%)         5( 0.00%)         0( 0.00%)         2( 0.00%)   ( 0.01%) 
[NR-eGR] 
[NR-eGR] Overflow after Early Global Route 0.00% H + 0.00% V
[NR-eGR]             Length (um)   Vias 
[NR-eGR] -------------------------------
[NR-eGR]  M1  (1H)             0  31505 
[NR-eGR]  M2  (2V)         89401  51376 
[NR-eGR]  M3  (3H)        115586   5145 
[NR-eGR]  M4  (4V)         23727   4097 
[NR-eGR]  M5  (5H)         49919   2601 
[NR-eGR]  M6  (6V)         35045    910 
[NR-eGR]  M7  (7H)          1213    856 
[NR-eGR]  M8  (8V)          7553   1237 
[NR-eGR]  M9  (9H)         10299     37 
[NR-eGR]  AP  (10V)           26      0 
[NR-eGR] -------------------------------
[NR-eGR]      Total       332769  97764 
[NR-eGR] --------------------------------------------------------------------------
[NR-eGR] Total half perimeter of net bounding box: 315821um
[NR-eGR] Total length: 332769um, number of vias: 97764
[NR-eGR] --------------------------------------------------------------------------
[NR-eGR] Total eGR-routed clock nets wire length: 6328um, number of vias: 3193
[NR-eGR] --------------------------------------------------------------------------
[NR-eGR] Finished Early Global Route kernel ( CPU: 0.26 sec, Real: 0.36 sec, Curr Mem: 2625.36 MB )
Updating RC grid for preRoute extraction ...
Initializing multi-corner capacitance tables ... 
Initializing multi-corner resistance tables ...
Extraction called for design 'riscv_core' of instances=9534 and nets=9509 using extraction engine 'pre_route' .
**WARN: (IMPEXT-3530):	The process node is not set. Use the command set_design_mode -process <process node> prior to extraction for maximum accuracy and optimal automatic threshold setting.
Type 'man IMPEXT-3530' for more detail.
pre_route RC Extraction called for design riscv_core.
RC Extraction called in multi-corner(3) mode.
RCMode: PreRoute
      RC Corner Indexes            0       1       2   
Capacitance Scaling Factor   : 1.00000 1.00000 1.00000 
Resistance Scaling Factor    : 1.00000 1.00000 1.00000 
Clock Cap. Scaling Factor    : 1.00000 1.00000 1.00000 
Clock Res. Scaling Factor    : 1.00000 1.00000 1.00000 
Shrink Factor                : 1.00000
PreRoute extraction is honoring NDR/Shielding/ExtraSpace for clock nets.
Using capacitance table file ...
Updating RC grid for preRoute extraction ...
Initializing multi-corner capacitance tables ... 
Initializing multi-corner resistance tables ...
PreRoute RC Extraction DONE (CPU Time: 0:00:00.2  Real Time: 0:00:00.0  MEM: 2620.363M)
Starting delay calculation for Setup views
AAE_INFO: opIsDesignInPostRouteState() is 0
#################################################################################
# Design Stage: PreRoute
# Design Name: riscv_core
# Design Mode: 90nm
# Analysis Mode: MMMC OCV 
# Parasitics Mode: No SPEF/RCDB 
# Signoff Settings: SI Off 
#################################################################################
Start delay calculation (fullDC) (1 T). (MEM=2655.93)
Total number of fetched objects 9507
AAE_INFO: Total number of nets for which stage creation was skipped for all views 0
Total number of fetched objects 9507
AAE_INFO: Total number of nets for which stage creation was skipped for all views 0
End delay calculation. (MEM=2684.14 CPU=0:00:00.8 REAL=0:00:01.0)
End delay calculation (fullDC). (MEM=2684.14 CPU=0:00:01.0 REAL=0:00:01.0)
*** Done Building Timing Graph (cpu=0:00:01.3 real=0:00:01.0 totSessionCpu=0:04:49 mem=2692.1M)

------------------------------------------------------------------
             Initial Summary
------------------------------------------------------------------

Setup views included:
 view_func_setup 

+--------------------+---------+
|     Setup mode     |   all   |
+--------------------+---------+
|           WNS (ns):| -0.303  |
|           TNS (ns):| -11.099 |
|    Violating Paths:|   70    |
|          All Paths:|  1158   |
+--------------------+---------+

+----------------+-------------------------------+------------------+
|                |              Real             |       Total      |
|    DRVs        +------------------+------------+------------------|
|                |  Nr nets(terms)  | Worst Vio  |  Nr nets(terms)  |
+----------------+------------------+------------+------------------+
|   max_cap      |      4 (4)       |   -0.750   |      4 (4)       |
|   max_tran     |      0 (0)       |   0.000    |      0 (0)       |
|   max_fanout   |    237 (237)     |    -310    |    239 (239)     |
|   max_length   |      0 (0)       |     0      |      0 (0)       |
+----------------+------------------+------------+------------------+

Density: 31.789%
------------------------------------------------------------------
**opt_design ... cpu = 0:00:07, real = 0:00:07, mem = 2351.9M, totSessionCpu=0:04:49 **
*** InitOpt #1 [finish] (opt_design #1) : cpu/real = 0:00:06.8/0:00:06.9 (1.0), totSession cpu/real = 0:04:48.9/0:21:31.2 (0.2), mem = 2663.1M
** INFO : this run is activating medium effort placeOptDesign flow
*** Starting optimizing excluded clock nets MEM= 2663.1M) ***
*info: No excluded clock nets to be optimized.
*** Finished optimizing excluded clock nets (CPU Time= 0:00:00.0  MEM= 2663.1M) ***
GigaOpt Checkpoint: Internal congRefineRouteType -preCTS -congThreshold 0.001 -rescheduleForCongestion  -aggressiveCongestionMode  -resetVeryShortNets -resetShortNets -useSpineBased -rescheduleForAdherence 
Begin: GigaOpt Route Type Constraints Refinement
*** CongRefineRouteType #1 [begin] (opt_design #1) : totSession cpu/real = 0:04:49.0/0:21:31.3 (0.2), mem = 2663.1M
+--------+---------+--------+---------+--------+--------+------------+--------+
|  WNS   | All WNS |  TNS   | All TNS |   M8   |   M9   | Real Time  |  Mem   |
+--------+---------+--------+---------+--------+--------+------------+--------+
|   1.637|   -0.303|   0.000|  -11.000|      70|       0|   0:00:00.0| 2832.54|
|   1.637|   -0.303|   0.000|  -11.000|      69|       0|   0:00:00.0| 2848.54|
|   1.637|   -0.303|   0.000|  -11.000|      69|       0|   0:00:00.0| 2848.54|
|   1.637|   -0.303|   0.000|  -11.000|      69|       0|   0:00:00.0| 2848.54|
+--------+---------+--------+---------+--------+--------+------------+--------+

Updated routing constraints on 1 nets.
Bottom Preferred Layer:
+-----------+------------+----------+
|   Layer   |   OPT_LA   |   Rule   |
+-----------+------------+----------+
| M8 (z=8)  |         69 | default  |
+-----------+------------+----------+
Via Pillar Rule:
    None
*** CongRefineRouteType #1 [finish] (opt_design #1) : cpu/real = 0:00:01.0/0:00:01.0 (1.0), totSession cpu/real = 0:04:50.0/0:21:32.3 (0.2), mem = 2848.5M
End: GigaOpt Route Type Constraints Refinement
The useful skew maximum allowed delay is: 0.3
*** SimplifyNetlist #1 [begin] (opt_design #1) : totSession cpu/real = 0:04:50.1/0:21:32.4 (0.2), mem = 2848.5M
Info: 3 ideal nets excluded from IPO operation.
Info: 1 clock net  excluded from IPO operation.

Netlist preparation processing... 
Removed 0 instance
*info: Marking 0 isolation instances dont touch
*info: Marking 0 level shifter instances dont touch
*** SimplifyNetlist #1 [finish] (opt_design #1) : cpu/real = 0:00:00.7/0:00:00.7 (1.0), totSession cpu/real = 0:04:50.8/0:21:33.1 (0.2), mem = 2765.6M
[NR-eGR] Started Early Global Route kernel ( Curr Mem: 2765.62 MB )
[NR-eGR] Track table information for default rule: 
[NR-eGR] M1 has single uniform track structure
[NR-eGR] M2 has single uniform track structure
[NR-eGR] M3 has single uniform track structure
[NR-eGR] M4 has single uniform track structure
[NR-eGR] M5 has single uniform track structure
[NR-eGR] M6 has single uniform track structure
[NR-eGR] M7 has single uniform track structure
[NR-eGR] M8 has single uniform track structure
[NR-eGR] M9 has single uniform track structure
[NR-eGR] AP has single uniform track structure
[NR-eGR] Read 79610 PG shapes
[NR-eGR] Read 0 clock shapes
[NR-eGR] Read 0 other shapes
[NR-eGR] #Routing Blockages  : 0
[NR-eGR] #Instance Blockages : 0
[NR-eGR] #PG Blockages       : 79610
[NR-eGR] #Halo Blockages     : 0
[NR-eGR] #Boundary Blockages : 0
[NR-eGR] #Clock Blockages    : 0
[NR-eGR] #Other Blockages    : 0
[NR-eGR] Num Prerouted Nets = 0  Num Prerouted Wires = 0
[NR-eGR] Read 9469 nets ( ignored 0 )
[NR-eGR] There are 1 clock nets ( 0 with NDR ).
[NR-eGR] ============ Routing rule table ============
[NR-eGR] Rule id: 0  Nets: 9469
[NR-eGR] ========================================
[NR-eGR] 
[NR-eGR] Layer group 1: route 69 net(s) in layer range [8, 10]
[NR-eGR] Early Global Route overflow of layer group 1: 0.00% H + 0.00% V. EstWL: 1.793160e+04um
[NR-eGR] Layer group 2: route 9400 net(s) in layer range [2, 10]
[NR-eGR] Early Global Route overflow of layer group 2: 0.00% H + 0.00% V. EstWL: 3.276126e+05um
[NR-eGR] Congestion Analysis By layer: (blocked Gcells are excluded) 
[NR-eGR]                        OverCon           OverCon           OverCon           OverCon            
[NR-eGR]                         #Gcell            #Gcell            #Gcell            #Gcell     %Gcell
[NR-eGR]        Layer             (1-4)             (5-8)            (9-12)           (13-15)    OverCon
[NR-eGR] -------------------------------------------------------------------------------------------------
[NR-eGR]      M1 ( 1)         0( 0.00%)         0( 0.00%)         0( 0.00%)         0( 0.00%)   ( 0.00%) 
[NR-eGR]      M2 ( 2)         2( 0.00%)         0( 0.00%)         0( 0.00%)         0( 0.00%)   ( 0.00%) 
[NR-eGR]      M3 ( 3)         1( 0.00%)         0( 0.00%)         0( 0.00%)         0( 0.00%)   ( 0.00%) 
[NR-eGR]      M4 ( 4)        31( 0.07%)         0( 0.00%)         0( 0.00%)         0( 0.00%)   ( 0.07%) 
[NR-eGR]      M5 ( 5)         0( 0.00%)         0( 0.00%)         0( 0.00%)         0( 0.00%)   ( 0.00%) 
[NR-eGR]      M6 ( 6)         0( 0.00%)         0( 0.00%)         0( 0.00%)         0( 0.00%)   ( 0.00%) 
[NR-eGR]      M7 ( 7)         0( 0.00%)         0( 0.00%)         0( 0.00%)         0( 0.00%)   ( 0.00%) 
[NR-eGR]      M8 ( 8)         7( 0.01%)         0( 0.00%)         0( 0.00%)         0( 0.00%)   ( 0.01%) 
[NR-eGR]      M9 ( 9)         0( 0.00%)         6( 0.01%)         0( 0.00%)         3( 0.01%)   ( 0.02%) 
[NR-eGR]      AP (10)         0( 0.00%)         0( 0.00%)         0( 0.00%)         0( 0.00%)   ( 0.00%) 
[NR-eGR] -------------------------------------------------------------------------------------------------
[NR-eGR]        Total        41( 0.01%)         6( 0.00%)         0( 0.00%)         3( 0.00%)   ( 0.01%) 
[NR-eGR] 
[NR-eGR] Overflow after Early Global Route 0.00% H + 0.00% V
[NR-eGR]             Length (um)   Vias 
[NR-eGR] -------------------------------
[NR-eGR]  M1  (1H)             0  31505 
[NR-eGR]  M2  (2V)         89500  51519 
[NR-eGR]  M3  (3H)        116849   5074 
[NR-eGR]  M4  (4V)         24518   4057 
[NR-eGR]  M5  (5H)         52092   2596 
[NR-eGR]  M6  (6V)         34396    883 
[NR-eGR]  M7  (7H)           954    842 
[NR-eGR]  M8  (8V)          7686   1234 
[NR-eGR]  M9  (9H)         10455     36 
[NR-eGR]  AP  (10V)           26      0 
[NR-eGR] -------------------------------
[NR-eGR]      Total       336477  97746 
[NR-eGR] --------------------------------------------------------------------------
[NR-eGR] Total half perimeter of net bounding box: 315821um
[NR-eGR] Total length: 336477um, number of vias: 97746
[NR-eGR] --------------------------------------------------------------------------
[NR-eGR] Total eGR-routed clock nets wire length: 6821um, number of vias: 3253
[NR-eGR] --------------------------------------------------------------------------
[NR-eGR] Finished Early Global Route kernel ( CPU: 0.28 sec, Real: 0.38 sec, Curr Mem: 2722.94 MB )
Extraction called for design 'riscv_core' of instances=9534 and nets=9509 using extraction engine 'pre_route' .
**WARN: (IMPEXT-3530):	The process node is not set. Use the command set_design_mode -process <process node> prior to extraction for maximum accuracy and optimal automatic threshold setting.
Type 'man IMPEXT-3530' for more detail.
pre_route RC Extraction called for design riscv_core.
RC Extraction called in multi-corner(3) mode.
RCMode: PreRoute
      RC Corner Indexes            0       1       2   
Capacitance Scaling Factor   : 1.00000 1.00000 1.00000 
Resistance Scaling Factor    : 1.00000 1.00000 1.00000 
Clock Cap. Scaling Factor    : 1.00000 1.00000 1.00000 
Clock Res. Scaling Factor    : 1.00000 1.00000 1.00000 
Shrink Factor                : 1.00000
PreRoute extraction is honoring NDR/Shielding/ExtraSpace for clock nets.
Using capacitance table file ...
Updating RC grid for preRoute extraction ...
Initializing multi-corner capacitance tables ... 
Initializing multi-corner resistance tables ...
PreRoute RC Extraction DONE (CPU Time: 0:00:00.2  Real Time: 0:00:00.0  MEM: 2717.941M)
AAE_INFO: opIsDesignInPostRouteState() is 0
#################################################################################
# Design Stage: PreRoute
# Design Name: riscv_core
# Design Mode: 90nm
# Analysis Mode: MMMC OCV 
# Parasitics Mode: No SPEF/RCDB 
# Signoff Settings: SI Off 
#################################################################################
Start delay calculation (fullDC) (1 T). (MEM=2753.5)
Total number of fetched objects 9507
AAE_INFO: Total number of nets for which stage creation was skipped for all views 0
Total number of fetched objects 9507
AAE_INFO: Total number of nets for which stage creation was skipped for all views 0
End delay calculation. (MEM=2773.72 CPU=0:00:00.8 REAL=0:00:01.0)
End delay calculation (fullDC). (MEM=2773.72 CPU=0:00:01.0 REAL=0:00:01.0)
Begin: GigaOpt high fanout net optimization
GigaOpt HFN: use maxLocalDensity 1.2
GigaOpt Checkpoint: Internal optDRV -useLevelizedBufferTreeOnly -auxMaxFanoutCountLimit 500 -largeScaleFixing -maxIter 1 -maxLocalDensity 1.2 -numThreads 1 -preCTS -preRouteDontEndWithRefinePlaceIncrSteinerRouteDC
*** DrvOpt #1 [begin] (opt_design #1) : totSession cpu/real = 0:04:52.9/0:21:35.2 (0.2), mem = 2797.7M
Info: 3 ideal nets excluded from IPO operation.
Info: 1 clock net  excluded from IPO operation.
*** DrvOpt #1 [finish] (opt_design #1) : cpu/real = 0:00:00.7/0:00:00.7 (1.0), totSession cpu/real = 0:04:53.6/0:21:36.0 (0.2), mem = 2749.7M
GigaOpt HFN: restore maxLocalDensity to 0.98
End: GigaOpt high fanout net optimization
Begin: GigaOpt DRV Optimization
GigaOpt Checkpoint: Internal optDRV -max_tran -max_cap -maxLocalDensity 1.2 -numThreads 1 -largeScaleFixing -maxIter 2 -preCTS -preRouteDontEndWithRefinePlaceIncrSteinerRouteDC
*** DrvOpt #2 [begin] (opt_design #1) : totSession cpu/real = 0:04:53.6/0:21:36.0 (0.2), mem = 2749.7M
Info: 3 ideal nets excluded from IPO operation.
Info: 1 clock net  excluded from IPO operation.
+-------------------------------------------------------------------------------------------------------------------------------------------------------+
|        max-tran       |        max-cap        |  max-fanout |  max-length |       setup       |        |        |        |       |          |         |
+-------------------------------------------------------------------------------------------------------------------------------------------------------+
| nets | terms|  wViol  | nets | terms|  wViol  | nets | terms| nets | terms|   WNS   |   TNS   |  #Buf  |  #Inv  | #Resize|Density|   Real   |   Mem   |
+-------------------------------------------------------------------------------------------------------------------------------------------------------+
|     1|     7|    -0.04|     8|     8|    -0.83|   238|   238|     0|     0|    -0.30|   -11.83|       0|       0|       0| 31.79%|          |         |
|     1|     7|    -0.04|     6|     6|    -0.83|   238|   238|     0|     0|    -0.61|  -182.41|       0|       2|       2| 31.78%| 0:00:00.0|  2848.6M|
|     1|     7|    -0.04|     6|     6|    -0.83|   238|   238|     0|     0|    -0.61|  -182.41|       0|       0|       0| 31.78%| 0:00:00.0|  2848.6M|
+-------------------------------------------------------------------------------------------------------------------------------------------------------+
Bottom Preferred Layer:
+-----------+------------+----------+
|   Layer   |   OPT_LA   |   Rule   |
+-----------+------------+----------+
| M8 (z=8)  |         68 | default  |
+-----------+------------+----------+
Via Pillar Rule:
    None


=======================================================================
                Reasons for remaining drv violations
=======================================================================
*info: Total 7 net(s) have violations which can't be fixed by DRV optimization.

MultiBuffering failure reasons
------------------------------------------------
*info:     6 net(s): Could not be fixed because the net has unplaced term or invalid term for routing.
*info:     1 net(s): Could not be fixed as the net is considered as IPO ignored by the process.


*** Finish DRV Fixing (cpu=0:00:00.2 real=0:00:00.0 mem=2848.6M) ***

*** DrvOpt #2 [finish] (opt_design #1) : cpu/real = 0:00:00.3/0:00:00.4 (1.0), totSession cpu/real = 0:04:54.0/0:21:36.3 (0.2), mem = 2768.5M
End: GigaOpt DRV Optimization
GigaOpt DRV: restore maxLocalDensity to 0.98
**opt_design ... cpu = 0:00:12, real = 0:00:12, mem = 2455.0M, totSessionCpu=0:04:54 **

Active setup views:
 view_func_setup
  Dominating endpoints: 0
  Dominating TNS: -0.000

Begin: GigaOpt Global Optimization
*info: use new DP (enabled)
GigaOpt Checkpoint: Internal globalOpt -maxLocalDensity 1.2 -numThreads 1 -preCTS -rebufferAll -preRouteDontEndWithRefinePlaceIncrSteinerRouteDC -enableHighLayerOpt -maxIter 50 -maxIterForLEPG 50
Info: 3 ideal nets excluded from IPO operation.
Info: 1 clock net  excluded from IPO operation.
*** GlobalOpt #1 [begin] (opt_design #1) : totSession cpu/real = 0:04:54.0/0:21:36.4 (0.2), mem = 2806.6M
*info: 1 clock net excluded
*info: 3 ideal nets excluded from IPO operation.
** GigaOpt Global Opt WNS Slack -0.615  TNS Slack -182.413 
+--------+--------+---------+------------+--------+---------------+---------+---------------------------------------+
|  WNS   |  TNS   | Density |    Real    |  Mem   |  Worst View   |Pathgroup|               End Point               |
+--------+--------+---------+------------+--------+---------------+---------+---------------------------------------+
|  -0.615|-182.413|   31.78%|   0:00:00.0| 2825.7M|view_func_setup|  default| dmem_write_mask[1]                    |
|  -0.444| -19.923|   31.76%|   0:00:02.0| 2851.8M|view_func_setup|  default| dmem_write_mask[1]                    |
|  -0.444| -19.523|   31.77%|   0:00:01.0| 2851.8M|view_func_setup|  default| dmem_write_mask[1]                    |
|  -0.444| -19.523|   31.77%|   0:00:00.0| 2851.8M|view_func_setup|  default| dmem_write_mask[1]                    |
|  -0.333| -10.384|   31.82%|   0:00:01.0| 2851.8M|view_func_setup|  default| dmem_write_mask[1]                    |
|  -0.335| -10.414|   31.80%|   0:00:03.0| 2870.9M|view_func_setup|  default| dmem_write_mask[1]                    |
|  -0.335| -10.414|   31.80%|   0:00:00.0| 2870.9M|view_func_setup|  default| dmem_write_mask[1]                    |
|  -0.335| -10.414|   31.80%|   0:00:00.0| 2870.9M|view_func_setup|  default| dmem_write_mask[1]                    |
|  -0.299|  -8.222|   31.81%|   0:00:00.0| 2870.9M|view_func_setup|  default| dmem_write_mask[1]                    |
|  -0.299|  -8.161|   31.72%|   0:00:01.0| 2870.9M|view_func_setup|  default| dmem_write_mask[1]                    |
|  -0.299|  -8.161|   31.72%|   0:00:00.0| 2870.9M|view_func_setup|  default| dmem_write_mask[1]                    |
|  -0.299|  -8.161|   31.72%|   0:00:00.0| 2870.9M|view_func_setup|  default| dmem_write_mask[1]                    |
|  -0.299|  -8.040|   31.74%|   0:00:00.0| 2870.9M|view_func_setup|  default| dmem_write_mask[1]                    |
|  -0.299|  -8.040|   31.74%|   0:00:01.0| 2870.9M|view_func_setup|  default| dmem_write_mask[1]                    |
|  -0.299|  -8.040|   31.74%|   0:00:00.0| 2870.9M|view_func_setup|  default| dmem_write_mask[1]                    |
|  -0.299|  -8.040|   31.74%|   0:00:00.0| 2870.9M|view_func_setup|  default| dmem_write_mask[1]                    |
|  -0.299|  -7.947|   31.75%|   0:00:00.0| 2870.9M|view_func_setup|  default| dmem_write_mask[1]                    |
|  -0.299|  -7.947|   31.74%|   0:00:01.0| 2870.9M|view_func_setup|  default| dmem_write_mask[1]                    |
|  -0.299|  -7.947|   31.74%|   0:00:00.0| 2870.9M|view_func_setup|  default| dmem_write_mask[1]                    |
|  -0.299|  -7.947|   31.74%|   0:00:00.0| 2870.9M|view_func_setup|  default| dmem_write_mask[1]                    |
|  -0.300|  -7.940|   31.78%|   0:00:00.0| 2870.9M|view_func_setup|  default| dmem_write_mask[1]                    |
|  -0.300|  -7.940|   31.77%|   0:00:02.0| 2870.9M|view_func_setup|  default| dmem_write_mask[1]                    |
+--------+--------+---------+------------+--------+---------------+---------+---------------------------------------+

*** Finish pre-CTS Global Setup Fixing (cpu=0:00:11.8 real=0:00:12.0 mem=2870.9M) ***

*** Finish pre-CTS Setup Fixing (cpu=0:00:11.8 real=0:00:12.0 mem=2870.9M) ***
Bottom Preferred Layer:
+-----------+------------+----------+
|   Layer   |   OPT_LA   |   Rule   |
+-----------+------------+----------+
| M8 (z=8)  |         68 | default  |
+-----------+------------+----------+
Via Pillar Rule:
    None
** GigaOpt Global Opt End WNS Slack -0.300  TNS Slack -7.940 
*** GlobalOpt #1 [finish] (opt_design #1) : cpu/real = 0:00:12.7/0:00:12.7 (1.0), totSession cpu/real = 0:05:06.7/0:21:49.1 (0.2), mem = 2766.8M
End: GigaOpt Global Optimization
*** Timing NOT met, worst failing slack is -0.300
*** Check timing (0:00:00.0)
GigaOpt Checkpoint: Internal reclaim -numThreads 1 -preCTS -force -doRemoveUselessTerm -tgtSlackMult 3 -routeType -noRouteTypeResizePolish -noViewPrune -weedwhack -nonLegal -nativePathGroupFlow
Info: 3 ideal nets excluded from IPO operation.
Info: 1 clock net  excluded from IPO operation.
Begin: Area Reclaim Optimization
*** AreaOpt #1 [begin] (opt_design #1) : totSession cpu/real = 0:05:06.8/0:21:49.2 (0.2), mem = 2824.0M
Reclaim Optimization WNS Slack -0.300  TNS Slack -7.940 Density 31.77
+---------+---------+--------+--------+------------+--------+
| Density | Commits |  WNS   |  TNS   |    Real    |  Mem   |
+---------+---------+--------+--------+------------+--------+
|   31.77%|        -|  -0.300|  -7.940|   0:00:00.0| 2826.0M|
|   31.77%|        0|  -0.300|  -7.940|   0:00:00.0| 2826.0M|
|   31.77%|       53|  -0.244|  -6.696|   0:00:00.0| 2849.6M|
|   31.76%|       13|  -0.243|  -6.685|   0:00:01.0| 2849.6M|
|   31.18%|      829|  -0.236|  -6.805|   0:00:04.0| 2857.6M|
|   31.17%|       13|  -0.236|  -6.805|   0:00:00.0| 2857.6M|
|   31.17%|        0|  -0.236|  -6.805|   0:00:00.0| 2857.6M|
|   31.17%|        2|  -0.236|  -6.805|   0:00:00.0| 2857.6M|
+---------+---------+--------+--------+------------+--------+
Reclaim Optimization End WNS Slack -0.236  TNS Slack -6.805 Density 31.17
Bottom Preferred Layer:
+-----------+------------+----------+
|   Layer   |   OPT_LA   |   Rule   |
+-----------+------------+----------+
| M8 (z=8)  |         13 | default  |
+-----------+------------+----------+
Via Pillar Rule:
    None

Number of times islegalLocAvaiable called = 0 skipped = 0, called in commitmove = 0, skipped in commitmove = 0
End: Core Area Reclaim Optimization (cpu = 0:00:05.7) (real = 0:00:06.0) **
*** AreaOpt #1 [finish] (opt_design #1) : cpu/real = 0:00:05.7/0:00:05.7 (1.0), totSession cpu/real = 0:05:12.4/0:21:54.9 (0.2), mem = 2857.6M
Executing incremental physical updates
Executing incremental physical updates
End: Area Reclaim Optimization (cpu=0:00:06, real=0:00:06, mem=2777.54M, totSessionCpu=0:05:12).
*** IncrReplace #1 [begin] (opt_design #1) : totSession cpu/real = 0:05:12.5/0:21:55.0 (0.2), mem = 2777.5M
Info: Disable timing driven in postCTS congRepair.

Starting congRepair ...
[NR-eGR] Track table information for default rule: 
[NR-eGR] M1 has single uniform track structure
[NR-eGR] M2 has single uniform track structure
[NR-eGR] M3 has single uniform track structure
[NR-eGR] M4 has single uniform track structure
[NR-eGR] M5 has single uniform track structure
[NR-eGR] M6 has single uniform track structure
[NR-eGR] M7 has single uniform track structure
[NR-eGR] M8 has single uniform track structure
[NR-eGR] M9 has single uniform track structure
[NR-eGR] AP has single uniform track structure
[NR-eGR] Read 79610 PG shapes
[NR-eGR] Read 0 clock shapes
[NR-eGR] Read 0 other shapes
[NR-eGR] #Routing Blockages  : 0
[NR-eGR] #Instance Blockages : 0
[NR-eGR] #PG Blockages       : 79610
[NR-eGR] #Halo Blockages     : 0
[NR-eGR] #Boundary Blockages : 0
[NR-eGR] #Clock Blockages    : 0
[NR-eGR] #Other Blockages    : 0
[NR-eGR] Num Prerouted Nets = 0  Num Prerouted Wires = 0
[NR-eGR] Read 9418 nets ( ignored 0 )
[NR-eGR] There are 1 clock nets ( 0 with NDR ).
[NR-eGR] ============ Routing rule table ============
[NR-eGR] Rule id: 0  Nets: 9417
[NR-eGR] ========================================
[NR-eGR] 
[NR-eGR] Layer group 1: route 13 net(s) in layer range [8, 10]
[NR-eGR] Early Global Route overflow of layer group 1: 0.00% H + 0.00% V. EstWL: 7.921800e+03um
[NR-eGR] Layer group 2: route 9404 net(s) in layer range [2, 10]
[NR-eGR] Early Global Route overflow of layer group 2: 0.00% H + 0.00% V. EstWL: 3.238812e+05um
[NR-eGR] Congestion Analysis By layer: (blocked Gcells are excluded) 
[NR-eGR]                        OverCon           OverCon           OverCon           OverCon            
[NR-eGR]                         #Gcell            #Gcell            #Gcell            #Gcell     %Gcell
[NR-eGR]        Layer             (1-4)             (5-8)            (9-12)           (13-14)    OverCon
[NR-eGR] -------------------------------------------------------------------------------------------------
[NR-eGR]      M1 ( 1)         0( 0.00%)         0( 0.00%)         0( 0.00%)         0( 0.00%)   ( 0.00%) 
[NR-eGR]      M2 ( 2)         2( 0.00%)         0( 0.00%)         0( 0.00%)         0( 0.00%)   ( 0.00%) 
[NR-eGR]      M3 ( 3)         1( 0.00%)         0( 0.00%)         0( 0.00%)         0( 0.00%)   ( 0.00%) 
[NR-eGR]      M4 ( 4)        35( 0.07%)         0( 0.00%)         0( 0.00%)         0( 0.00%)   ( 0.07%) 
[NR-eGR]      M5 ( 5)         0( 0.00%)         0( 0.00%)         0( 0.00%)         0( 0.00%)   ( 0.00%) 
[NR-eGR]      M6 ( 6)         0( 0.00%)         0( 0.00%)         0( 0.00%)         0( 0.00%)   ( 0.00%) 
[NR-eGR]      M7 ( 7)         0( 0.00%)         0( 0.00%)         0( 0.00%)         0( 0.00%)   ( 0.00%) 
[NR-eGR]      M8 ( 8)         1( 0.00%)         0( 0.00%)         0( 0.00%)         0( 0.00%)   ( 0.00%) 
[NR-eGR]      M9 ( 9)         0( 0.00%)         5( 0.01%)         0( 0.00%)         2( 0.00%)   ( 0.01%) 
[NR-eGR]      AP (10)         0( 0.00%)         0( 0.00%)         0( 0.00%)         0( 0.00%)   ( 0.00%) 
[NR-eGR] -------------------------------------------------------------------------------------------------
[NR-eGR]        Total        39( 0.01%)         5( 0.00%)         0( 0.00%)         2( 0.00%)   ( 0.01%) 
[NR-eGR] 
[NR-eGR] Overflow after Early Global Route 0.00% H + 0.00% V
Early Global Route congestion estimation runtime: 0.23 seconds, mem = 2788.1M
Local HotSpot Analysis: normalized max congestion hotspot area = 0.00, normalized total congestion hotspot area = 0.00 (area is in unit of 4 std-cell row bins)
Skipped repairing congestion.
[NR-eGR]             Length (um)   Vias 
[NR-eGR] -------------------------------
[NR-eGR]  M1  (1H)             0  31391 
[NR-eGR]  M2  (2V)         91087  51428 
[NR-eGR]  M3  (3H)        119195   4929 
[NR-eGR]  M4  (4V)         24266   3848 
[NR-eGR]  M5  (5H)         53136   2331 
[NR-eGR]  M6  (6V)         36276    590 
[NR-eGR]  M7  (7H)           818    539 
[NR-eGR]  M8  (8V)          4067    785 
[NR-eGR]  M9  (9H)          4000     29 
[NR-eGR]  AP  (10V)           22      0 
[NR-eGR] -------------------------------
[NR-eGR]      Total       332866  95870 
[NR-eGR] --------------------------------------------------------------------------
[NR-eGR] Total half perimeter of net bounding box: 315429um
[NR-eGR] Total length: 332866um, number of vias: 95870
[NR-eGR] --------------------------------------------------------------------------
[NR-eGR] Total eGR-routed clock nets wire length: 6327um, number of vias: 3185
[NR-eGR] --------------------------------------------------------------------------
Early Global Route wiring runtime: 0.13 seconds, mem = 2737.1M
Tdgp not successfully inited but do clear! skip clearing
End of congRepair (cpu=0:00:00.3, real=0:00:00.0)
Start to check current routing status for nets...
All nets are already routed correctly.
End to check current routing status for nets (mem=2732.1M)
Extraction called for design 'riscv_core' of instances=9483 and nets=9458 using extraction engine 'pre_route' .
**WARN: (IMPEXT-3530):	The process node is not set. Use the command set_design_mode -process <process node> prior to extraction for maximum accuracy and optimal automatic threshold setting.
Type 'man IMPEXT-3530' for more detail.
pre_route RC Extraction called for design riscv_core.
RC Extraction called in multi-corner(3) mode.
RCMode: PreRoute
      RC Corner Indexes            0       1       2   
Capacitance Scaling Factor   : 1.00000 1.00000 1.00000 
Resistance Scaling Factor    : 1.00000 1.00000 1.00000 
Clock Cap. Scaling Factor    : 1.00000 1.00000 1.00000 
Clock Res. Scaling Factor    : 1.00000 1.00000 1.00000 
Shrink Factor                : 1.00000
PreRoute extraction is honoring NDR/Shielding/ExtraSpace for clock nets.
Using capacitance table file ...
Updating RC grid for preRoute extraction ...
Initializing multi-corner capacitance tables ... 
Initializing multi-corner resistance tables ...
PreRoute RC Extraction DONE (CPU Time: 0:00:00.2  Real Time: 0:00:00.0  MEM: 2732.105M)
**opt_design ... cpu = 0:00:31, real = 0:00:31, mem = 2390.9M, totSessionCpu=0:05:13 **
AAE_INFO: opIsDesignInPostRouteState() is 0
#################################################################################
# Design Stage: PreRoute
# Design Name: riscv_core
# Design Mode: 90nm
# Analysis Mode: MMMC OCV 
# Parasitics Mode: No SPEF/RCDB 
# Signoff Settings: SI Off 
#################################################################################
Start delay calculation (fullDC) (1 T). (MEM=2759.67)
Total number of fetched objects 9456
AAE_INFO: Total number of nets for which stage creation was skipped for all views 0
Total number of fetched objects 9456
AAE_INFO: Total number of nets for which stage creation was skipped for all views 0
End delay calculation. (MEM=2779.89 CPU=0:00:00.8 REAL=0:00:01.0)
End delay calculation (fullDC). (MEM=2779.89 CPU=0:00:01.1 REAL=0:00:01.0)
*** IncrReplace #1 [finish] (opt_design #1) : cpu/real = 0:00:01.9/0:00:02.0 (1.0), totSession cpu/real = 0:05:14.4/0:21:57.0 (0.2), mem = 2787.9M
Begin: GigaOpt DRV Optimization
GigaOpt Checkpoint: Internal optDRV -max_tran -max_cap -maxLocalDensity 1.2 -numThreads 1 -smallScaleFixing -maxIter 3 -setupTNSCostFactor 3.0 -preCTS
*** DrvOpt #3 [begin] (opt_design #1) : totSession cpu/real = 0:05:14.6/0:21:57.2 (0.2), mem = 2803.9M
Info: 3 ideal nets excluded from IPO operation.
Info: 1 clock net  excluded from IPO operation.
+-------------------------------------------------------------------------------------------------------------------------------------------------------+
|        max-tran       |        max-cap        |  max-fanout |  max-length |       setup       |        |        |        |       |          |         |
+-------------------------------------------------------------------------------------------------------------------------------------------------------+
| nets | terms|  wViol  | nets | terms|  wViol  | nets | terms| nets | terms|   WNS   |   TNS   |  #Buf  |  #Inv  | #Resize|Density|   Real   |   Mem   |
+-------------------------------------------------------------------------------------------------------------------------------------------------------+
|     1|     7|    -0.04|     6|     6|    -0.76|   241|   241|     0|     0|    -0.24|    -6.93|       0|       0|       0| 31.17%|          |         |
|     1|     7|    -0.04|     6|     6|    -0.76|   241|   241|     0|     0|    -0.24|    -6.93|       0|       0|       0| 31.17%| 0:00:00.0|  2839.0M|
+-------------------------------------------------------------------------------------------------------------------------------------------------------+
Bottom Preferred Layer:
+-----------+------------+----------+
|   Layer   |   OPT_LA   |   Rule   |
+-----------+------------+----------+
| M8 (z=8)  |         13 | default  |
+-----------+------------+----------+
Via Pillar Rule:
    None


=======================================================================
                Reasons for remaining drv violations
=======================================================================
*info: Total 7 net(s) have violations which can't be fixed by DRV optimization.

MultiBuffering failure reasons
------------------------------------------------
*info:     6 net(s): Could not be fixed because the net has unplaced term or invalid term for routing.
*info:     1 net(s): Could not be fixed as the net is considered as IPO ignored by the process.


*** Finish DRV Fixing (cpu=0:00:00.1 real=0:00:00.0 mem=2839.0M) ***

*** DrvOpt #3 [finish] (opt_design #1) : cpu/real = 0:00:00.8/0:00:00.8 (1.0), totSession cpu/real = 0:05:15.4/0:21:57.9 (0.2), mem = 2771.9M
End: GigaOpt DRV Optimization
GigaOpt DRV: restore maxLocalDensity to 0.98

------------------------------------------------------------------
     Summary (cpu=0.01min real=0.02min mem=2771.9M)
------------------------------------------------------------------

Setup views included:
 view_func_setup 

+--------------------+---------+---------+---------+
|     Setup mode     |   all   | reg2reg | default |
+--------------------+---------+---------+---------+
|           WNS (ns):| -0.239  |  1.795  | -0.239  |
|           TNS (ns):| -6.933  |  0.000  | -6.933  |
|    Violating Paths:|   39    |    0    |   39    |
|          All Paths:|  1158   |  1024   |  1158   |
+--------------------+---------+---------+---------+

+----------------+-------------------------------+------------------+
|                |              Real             |       Total      |
|    DRVs        +------------------+------------+------------------|
|                |  Nr nets(terms)  | Worst Vio  |  Nr nets(terms)  |
+----------------+------------------+------------+------------------+
|   max_cap      |      4 (4)       |   -0.716   |      4 (4)       |
|   max_tran     |      0 (0)       |   0.000    |      0 (0)       |
|   max_fanout   |    240 (240)     |    -310    |    242 (242)     |
|   max_length   |      0 (0)       |     0      |      0 (0)       |
+----------------+------------------+------------+------------------+

Density: 31.168%
Routing Overflow: 0.00% H and 0.00% V
------------------------------------------------------------------
**opt_design ... cpu = 0:00:33, real = 0:00:34, mem = 2455.4M, totSessionCpu=0:05:15 **
*** Timing NOT met, worst failing slack is -0.239
*** Check timing (0:00:00.0)
Begin: GigaOpt Optimization in WNS mode
GigaOpt Checkpoint: Internal optTiming -maxLocalDensity 1.0 -maxLocalDensityForHardenOpt 0.92 -numThreads 1 -preCTS -wtns -integratedAreaOpt -pgMode all -ipoTgtSlackCoef 1.5 -effTgtSlackCoef 1 -nativePathGroupFlow -NDROptEffortAuto -usefulSkew -nonLegalPlaceEcoBumpRecoveryInWNSOpt
Info: 3 ideal nets excluded from IPO operation.
Info: 1 clock net  excluded from IPO operation.
*** WnsOpt #1 [begin] (opt_design #1) : totSession cpu/real = 0:05:15.5/0:21:58.1 (0.2), mem = 2772.1M
*info: 1 clock net excluded
*info: 3 ideal nets excluded from IPO operation.
** GigaOpt Optimizer WNS Slack -0.239 TNS Slack -6.933 Density 31.17
OptDebug: Start of Optimizer WNS Pass 0:
+----------+------+------+
|Path Group|   WNS|   TNS|
+----------+------+------+
|default   |-0.239|-6.933|
|reg2reg   | 1.795| 0.000|
|HEPG      | 1.795| 0.000|
|All Paths |-0.239|-6.933|
+----------+------+------+

Active Path Group: default 
+--------+---------+--------+---------+---------+------------+--------+---------------+---------+---------------------------------------+
|  WNS   | All WNS |  TNS   | All TNS | Density |    Real    |  Mem   |  Worst View   |Pathgroup|               End Point               |
+--------+---------+--------+---------+---------+------------+--------+---------------+---------+---------------------------------------+
|  -0.239|   -0.239|  -6.933|   -6.933|   31.17%|   0:00:00.0| 2829.3M|view_func_setup|  default| alu_result[24]                        |
|  -0.235|   -0.235|  -6.859|   -6.859|   31.49%|   0:00:13.0| 3025.6M|view_func_setup|  default| alu_result[30]                        |
|  -0.215|   -0.215|  -6.740|   -6.740|   31.49%|   0:00:00.0| 3025.6M|view_func_setup|  default| alu_result[30]                        |
|  -0.213|   -0.213|  -6.699|   -6.699|   31.53%|   0:00:01.0| 3025.6M|view_func_setup|  default| alu_result[30]                        |
|  -0.204|   -0.204|  -6.597|   -6.597|   31.57%|   0:00:01.0| 3025.6M|view_func_setup|  default| alu_result[20]                        |
|  -0.210|   -0.210|  -6.512|   -6.512|   31.65%|   0:00:04.0| 3025.6M|view_func_setup|  default| alu_result[24]                        |
|  -0.202|   -0.202|  -6.427|   -6.427|   31.66%|   0:00:00.0| 3025.6M|view_func_setup|  default| dmem_write_mask[1]                    |
|  -0.198|   -0.198|  -6.393|   -6.393|   31.74%|   0:00:01.0| 3033.6M|view_func_setup|  default| alu_result[24]                        |
|  -0.198|   -0.198|  -6.369|   -6.369|   31.78%|   0:00:02.0| 3033.6M|view_func_setup|  default| alu_result[24]                        |
|  -0.194|   -0.194|  -6.320|   -6.320|   31.79%|   0:00:00.0| 3033.6M|view_func_setup|  default| dmem_write_mask[1]                    |
|  -0.192|   -0.192|  -6.241|   -6.241|   31.87%|   0:00:04.0| 3033.6M|view_func_setup|  default| alu_result[24]                        |
|  -0.192|   -0.192|  -6.101|   -6.101|   31.90%|   0:00:01.0| 3033.6M|view_func_setup|  default| alu_result[24]                        |
|  -0.192|   -0.192|  -6.080|   -6.080|   31.91%|   0:00:01.0| 3033.6M|view_func_setup|  default| alu_result[24]                        |
|  -0.193|   -0.193|  -5.996|   -5.996|   32.23%|   0:00:04.0| 3033.6M|view_func_setup|  default| alu_result[24]                        |
|  -0.193|   -0.193|  -5.957|   -5.957|   32.44%|   0:00:02.0| 3033.6M|view_func_setup|  default| alu_result[24]                        |
|  -0.192|   -0.192|  -5.945|   -5.945|   32.46%|   0:00:00.0| 3033.6M|view_func_setup|  default| alu_result[24]                        |
|  -0.192|   -0.192|  -5.933|   -5.933|   32.65%|   0:00:01.0| 3033.6M|view_func_setup|  default| alu_result[24]                        |
|  -0.192|   -0.192|  -5.926|   -5.926|   32.76%|   0:00:01.0| 3033.6M|view_func_setup|  default| alu_result[24]                        |
|  -0.192|   -0.192|  -5.926|   -5.926|   32.76%|   0:00:00.0| 3033.6M|view_func_setup|  default| alu_result[24]                        |
+--------+---------+--------+---------+---------+------------+--------+---------------+---------+---------------------------------------+

*** Finish Core Optimize Step (cpu=0:00:36.3 real=0:00:36.0 mem=3033.6M) ***

*** Finished Optimize Step Cumulative (cpu=0:00:36.3 real=0:00:36.0 mem=3033.6M) ***
OptDebug: End of Optimizer WNS Pass 0:
+----------+------+------+
|Path Group|   WNS|   TNS|
+----------+------+------+
|default   |-0.192|-5.926|
|reg2reg   | 1.744| 0.000|
|HEPG      | 1.744| 0.000|
|All Paths |-0.192|-5.926|
+----------+------+------+

** GigaOpt Optimizer WNS Slack -0.192 TNS Slack -5.926 Density 32.76
Begin: Area Reclaim Optimization
*** AreaOpt #2 [begin] (WnsOpt #1 / opt_design #1) : totSession cpu/real = 0:05:52.7/0:22:35.4 (0.3), mem = 3033.6M
Reclaim Optimization WNS Slack -0.192  TNS Slack -5.926 Density 32.76
+---------+---------+--------+--------+------------+--------+
| Density | Commits |  WNS   |  TNS   |    Real    |  Mem   |
+---------+---------+--------+--------+------------+--------+
|   32.76%|        -|  -0.192|  -5.926|   0:00:00.0| 3033.6M|
|   32.74%|       11|  -0.192|  -5.923|   0:00:01.0| 3033.6M|
|   32.74%|        0|  -0.192|  -5.923|   0:00:00.0| 3033.6M|
+---------+---------+--------+--------+------------+--------+
Reclaim Optimization End WNS Slack -0.192  TNS Slack -5.923 Density 32.74
Bottom Preferred Layer:
+-----------+------------+----------+
|   Layer   |   OPT_LA   |   Rule   |
+-----------+------------+----------+
| M8 (z=8)  |         18 | default  |
+-----------+------------+----------+
Via Pillar Rule:
    None

Number of times islegalLocAvaiable called = 0 skipped = 0, called in commitmove = 0, skipped in commitmove = 0
End: Core Area Reclaim Optimization (cpu = 0:00:00.5) (real = 0:00:01.0) **
*** AreaOpt #2 [finish] (WnsOpt #1 / opt_design #1) : cpu/real = 0:00:00.5/0:00:00.6 (1.0), totSession cpu/real = 0:05:53.3/0:22:35.9 (0.3), mem = 3033.6M
End: Area Reclaim Optimization (cpu=0:00:01, real=0:00:01, mem=2881.59M, totSessionCpu=0:05:53).
*** Starting place_detail (0:05:53 mem=2881.6M) ***
Total net bbox length = 3.174e+05 (1.777e+05 1.398e+05) (ext = 5.112e+04)

Starting Small incrNP...
Density distribution unevenness ratio = 16.576%
Skipped incrNP (cpu=0:00:00.0, real=0:00:00.0, mem=2881.6M)
End of Small incrNP (cpu=0:00:00.0, real=0:00:00.0)
Move report: Detail placement moves 1058 insts, mean move: 0.68 um, max move: 3.40 um 
	Max move on inst (FE_RC_1048_0): (-5.40, 86.00) --> (-7.00, 84.20)
	Runtime: CPU: 0:00:00.1 REAL: 0:00:00.0 MEM: 2881.6MB
Summary Report:
Instances move: 1058 (out of 9252 movable)
Instances flipped: 0
Mean displacement: 0.68 um
Max displacement: 3.40 um (Instance: FE_RC_1048_0) (-5.4, 86) -> (-7, 84.2)
	Length: 18 sites, height: 1 rows, site name: core, cell type: OAI21D4
Total net bbox length = 3.179e+05 (1.779e+05 1.399e+05) (ext = 5.112e+04)
Runtime: CPU: 0:00:00.1 REAL: 0:00:00.0 MEM: 2881.6MB
*** Finished place_detail (0:05:53 mem=2881.6M) ***
*** maximum move = 3.40 um ***
*** Finished re-routing un-routed nets (2881.6M) ***

*** Finish Physical Update (cpu=0:00:00.2 real=0:00:00.0 mem=2881.6M) ***
** GigaOpt Optimizer WNS Slack -0.192 TNS Slack -5.923 Density 32.74
OptDebug: Start of Optimizer WNS Pass 1:
+----------+------+------+
|Path Group|   WNS|   TNS|
+----------+------+------+
|default   |-0.192|-5.923|
|reg2reg   | 1.744| 0.000|
|HEPG      | 1.744| 0.000|
|All Paths |-0.192|-5.923|
+----------+------+------+

Active Path Group: default 
+--------+---------+--------+---------+---------+------------+--------+---------------+---------+---------------------------------------+
|  WNS   | All WNS |  TNS   | All TNS | Density |    Real    |  Mem   |  Worst View   |Pathgroup|               End Point               |
+--------+---------+--------+---------+---------+------------+--------+---------------+---------+---------------------------------------+
|  -0.192|   -0.192|  -5.923|   -5.923|   32.74%|   0:00:00.0| 2881.6M|view_func_setup|  default| alu_result[24]                        |
|  -0.175|   -0.175|  -5.300|   -5.300|   33.13%|   0:00:24.0| 3072.4M|view_func_setup|  default| alu_result[24]                        |
|  -0.178|   -0.178|  -5.164|   -5.164|   33.37%|   0:00:16.0| 3072.4M|view_func_setup|  default| alu_result[24]                        |
|  -0.177|   -0.177|  -5.064|   -5.064|   33.57%|   0:00:04.0| 3072.4M|view_func_setup|  default| alu_result[24]                        |
|  -0.177|   -0.177|  -5.052|   -5.052|   33.61%|   0:00:01.0| 3072.4M|view_func_setup|  default| alu_result[24]                        |
|  -0.178|   -0.178|  -5.044|   -5.044|   33.80%|   0:00:03.0| 3072.4M|view_func_setup|  default| alu_result[24]                        |
|  -0.178|   -0.178|  -5.031|   -5.031|   33.88%|   0:00:01.0| 3072.4M|view_func_setup|  default| alu_result[24]                        |
|  -0.178|   -0.178|  -5.031|   -5.031|   33.89%|   0:00:00.0| 3072.4M|view_func_setup|  default| alu_result[24]                        |
|  -0.178|   -0.178|  -5.031|   -5.031|   33.89%|   0:00:00.0| 3072.4M|view_func_setup|  default| alu_result[24]                        |
+--------+---------+--------+---------+---------+------------+--------+---------------+---------+---------------------------------------+

*** Finish Core Optimize Step (cpu=0:00:49.0 real=0:00:49.0 mem=3072.4M) ***

*** Finished Optimize Step Cumulative (cpu=0:00:49.0 real=0:00:49.0 mem=3072.4M) ***
OptDebug: End of Optimizer WNS Pass 1:
+----------+------+------+
|Path Group|   WNS|   TNS|
+----------+------+------+
|default   |-0.178|-5.031|
|reg2reg   | 1.760| 0.000|
|HEPG      | 1.760| 0.000|
|All Paths |-0.178|-5.031|
+----------+------+------+

** GigaOpt Optimizer WNS Slack -0.178 TNS Slack -5.031 Density 33.89
Begin: Area Reclaim Optimization
*** AreaOpt #3 [begin] (WnsOpt #1 / opt_design #1) : totSession cpu/real = 0:06:42.7/0:23:25.5 (0.3), mem = 3072.4M
Reclaim Optimization WNS Slack -0.178  TNS Slack -5.031 Density 33.89
+---------+---------+--------+--------+------------+--------+
| Density | Commits |  WNS   |  TNS   |    Real    |  Mem   |
+---------+---------+--------+--------+------------+--------+
|   33.89%|        -|  -0.178|  -5.031|   0:00:00.0| 3072.4M|
|   33.88%|        7|  -0.178|  -5.026|   0:00:01.0| 3072.4M|
|   33.88%|        0|  -0.178|  -5.026|   0:00:00.0| 3072.4M|
+---------+---------+--------+--------+------------+--------+
Reclaim Optimization End WNS Slack -0.178  TNS Slack -5.026 Density 33.88
Bottom Preferred Layer:
+-----------+------------+----------+
|   Layer   |   OPT_LA   |   Rule   |
+-----------+------------+----------+
| M8 (z=8)  |         20 | default  |
+-----------+------------+----------+
Via Pillar Rule:
    None

Number of times islegalLocAvaiable called = 0 skipped = 0, called in commitmove = 0, skipped in commitmove = 0
End: Core Area Reclaim Optimization (cpu = 0:00:00.6) (real = 0:00:01.0) **
*** AreaOpt #3 [finish] (WnsOpt #1 / opt_design #1) : cpu/real = 0:00:00.6/0:00:00.6 (1.0), totSession cpu/real = 0:06:43.3/0:23:26.1 (0.3), mem = 3072.4M
End: Area Reclaim Optimization (cpu=0:00:01, real=0:00:01, mem=2921.37M, totSessionCpu=0:06:43).
*** Starting place_detail (0:06:43 mem=2921.4M) ***
Total net bbox length = 3.203e+05 (1.790e+05 1.413e+05) (ext = 5.112e+04)

Starting Small incrNP...
Density distribution unevenness ratio = 16.977%
Skipped incrNP (cpu=0:00:00.0, real=0:00:00.0, mem=2921.4M)
End of Small incrNP (cpu=0:00:00.0, real=0:00:00.0)
Move report: Detail placement moves 876 insts, mean move: 0.71 um, max move: 5.60 um 
	Max move on inst (FE_RC_959_0): (128.60, -108.40) --> (132.40, -106.60)
	Runtime: CPU: 0:00:00.2 REAL: 0:00:00.0 MEM: 2905.4MB
Summary Report:
Instances move: 876 (out of 9360 movable)
Instances flipped: 83
Mean displacement: 0.71 um
Max displacement: 5.60 um (Instance: FE_RC_959_0) (128.6, -108.4) -> (132.4, -106.6)
	Length: 18 sites, height: 1 rows, site name: core, cell type: OAI21D4
Total net bbox length = 3.207e+05 (1.792e+05 1.415e+05) (ext = 5.112e+04)
Runtime: CPU: 0:00:00.2 REAL: 0:00:00.0 MEM: 2905.4MB
*** Finished place_detail (0:06:44 mem=2905.4M) ***
*** maximum move = 5.60 um ***
*** Finished re-routing un-routed nets (2905.4M) ***

*** Finish Physical Update (cpu=0:00:00.3 real=0:00:00.0 mem=2921.4M) ***
** GigaOpt Optimizer WNS Slack -0.178 TNS Slack -5.026 Density 33.88
OptDebug: End of Setup Fixing:
+----------+------+------+
|Path Group|   WNS|   TNS|
+----------+------+------+
|default   |-0.178|-5.026|
|reg2reg   | 1.762| 0.000|
|HEPG      | 1.762| 0.000|
|All Paths |-0.178|-5.026|
+----------+------+------+

Bottom Preferred Layer:
+-----------+------------+----------+
|   Layer   |   OPT_LA   |   Rule   |
+-----------+------------+----------+
| M8 (z=8)  |         20 | default  |
+-----------+------------+----------+
Via Pillar Rule:
    None

*** Finish pre-CTS Setup Fixing (cpu=0:01:27 real=0:01:27 mem=2921.4M) ***

*** WnsOpt #1 [finish] (opt_design #1) : cpu/real = 0:01:28.2/0:01:28.4 (1.0), totSession cpu/real = 0:06:43.7/0:23:26.5 (0.3), mem = 2837.3M
End: GigaOpt Optimization in WNS mode
*** Timing NOT met, worst failing slack is -0.178
*** Check timing (0:00:00.0)
Begin: GigaOpt Optimization in TNS mode
GigaOpt Checkpoint: Internal optTiming -allEndPoints -maxLocalDensity 0.95 -maxLocalDensityForHardenOpt 0.92 -numThreads 1 -preCTS -pgMode all -nativePathGroupFlow -wtns -nonLegalPlaceEcoBumpRecoveryInTNSOpt -NDROptEffortAuto -ipoTgtSlackCoef 1.5 -effTgtSlackCoef 1
Info: 3 ideal nets excluded from IPO operation.
Info: 1 clock net  excluded from IPO operation.
*** TnsOpt #1 [begin] (opt_design #1) : totSession cpu/real = 0:06:43.7/0:23:26.5 (0.3), mem = 2829.3M
*info: 1 clock net excluded
*info: 3 ideal nets excluded from IPO operation.
** GigaOpt Optimizer WNS Slack -0.178 TNS Slack -5.026 Density 33.88
OptDebug: Start of Optimizer TNS Pass:
+----------+------+------+
|Path Group|   WNS|   TNS|
+----------+------+------+
|default   |-0.178|-5.026|
|reg2reg   | 1.762| 0.000|
|HEPG      | 1.762| 0.000|
|All Paths |-0.178|-5.026|
+----------+------+------+

Active Path Group: default 
+--------+---------+--------+---------+---------+------------+--------+---------------+---------+---------------------------------------+
|  WNS   | All WNS |  TNS   | All TNS | Density |    Real    |  Mem   |  Worst View   |Pathgroup|               End Point               |
+--------+---------+--------+---------+---------+------------+--------+---------------+---------+---------------------------------------+
|  -0.178|   -0.178|  -5.026|   -5.026|   33.88%|   0:00:00.0| 2888.5M|view_func_setup|  default| alu_result[24]                        |
|  -0.173|   -0.173|  -4.966|   -4.966|   33.98%|   0:00:08.0| 3026.6M|view_func_setup|  default| alu_result[25]                        |
|  -0.173|   -0.173|  -4.873|   -4.873|   34.02%|   0:00:07.0| 3026.6M|view_func_setup|  default| alu_result[25]                        |
|  -0.173|   -0.173|  -4.868|   -4.868|   34.02%|   0:00:00.0| 3026.6M|view_func_setup|  default| alu_result[25]                        |
|  -0.175|   -0.175|  -4.854|   -4.854|   34.06%|   0:00:01.0| 3026.6M|view_func_setup|  default| alu_result[27]                        |
|  -0.173|   -0.173|  -4.811|   -4.811|   34.06%|   0:00:02.0| 3026.6M|view_func_setup|  default| alu_result[25]                        |
|  -0.173|   -0.173|  -4.718|   -4.718|   34.10%|   0:00:06.0| 3102.9M|view_func_setup|  default| alu_result[21]                        |
|  -0.173|   -0.173|  -4.712|   -4.712|   34.11%|   0:00:00.0| 3102.9M|view_func_setup|  default| alu_result[26]                        |
|  -0.173|   -0.173|  -4.647|   -4.647|   34.16%|   0:00:02.0| 3102.9M|view_func_setup|  default| alu_result[26]                        |
|  -0.173|   -0.173|  -4.582|   -4.582|   34.20%|   0:00:02.0| 3102.9M|view_func_setup|  default| alu_result[19]                        |
|  -0.173|   -0.173|  -4.501|   -4.501|   34.22%|   0:00:00.0| 3102.9M|view_func_setup|  default| alu_result[19]                        |
|  -0.173|   -0.173|  -4.488|   -4.488|   34.22%|   0:00:00.0| 3102.9M|view_func_setup|  default| alu_result[19]                        |
|  -0.173|   -0.173|  -4.505|   -4.505|   34.28%|   0:00:02.0| 3102.9M|view_func_setup|  default| alu_result[13]                        |
|  -0.173|   -0.173|  -4.493|   -4.493|   34.28%|   0:00:00.0| 3102.9M|view_func_setup|  default| dmem_write_mask[2]                    |
|  -0.173|   -0.173|  -4.475|   -4.475|   34.29%|   0:00:01.0| 3102.9M|view_func_setup|  default| dmem_write_mask[2]                    |
|  -0.173|   -0.173|  -4.468|   -4.468|   34.27%|   0:00:00.0| 3102.9M|view_func_setup|  default| dmem_write_mask[2]                    |
|  -0.173|   -0.173|  -4.463|   -4.463|   34.28%|   0:00:00.0| 3102.9M|view_func_setup|  default| dmem_write_mask[2]                    |
|  -0.173|   -0.173|  -4.460|   -4.460|   34.28%|   0:00:00.0| 3102.9M|view_func_setup|  default| dmem_write_mask[2]                    |
|  -0.173|   -0.173|  -4.439|   -4.439|   34.29%|   0:00:00.0| 3102.9M|view_func_setup|  default| alu_result[2]                         |
|  -0.173|   -0.173|  -4.439|   -4.439|   34.30%|   0:00:01.0| 3102.9M|view_func_setup|  default| alu_result[25]                        |
+--------+---------+--------+---------+---------+------------+--------+---------------+---------+---------------------------------------+

*** Finish Core Optimize Step (cpu=0:00:31.4 real=0:00:32.0 mem=3102.9M) ***

*** Finished Optimize Step Cumulative (cpu=0:00:31.4 real=0:00:32.0 mem=3102.9M) ***
OptDebug: End of Optimizer TNS Pass:
+----------+------+------+
|Path Group|   WNS|   TNS|
+----------+------+------+
|default   |-0.173|-4.439|
|reg2reg   | 1.812| 0.000|
|HEPG      | 1.812| 0.000|
|All Paths |-0.173|-4.439|
+----------+------+------+

*** Starting place_detail (0:07:16 mem=2916.9M) ***
Total net bbox length = 3.223e+05 (1.799e+05 1.424e+05) (ext = 5.110e+04)

Starting Small incrNP...
Density distribution unevenness ratio = 17.098%
Skipped incrNP (cpu=0:00:00.0, real=0:00:00.0, mem=2916.9M)
End of Small incrNP (cpu=0:00:00.0, real=0:00:00.0)
Move report: Detail placement moves 417 insts, mean move: 0.71 um, max move: 4.00 um 
	Max move on inst (FE_RC_1634_0): (111.80, -160.60) --> (109.60, -158.80)
	Runtime: CPU: 0:00:00.2 REAL: 0:00:00.0 MEM: 2900.9MB
Summary Report:
Instances move: 417 (out of 9447 movable)
Instances flipped: 0
Mean displacement: 0.71 um
Max displacement: 4.00 um (Instance: FE_RC_1634_0) (111.8, -160.6) -> (109.6, -158.8)
	Length: 12 sites, height: 1 rows, site name: core, cell type: CKND2D4
Total net bbox length = 3.225e+05 (1.800e+05 1.424e+05) (ext = 5.109e+04)
Runtime: CPU: 0:00:00.2 REAL: 0:00:00.0 MEM: 2900.9MB
*** Finished place_detail (0:07:16 mem=2900.9M) ***
*** maximum move = 4.00 um ***
*** Finished re-routing un-routed nets (2900.9M) ***

*** Finish Physical Update (cpu=0:00:00.3 real=0:00:00.0 mem=2916.9M) ***
** GigaOpt Optimizer WNS Slack -0.173 TNS Slack -4.439 Density 34.30
OptDebug: End of Setup Fixing:
+----------+------+------+
|Path Group|   WNS|   TNS|
+----------+------+------+
|default   |-0.173|-4.439|
|reg2reg   | 1.812| 0.000|
|HEPG      | 1.812| 0.000|
|All Paths |-0.173|-4.439|
+----------+------+------+

Bottom Preferred Layer:
+-----------+------------+----------+
|   Layer   |   OPT_LA   |   Rule   |
+-----------+------------+----------+
| M8 (z=8)  |         27 | default  |
+-----------+------------+----------+
Via Pillar Rule:
    None

*** Finish pre-CTS Setup Fixing (cpu=0:00:32.0 real=0:00:32.0 mem=2916.9M) ***

*** TnsOpt #1 [finish] (opt_design #1) : cpu/real = 0:00:32.6/0:00:32.7 (1.0), totSession cpu/real = 0:07:16.4/0:23:59.3 (0.3), mem = 2833.8M
End: GigaOpt Optimization in TNS mode
GigaOpt Checkpoint: Internal reclaim -noViewPrune -rebufferOnly -costCleanup -preRouteDontEndWithRefinePlaceIncrSteinerRouteDC -force -numThreads 1 -preCTS
Info: 3 ideal nets excluded from IPO operation.
Info: 1 clock net  excluded from IPO operation.
Begin: Area Reclaim Optimization
*** AreaOpt #4 [begin] (opt_design #1) : totSession cpu/real = 0:07:16.4/0:23:59.3 (0.3), mem = 2891.1M
Reclaim Optimization WNS Slack -0.173  TNS Slack -4.439 Density 34.30
+---------+---------+--------+--------+------------+--------+
| Density | Commits |  WNS   |  TNS   |    Real    |  Mem   |
+---------+---------+--------+--------+------------+--------+
|   34.30%|        -|  -0.173|  -4.439|   0:00:00.0| 2891.1M|
|   34.07%|      132|  -0.168|  -4.539|   0:00:17.0| 3113.0M|
+---------+---------+--------+--------+------------+--------+
Reclaim Optimization End WNS Slack -0.168  TNS Slack -4.539 Density 34.07
Bottom Preferred Layer:
+-----------+------------+----------+
|   Layer   |   OPT_LA   |   Rule   |
+-----------+------------+----------+
| M8 (z=8)  |         31 | default  |
+-----------+------------+----------+
Via Pillar Rule:
    None

Number of times islegalLocAvaiable called = 0 skipped = 0, called in commitmove = 0, skipped in commitmove = 0
End: Core Area Reclaim Optimization (cpu = 0:00:17.2) (real = 0:00:17.0) **
*** AreaOpt #4 [finish] (opt_design #1) : cpu/real = 0:00:17.2/0:00:17.2 (1.0), totSession cpu/real = 0:07:33.6/0:24:16.6 (0.3), mem = 3113.0M
End: Area Reclaim Optimization (cpu=0:00:17, real=0:00:17, mem=2857.91M, totSessionCpu=0:07:34).
GigaOpt Checkpoint: Internal reclaim -numThreads 1 -customPhyUpdate -noGCompAndPhase -ensureOneAreaReclaim -force -svrReclaim -rtrShortNets -allowDegradingShortNetRemoval -preCTS -tgtSlackMult 2 -wtns -noRouteTypeResizePolish -noViewPrune -nativePathGroupFlow
Info: 3 ideal nets excluded from IPO operation.
Info: 1 clock net  excluded from IPO operation.
Begin: Area Reclaim Optimization
*** AreaOpt #5 [begin] (opt_design #1) : totSession cpu/real = 0:07:33.7/0:24:16.6 (0.3), mem = 2915.1M
Reclaim Optimization WNS Slack -0.168  TNS Slack -4.539 Density 34.07
+---------+---------+--------+--------+------------+--------+
| Density | Commits |  WNS   |  TNS   |    Real    |  Mem   |
+---------+---------+--------+--------+------------+--------+
|   34.07%|        -|  -0.168|  -4.539|   0:00:00.0| 2915.1M|
|   34.07%|        4|  -0.167|  -4.535|   0:00:00.0| 2934.2M|
|   34.06%|        6|  -0.167|  -4.535|   0:00:00.0| 2938.7M|
|   33.26%|      875|  -0.159|  -4.771|   0:00:04.0| 2940.7M|
|   33.24%|       13|  -0.159|  -4.792|   0:00:00.0| 2940.7M|
|   33.24%|        0|  -0.159|  -4.792|   0:00:00.0| 2940.7M|
|   33.24%|        1|  -0.159|  -4.792|   0:00:00.0| 2940.7M|
+---------+---------+--------+--------+------------+--------+
Reclaim Optimization End WNS Slack -0.159  TNS Slack -4.792 Density 33.24
Bottom Preferred Layer:
+-----------+------------+----------+
|   Layer   |   OPT_LA   |   Rule   |
+-----------+------------+----------+
| M8 (z=8)  |         26 | default  |
+-----------+------------+----------+
Via Pillar Rule:
    None

Number of times islegalLocAvaiable called = 2465 skipped = 0, called in commitmove = 888, skipped in commitmove = 0
End: Core Area Reclaim Optimization (cpu = 0:00:04.4) (real = 0:00:05.0) **
*** Starting place_detail (0:07:38 mem=2940.7M) ***
Total net bbox length = 3.221e+05 (1.797e+05 1.424e+05) (ext = 5.109e+04)
Move report: Detail placement moves 140 insts, mean move: 1.13 um, max move: 4.20 um 
	Max move on inst (FE_OFC1694_FE_DBTN22_n_44318): (-14.20, 138.20) --> (-18.40, 138.20)
	Runtime: CPU: 0:00:00.1 REAL: 0:00:00.0 MEM: 2927.8MB
Summary Report:
Instances move: 140 (out of 9379 movable)
Instances flipped: 0
Mean displacement: 1.13 um
Max displacement: 4.20 um (Instance: FE_OFC1694_FE_DBTN22_n_44318) (-14.2, 138.2) -> (-18.4, 138.2)
	Length: 22 sites, height: 1 rows, site name: core, cell type: CKND16
Total net bbox length = 3.221e+05 (1.797e+05 1.424e+05) (ext = 5.109e+04)
Runtime: CPU: 0:00:00.1 REAL: 0:00:00.0 MEM: 2927.8MB
*** Finished place_detail (0:07:38 mem=2927.8M) ***
*** maximum move = 4.20 um ***
*** Finished re-routing un-routed nets (2924.8M) ***

*** Finish Physical Update (cpu=0:00:00.3 real=0:00:00.0 mem=2940.8M) ***
*** AreaOpt #5 [finish] (opt_design #1) : cpu/real = 0:00:04.6/0:00:04.7 (1.0), totSession cpu/real = 0:07:38.3/0:24:21.3 (0.3), mem = 2940.8M
End: Area Reclaim Optimization (cpu=0:00:05, real=0:00:05, mem=2859.72M, totSessionCpu=0:07:38).
GigaOpt Checkpoint: Internal congRefineRouteType -postCTS -resetVeryShortNets -rescheduleForAdherence  
Begin: GigaOpt Route Type Constraints Refinement
*** CongRefineRouteType #2 [begin] (opt_design #1) : totSession cpu/real = 0:07:38.4/0:24:21.3 (0.3), mem = 2859.7M
Updated routing constraints on 0 nets.
Bottom Preferred Layer:
+-----------+------------+----------+
|   Layer   |   OPT_LA   |   Rule   |
+-----------+------------+----------+
| M8 (z=8)  |         26 | default  |
+-----------+------------+----------+
Via Pillar Rule:
    None
*** CongRefineRouteType #2 [finish] (opt_design #1) : cpu/real = 0:00:00.0/0:00:00.0 (1.1), totSession cpu/real = 0:07:38.4/0:24:21.4 (0.3), mem = 2859.7M
End: GigaOpt Route Type Constraints Refinement
OPTC: user 20.0
Begin: GigaOpt postEco DRV Optimization
GigaOpt Checkpoint: Internal optDRV -inPostEcoStage -smallScaleFixing -maxIter 3 -max_tran -max_cap -maxLocalDensity 0.98 -numThreads 1 -preRouteDontEndWithRefinePlaceIncrSteinerRouteDC -preCTS
*** DrvOpt #4 [begin] (opt_design #1) : totSession cpu/real = 0:07:38.4/0:24:21.4 (0.3), mem = 2859.7M
Info: 3 ideal nets excluded from IPO operation.
Info: 1 clock net  excluded from IPO operation.
+-------------------------------------------------------------------------------------------------------------------------------------------------------+
|        max-tran       |        max-cap        |  max-fanout |  max-length |       setup       |        |        |        |       |          |         |
+-------------------------------------------------------------------------------------------------------------------------------------------------------+
| nets | terms|  wViol  | nets | terms|  wViol  | nets | terms| nets | terms|   WNS   |   TNS   |  #Buf  |  #Inv  | #Resize|Density|   Real   |   Mem   |
+-------------------------------------------------------------------------------------------------------------------------------------------------------+
|     1|     7|    -0.07|     7|     7|    -0.73|   238|   238|     0|     0|    -0.16|    -4.79|       0|       0|       0| 33.24%|          |         |
|     1|     7|    -0.07|     7|     7|    -0.73|   238|   238|     0|     0|    -0.16|    -4.79|       0|       0|       0| 33.24%| 0:00:00.0|  2917.0M|
+-------------------------------------------------------------------------------------------------------------------------------------------------------+
Bottom Preferred Layer:
+-----------+------------+----------+
|   Layer   |   OPT_LA   |   Rule   |
+-----------+------------+----------+
| M8 (z=8)  |         26 | default  |
+-----------+------------+----------+
Via Pillar Rule:
    None


=======================================================================
                Reasons for remaining drv violations
=======================================================================
*info: Total 8 net(s) have violations which can't be fixed by DRV optimization.

MultiBuffering failure reasons
------------------------------------------------
*info:     7 net(s): Could not be fixed because the net has unplaced term or invalid term for routing.
*info:     1 net(s): Could not be fixed as the net is considered as IPO ignored by the process.


*** Finish DRV Fixing (cpu=0:00:00.1 real=0:00:00.0 mem=2917.0M) ***

*** DrvOpt #4 [finish] (opt_design #1) : cpu/real = 0:00:00.3/0:00:00.3 (1.0), totSession cpu/real = 0:07:38.6/0:24:21.6 (0.3), mem = 2859.9M
End: GigaOpt postEco DRV Optimization
GigaOpt: WNS changes after routing: -0.016 -> -0.016 (bump = 0.0)
GigaOpt: WNS bump threshold: -25.6
Begin: GigaOpt postEco optimization
GigaOpt Checkpoint: Internal optTiming -setupRecovery -postEco -maxLocalDensity 1.0 -numThreads 1  -NDROptEffortAuto -nativePathGroupFlow -ipoTgtSlackCoef 0 -effTgtSlackCoef 0
Info: 3 ideal nets excluded from IPO operation.
Info: 1 clock net  excluded from IPO operation.
*** WnsOpt #2 [begin] (opt_design #1) : totSession cpu/real = 0:07:38.7/0:24:21.7 (0.3), mem = 2859.9M
*info: 1 clock net excluded
*info: 3 ideal nets excluded from IPO operation.
** GigaOpt Optimizer WNS Slack -0.159 TNS Slack -4.792 Density 33.24
OptDebug: Start of Optimizer WNS Pass 0:
+----------+------+------+
|Path Group|   WNS|   TNS|
+----------+------+------+
|default   |-0.159|-4.792|
|reg2reg   | 1.765| 0.000|
|HEPG      | 1.765| 0.000|
|All Paths |-0.159|-4.792|
+----------+------+------+

Active Path Group: default 
+--------+---------+--------+---------+---------+------------+--------+---------------+---------+---------------------------------------+
|  WNS   | All WNS |  TNS   | All TNS | Density |    Real    |  Mem   |  Worst View   |Pathgroup|               End Point               |
+--------+---------+--------+---------+---------+------------+--------+---------------+---------+---------------------------------------+
|  -0.159|   -0.159|  -4.792|   -4.792|   33.24%|   0:00:00.0| 2919.1M|view_func_setup|  default| alu_result[30]                        |
|  -0.156|   -0.156|  -4.768|   -4.768|   33.36%|   0:00:09.0| 3095.3M|view_func_setup|  default| alu_result[31]                        |
+--------+---------+--------+---------+---------+------------+--------+---------------+---------+---------------------------------------+

*** Finish Core Optimize Step (cpu=0:00:08.8 real=0:00:09.0 mem=3095.3M) ***

*** Finished Optimize Step Cumulative (cpu=0:00:08.8 real=0:00:09.0 mem=3095.3M) ***
OptDebug: End of Optimizer WNS Pass 0:
+----------+------+------+
|Path Group|   WNS|   TNS|
+----------+------+------+
|default   |-0.156|-4.768|
|reg2reg   | 1.733| 0.000|
|HEPG      | 1.733| 0.000|
|All Paths |-0.156|-4.768|
+----------+------+------+

** GigaOpt Optimizer WNS Slack -0.156 TNS Slack -4.768 Density 33.36
*** Starting place_detail (0:07:48 mem=2941.3M) ***
Total net bbox length = 3.223e+05 (1.797e+05 1.425e+05) (ext = 5.109e+04)
Move report: Detail placement moves 0 insts, mean move: 0.00 um, max move: 0.00 um 
	Runtime: CPU: 0:00:00.1 REAL: 0:00:00.0 MEM: 2925.3MB
Summary Report:
Instances move: 0 (out of 9402 movable)
Instances flipped: 0
Mean displacement: 0.00 um
Max displacement: 0.00 um 
Total net bbox length = 3.223e+05 (1.797e+05 1.425e+05) (ext = 5.109e+04)
Runtime: CPU: 0:00:00.1 REAL: 0:00:00.0 MEM: 2925.3MB
*** Finished place_detail (0:07:48 mem=2925.3M) ***
*** maximum move = 0.00 um ***
*** Finished re-routing un-routed nets (2925.3M) ***

*** Finish Physical Update (cpu=0:00:00.3 real=0:00:00.0 mem=2941.3M) ***
** GigaOpt Optimizer WNS Slack -0.156 TNS Slack -4.768 Density 33.36
OptDebug: End of Setup Fixing:
+----------+------+------+
|Path Group|   WNS|   TNS|
+----------+------+------+
|default   |-0.156|-4.768|
|reg2reg   | 1.733| 0.000|
|HEPG      | 1.733| 0.000|
|All Paths |-0.156|-4.768|
+----------+------+------+

Bottom Preferred Layer:
+-----------+------------+----------+
|   Layer   |   OPT_LA   |   Rule   |
+-----------+------------+----------+
| M8 (z=8)  |         27 | default  |
+-----------+------------+----------+
Via Pillar Rule:
    None

*** Finish pre-CTS Setup Fixing (cpu=0:00:09.4 real=0:00:09.0 mem=2941.3M) ***

*** WnsOpt #2 [finish] (opt_design #1) : cpu/real = 0:00:09.6/0:00:09.6 (1.0), totSession cpu/real = 0:07:48.3/0:24:31.3 (0.3), mem = 2852.3M
End: GigaOpt postEco optimization
GigaOpt: WNS changes after postEco optimization: -0.016 -> -0.016 (bump = 0.0)
GigaOpt: Skipping nonLegal postEco optimization
Design TNS changes after trial route: -4.792 -> -4.768
Begin: GigaOpt TNS recovery
GigaOpt Checkpoint: Internal optTiming -setupRecovery -allEndPoints -maxLocalDensity 1.0 -numThreads 1 -nativePathGroupFlow  -NDROptEffortAuto  -ipoTgtSlackCoef 0 -effTgtSlackCoef 0 -postEco -tnsBumpRecoveryInTNS
Info: 3 ideal nets excluded from IPO operation.
Info: 1 clock net  excluded from IPO operation.
*** TnsOpt #2 [begin] (opt_design #1) : totSession cpu/real = 0:07:48.3/0:24:31.3 (0.3), mem = 2852.3M
*info: 1 clock net excluded
*info: 3 ideal nets excluded from IPO operation.
** GigaOpt Optimizer WNS Slack -0.156 TNS Slack -4.768 Density 33.36
OptDebug: Start of Optimizer TNS Pass:
+----------+------+------+
|Path Group|   WNS|   TNS|
+----------+------+------+
|default   |-0.156|-4.768|
|reg2reg   | 1.733| 0.000|
|HEPG      | 1.733| 0.000|
|All Paths |-0.156|-4.768|
+----------+------+------+

Active Path Group: default 
+--------+---------+--------+---------+---------+------------+--------+---------------+---------+---------------------------------------+
|  WNS   | All WNS |  TNS   | All TNS | Density |    Real    |  Mem   |  Worst View   |Pathgroup|               End Point               |
+--------+---------+--------+---------+---------+------------+--------+---------------+---------+---------------------------------------+
|  -0.156|   -0.156|  -4.768|   -4.768|   33.36%|   0:00:00.0| 2911.5M|view_func_setup|  default| alu_result[31]                        |
|  -0.157|   -0.157|  -4.430|   -4.430|   33.41%|   0:00:02.0| 3030.5M|view_func_setup|  default| alu_result[24]                        |
|  -0.157|   -0.157|  -4.401|   -4.401|   33.41%|   0:00:00.0| 3030.5M|view_func_setup|  default| alu_result[17]                        |
|  -0.157|   -0.157|  -4.400|   -4.400|   33.41%|   0:00:00.0| 3030.5M|view_func_setup|  default| alu_result[17]                        |
|  -0.157|   -0.157|  -4.393|   -4.393|   33.42%|   0:00:00.0| 3030.5M|view_func_setup|  default| alu_result[2]                         |
|  -0.157|   -0.157|  -4.393|   -4.393|   33.42%|   0:00:00.0| 3030.5M|view_func_setup|  default| alu_result[31]                        |
+--------+---------+--------+---------+---------+------------+--------+---------------+---------+---------------------------------------+

*** Finish Core Optimize Step (cpu=0:00:02.9 real=0:00:02.0 mem=3030.5M) ***

*** Finished Optimize Step Cumulative (cpu=0:00:02.9 real=0:00:02.0 mem=3030.5M) ***
OptDebug: End of Optimizer TNS Pass:
+----------+------+------+
|Path Group|   WNS|   TNS|
+----------+------+------+
|default   |-0.157|-4.393|
|reg2reg   | 1.760| 0.000|
|HEPG      | 1.760| 0.000|
|All Paths |-0.157|-4.393|
+----------+------+------+

*** Starting place_detail (0:07:52 mem=2938.5M) ***
Total net bbox length = 3.223e+05 (1.798e+05 1.426e+05) (ext = 5.109e+04)
Move report: Detail placement moves 0 insts, mean move: 0.00 um, max move: 0.00 um 
	Runtime: CPU: 0:00:00.1 REAL: 0:00:00.0 MEM: 2922.5MB
Summary Report:
Instances move: 0 (out of 9408 movable)
Instances flipped: 0
Mean displacement: 0.00 um
Max displacement: 0.00 um 
Total net bbox length = 3.223e+05 (1.798e+05 1.426e+05) (ext = 5.109e+04)
Runtime: CPU: 0:00:00.1 REAL: 0:00:01.0 MEM: 2922.5MB
*** Finished place_detail (0:07:52 mem=2922.5M) ***
*** maximum move = 0.00 um ***
*** Finished re-routing un-routed nets (2922.5M) ***

*** Finish Physical Update (cpu=0:00:00.2 real=0:00:01.0 mem=2938.5M) ***
** GigaOpt Optimizer WNS Slack -0.157 TNS Slack -4.393 Density 33.42
OptDebug: End of Setup Fixing:
+----------+------+------+
|Path Group|   WNS|   TNS|
+----------+------+------+
|default   |-0.157|-4.393|
|reg2reg   | 1.760| 0.000|
|HEPG      | 1.760| 0.000|
|All Paths |-0.157|-4.393|
+----------+------+------+

Bottom Preferred Layer:
+-----------+------------+----------+
|   Layer   |   OPT_LA   |   Rule   |
+-----------+------------+----------+
| M8 (z=8)  |         27 | default  |
+-----------+------------+----------+
Via Pillar Rule:
    None

*** Finish pre-CTS Setup Fixing (cpu=0:00:03.4 real=0:00:04.0 mem=2938.5M) ***

*** TnsOpt #2 [finish] (opt_design #1) : cpu/real = 0:00:03.6/0:00:03.6 (1.0), totSession cpu/real = 0:07:51.9/0:24:34.9 (0.3), mem = 2851.4M
End: GigaOpt TNS recovery
*** Steiner Routed Nets: 23.751%; Threshold: 100; Threshold for Hold: 100
Start to check current routing status for nets...
All nets are already routed correctly.
End to check current routing status for nets (mem=2851.4M)
Begin: GigaOpt Optimization in post-eco TNS mode
GigaOpt Checkpoint: Internal optTiming -postEco -postEcoLefSafe -maxLocalDensity 1.0 -numThreads 1  -allEndPoints -nativePathGroupFlow
Info: 3 ideal nets excluded from IPO operation.
Info: 1 clock net  excluded from IPO operation.
*** TnsOpt #3 [begin] (opt_design #1) : totSession cpu/real = 0:07:52.0/0:24:35.0 (0.3), mem = 2851.4M
*info: 1 clock net excluded
*info: 3 ideal nets excluded from IPO operation.
** GigaOpt Optimizer WNS Slack -0.157 TNS Slack -4.393 Density 33.42
OptDebug: Start of Optimizer TNS Pass:
+----------+------+------+
|Path Group|   WNS|   TNS|
+----------+------+------+
|default   |-0.157|-4.393|
|reg2reg   | 1.760| 0.000|
|HEPG      | 1.760| 0.000|
|All Paths |-0.157|-4.393|
+----------+------+------+

Active Path Group: default 
+--------+---------+--------+---------+---------+------------+--------+---------------+---------+---------------------------------------+
|  WNS   | All WNS |  TNS   | All TNS | Density |    Real    |  Mem   |  Worst View   |Pathgroup|               End Point               |
+--------+---------+--------+---------+---------+------------+--------+---------------+---------+---------------------------------------+
|  -0.157|   -0.157|  -4.393|   -4.393|   33.42%|   0:00:00.0| 2910.7M|view_func_setup|  default| alu_result[31]                        |
|  -0.157|   -0.157|  -4.393|   -4.393|   33.42%|   0:00:00.0| 2910.7M|view_func_setup|  default| alu_result[31]                        |
+--------+---------+--------+---------+---------+------------+--------+---------------+---------+---------------------------------------+

*** Finish Core Optimize Step (cpu=0:00:00.1 real=0:00:00.0 mem=2910.7M) ***

*** Finished Optimize Step Cumulative (cpu=0:00:00.1 real=0:00:00.0 mem=2910.7M) ***
OptDebug: End of Optimizer TNS Pass:
+----------+------+------+
|Path Group|   WNS|   TNS|
+----------+------+------+
|default   |-0.157|-4.393|
|reg2reg   | 1.760| 0.000|
|HEPG      | 1.760| 0.000|
|All Paths |-0.157|-4.393|
+----------+------+------+

OptDebug: End of Setup Fixing:
+----------+------+------+
|Path Group|   WNS|   TNS|
+----------+------+------+
|default   |-0.157|-4.393|
|reg2reg   | 1.760| 0.000|
|HEPG      | 1.760| 0.000|
|All Paths |-0.157|-4.393|
+----------+------+------+

Bottom Preferred Layer:
+-----------+------------+----------+
|   Layer   |   OPT_LA   |   Rule   |
+-----------+------------+----------+
| M8 (z=8)  |         27 | default  |
+-----------+------------+----------+
Via Pillar Rule:
    None

*** Finish pre-CTS Setup Fixing (cpu=0:00:00.4 real=0:00:00.0 mem=2910.7M) ***

*** TnsOpt #3 [finish] (opt_design #1) : cpu/real = 0:00:00.6/0:00:00.6 (1.0), totSession cpu/real = 0:07:52.5/0:24:35.5 (0.3), mem = 2850.6M
End: GigaOpt Optimization in post-eco TNS mode
Register exp ratio and priority group on 27 nets on 9769 nets : 
z=8 : 27 nets

Active setup views:
 view_func_setup
  Dominating endpoints: 0
  Dominating TNS: -0.000

Extraction called for design 'riscv_core' of instances=9796 and nets=9771 using extraction engine 'pre_route' .
**WARN: (IMPEXT-3530):	The process node is not set. Use the command set_design_mode -process <process node> prior to extraction for maximum accuracy and optimal automatic threshold setting.
Type 'man IMPEXT-3530' for more detail.
pre_route RC Extraction called for design riscv_core.
RC Extraction called in multi-corner(3) mode.
RCMode: PreRoute
      RC Corner Indexes            0       1       2   
Capacitance Scaling Factor   : 1.00000 1.00000 1.00000 
Resistance Scaling Factor    : 1.00000 1.00000 1.00000 
Clock Cap. Scaling Factor    : 1.00000 1.00000 1.00000 
Clock Res. Scaling Factor    : 1.00000 1.00000 1.00000 
Shrink Factor                : 1.00000
PreRoute extraction is honoring NDR/Shielding/ExtraSpace for clock nets.
Using capacitance table file ...
Skipped RC grid update for preRoute extraction.
Initializing multi-corner capacitance tables ... 
Initializing multi-corner resistance tables ...
PreRoute RC Extraction DONE (CPU Time: 0:00:00.1  Real Time: 0:00:01.0  MEM: 2799.738M)
Skewing Data Summary (End_of_FINAL)
--------------------------------------------------
 Total skewed count:0
--------------------------------------------------
Starting delay calculation for Setup views
AAE_INFO: opIsDesignInPostRouteState() is 0
#################################################################################
# Design Stage: PreRoute
# Design Name: riscv_core
# Design Mode: 90nm
# Analysis Mode: MMMC OCV 
# Parasitics Mode: No SPEF/RCDB 
# Signoff Settings: SI Off 
#################################################################################
Start delay calculation (fullDC) (1 T). (MEM=2829.06)
Total number of fetched objects 9769
AAE_INFO: Total number of nets for which stage creation was skipped for all views 0
Total number of fetched objects 9769
AAE_INFO: Total number of nets for which stage creation was skipped for all views 0
End delay calculation. (MEM=2849.28 CPU=0:00:00.8 REAL=0:00:01.0)
End delay calculation (fullDC). (MEM=2849.28 CPU=0:00:01.0 REAL=0:00:01.0)
*** Done Building Timing Graph (cpu=0:00:01.3 real=0:00:01.0 totSessionCpu=0:07:54 mem=2857.3M)
OPTC: user 20.0
[NR-eGR] Track table information for default rule: 
[NR-eGR] M1 has single uniform track structure
[NR-eGR] M2 has single uniform track structure
[NR-eGR] M3 has single uniform track structure
[NR-eGR] M4 has single uniform track structure
[NR-eGR] M5 has single uniform track structure
[NR-eGR] M6 has single uniform track structure
[NR-eGR] M7 has single uniform track structure
[NR-eGR] M8 has single uniform track structure
[NR-eGR] M9 has single uniform track structure
[NR-eGR] AP has single uniform track structure
[NR-eGR] Read 79610 PG shapes
[NR-eGR] Read 0 clock shapes
[NR-eGR] Read 0 other shapes
[NR-eGR] #Routing Blockages  : 0
[NR-eGR] #Instance Blockages : 0
[NR-eGR] #PG Blockages       : 79610
[NR-eGR] #Halo Blockages     : 0
[NR-eGR] #Boundary Blockages : 0
[NR-eGR] #Clock Blockages    : 0
[NR-eGR] #Other Blockages    : 0
[NR-eGR] Num Prerouted Nets = 0  Num Prerouted Wires = 0
[NR-eGR] Read 9731 nets ( ignored 0 )
[NR-eGR] There are 1 clock nets ( 0 with NDR ).
[NR-eGR] ============ Routing rule table ============
[NR-eGR] Rule id: 0  Nets: 9731
[NR-eGR] ========================================
[NR-eGR] 
[NR-eGR] Layer group 1: route 27 net(s) in layer range [8, 10]
[NR-eGR] Early Global Route overflow of layer group 1: 0.00% H + 0.00% V. EstWL: 7.630200e+03um
[NR-eGR] Layer group 2: route 9704 net(s) in layer range [2, 10]
[NR-eGR] Early Global Route overflow of layer group 2: 0.00% H + 0.00% V. EstWL: 3.294450e+05um
[NR-eGR] Congestion Analysis By layer: (blocked Gcells are excluded) 
[NR-eGR]                        OverCon           OverCon           OverCon           OverCon            
[NR-eGR]                         #Gcell            #Gcell            #Gcell            #Gcell     %Gcell
[NR-eGR]        Layer             (1-4)             (5-8)            (9-12)           (13-15)    OverCon
[NR-eGR] -------------------------------------------------------------------------------------------------
[NR-eGR]      M1 ( 1)         0( 0.00%)         0( 0.00%)         0( 0.00%)         0( 0.00%)   ( 0.00%) 
[NR-eGR]      M2 ( 2)         1( 0.00%)         0( 0.00%)         0( 0.00%)         0( 0.00%)   ( 0.00%) 
[NR-eGR]      M3 ( 3)         1( 0.00%)         0( 0.00%)         0( 0.00%)         0( 0.00%)   ( 0.00%) 
[NR-eGR]      M4 ( 4)        30( 0.06%)         0( 0.00%)         0( 0.00%)         0( 0.00%)   ( 0.06%) 
[NR-eGR]      M5 ( 5)         0( 0.00%)         0( 0.00%)         0( 0.00%)         0( 0.00%)   ( 0.00%) 
[NR-eGR]      M6 ( 6)         0( 0.00%)         0( 0.00%)         0( 0.00%)         0( 0.00%)   ( 0.00%) 
[NR-eGR]      M7 ( 7)         0( 0.00%)         0( 0.00%)         0( 0.00%)         0( 0.00%)   ( 0.00%) 
[NR-eGR]      M8 ( 8)         0( 0.00%)         0( 0.00%)         0( 0.00%)         0( 0.00%)   ( 0.00%) 
[NR-eGR]      M9 ( 9)         0( 0.00%)         4( 0.01%)         0( 0.00%)         2( 0.00%)   ( 0.01%) 
[NR-eGR]      AP (10)         0( 0.00%)         0( 0.00%)         0( 0.00%)         0( 0.00%)   ( 0.00%) 
[NR-eGR] -------------------------------------------------------------------------------------------------
[NR-eGR]        Total        32( 0.01%)         4( 0.00%)         0( 0.00%)         2( 0.00%)   ( 0.01%) 
[NR-eGR] 
[NR-eGR] Overflow after Early Global Route 0.00% H + 0.00% V
[NR-eGR] Finished Early Global Route kernel ( CPU: 0.13 sec, Real: 0.23 sec, Curr Mem: 2865.28 MB )
[hotspot] +------------+---------------+---------------+
[hotspot] |            |   max hotspot | total hotspot |
[hotspot] +------------+---------------+---------------+
[hotspot] | normalized |          0.00 |          0.00 |
[hotspot] +------------+---------------+---------------+
Local HotSpot Analysis: normalized max congestion hotspot area = 0.00, normalized total congestion hotspot area = 0.00 (area is in unit of 4 std-cell row bins)
[hotspot] Hotspot report including placement blocked areas
[hotspot] +------------+---------------+---------------+
[hotspot] |            |   max hotspot | total hotspot |
[hotspot] +------------+---------------+---------------+
[hotspot] | normalized |          0.00 |          0.00 |
[hotspot] +------------+---------------+---------------+
Local HotSpot Analysis (blockage included): normalized max congestion hotspot area = 0.00, normalized total congestion hotspot area = 0.00 (area is in unit of 4 std-cell row bins)
Reported timing to dir /home/cc/Documents/Abdullah/RISCV_synthesis/export/Innovus_Data/reports/opt/pre_cts
**opt_design ... cpu = 0:03:12, real = 0:03:13, mem = 2509.1M, totSessionCpu=0:07:54 **

------------------------------------------------------------------
     opt_design Final Summary
------------------------------------------------------------------

Setup views included:
 view_func_setup 

+--------------------+---------+---------+---------+
|     Setup mode     |   all   | reg2reg | default |
+--------------------+---------+---------+---------+
|           WNS (ns):| -0.158  |  1.762  | -0.158  |
|           TNS (ns):| -4.450  |  0.000  | -4.450  |
|    Violating Paths:|   36    |    0    |   36    |
|          All Paths:|  1158   |  1024   |  1158   |
+--------------------+---------+---------+---------+

+----------------+-------------------------------+------------------+
|                |              Real             |       Total      |
|    DRVs        +------------------+------------+------------------|
|                |  Nr nets(terms)  | Worst Vio  |  Nr nets(terms)  |
+----------------+------------------+------------+------------------+
|   max_cap      |      4 (4)       |   -0.694   |      4 (4)       |
|   max_tran     |      0 (0)       |   0.000    |      0 (0)       |
|   max_fanout   |    236 (236)     |    -310    |    238 (238)     |
|   max_length   |      0 (0)       |     0      |      0 (0)       |
+----------------+------------------+------------+------------------+

Density: 33.423%
Routing Overflow: 0.00% H and 0.00% V
------------------------------------------------------------------
**opt_design ... cpu = 0:03:13, real = 0:03:14, mem = 2508.5M, totSessionCpu=0:07:55 **
*** Finished opt_design ***
      flow.cputime  flow.realtime  timing.setup.tns  timing.setup.wns  snapshot
UM:*                                      -4.450 ns         -0.158 ns  final
UM: Running design category ...
------------------------------------------------------------
	Current design flip-flop statistics

Single-Bit FF Count          :         1024
Multi-Bit FF Count           :            0
Total Bit Count              :         1024
Total FF Count               :         1024
Bits Per Flop                :        1.000
Total Clock Pin Cap(FF)      :      700.873
Multibit Conversion Ratio(%) :         0.00
------------------------------------------------------------
------------------------------------------------------------
            Multi-bit cell usage statistics

------------------------------------------------------------
============================================================
Sequential Multibit cells usage statistics
------------------------------------------------------------
            Not Merged-bits         Merged-bits     Multibit Conversion %     Bits Per Flop
------------------------------------------------------------
-FlipFlops             1024                    0        0.00                    1.00
------------------------------------------------------------

------------------------------------------------------------
Seq_Mbit libcell              Bitwidth        Count
------------------------------------------------------------
Total 0
============================================================
------------------------------------------------------------
Category            Num of Insts Rejected     Reasons
------------------------------------------------------------
------------------------------------------------------------
      flow.cputime  flow.realtime  timing.setup.tns  timing.setup.wns  snapshot
UM:         193.09            195         -4.450 ns         -0.158 ns  opt_design_prects_drv
Removing temporary dont_use automatically set for cells with technology sites with no row.
*** opt_design #1 [finish] : cpu/real = 0:03:12.8/0:03:14.4 (1.0), totSession cpu/real = 0:07:54.9/0:24:38.7 (0.3), mem = 2824.5M
0
@innovus 96> write_netlist ${design(export_dir)}/pnr/${design(TOPLEVEL)}_placed [1G.v
write_netlist ${design(export_dir)}/pnr/${design(TOPLEVEL)}_placed.v
Writing Netlist "/home/cc/Documents/Abdullah/RISCV_synthesis/export/Innovus_Data/outputs/pnr/riscv_core_placed.v" ...

@innovus 97> 
@innovus 97> # ================================================================ [1G==============
# ==============================================================================
@innovus 98> # 6. CLOCK TREE SYNTHESIS (CTS)
# 6. CLOCK TREE SYNTHESIS (CTS)
@innovus 99> # ================================================================ [1G==============
# ==============================================================================
@innovus 100> puts "INFO: Starting Stage - Clock Tree Synthesis"
puts "INFO: Starting Stage - Clock Tree Synthesis"
INFO: Starting Stage - Clock Tree Synthesis
@innovus 101> 

@innovus 101> create_clock_tree_speccreate_clock_tree_spec

Creating clock tree spec for modes (timing configs): func_mode
cts_spec_config_create_generator_skew_groups=true: create_clock_tree_spec will generate skew groups with a name prefix of "_clock_gen" to balance clock generator connected flops with the clock generator they drive.
Reset timing graph...
Ignoring AAE DB Resetting ...
Reset timing graph done.
Ignoring AAE DB Resetting ...
Analyzing clock structure...
Analyzing clock structure done.
Reset timing graph...
Ignoring AAE DB Resetting ...
Reset timing graph done.
Extracting original clock gating for clk...
  clock_tree clk contains 1024 sinks and 0 clock gates.
Extracting original clock gating for clk done.
The skew group clk/func_mode was created. It contains 1024 sinks and 1 sources.
Checking clock tree convergence...
Checking clock tree convergence done.
ccopt_design -report_dir "$design(reports_dir)/cts/ccopt_design"
@innovus 102> ccopt_design -report_dir "$design(reports_dir)/cts/ccopt_design"
#% Begin ccopt_design (date=08/12 07:13:34, mem=2347.8M)
Turning off fast DC mode.
*** ccopt_design #1 [begin] : totSession cpu/real = 0:07:55.3/0:24:39.1 (0.3), mem = 2698.5M
Runtime...
**INFO: User's settings:
delaycal_enable_high_fanout                                    true
delaycal_ignore_net_load                                       false
delaycal_socv_accuracy_mode                                    low
setAnalysisMode -cts                                           postCTS
setDelayCalMode -engine                                        aae
extract_rc_engine                                              pre_route
opt_drv_margin                                                 0.0
opt_fix_drv                                                    true
opt_preserve_all_sequential                                    true
opt_resize_flip_flops                                          true
opt_setup_target_slack                                         0.0
opt_view_pruning_hold_views_active_list                        { view_func_hold }
opt_view_pruning_setup_views_active_list                       { view_func_setup }
opt_view_pruning_setup_views_persistent_list                   { view_func_setup view_func_typical}
opt_view_pruning_tdgr_setup_views_persistent_list              { view_func_setup view_func_typical}
place_global_cong_effort                                       auto
place_global_max_density                                       0.2
route_design_extract_third_party_compatible                    false
route_design_global_exp_timing_driven_std_delay                25.6
getAnalysisMode -cts                                           postCTS
getDelayCalMode -engine                                        aae
get_power_analysis_mode -report_power_quiet                    false
getAnalysisMode -cts                                           postCTS
(ccopt_design): CTS Engine: auto. Used Spec: pre-existing CCOPT spec.
Placement constraints of type 'region' or 'fence' will not be downgraded to 'guide' because the attribute cts_change_fences_to_guides has been set to false.
Set place::cacheFPlanSiteMark to 1
'setDesignMode -flowEffort standard' => 'setOptMode -usefulSkewCCOpt standard' 
Using CCOpt effort standard.
CCOpt::Phase::Initialization...
Check Prerequisites...
Leaving CCOpt scope - CheckPlace...
Begin checking placement ... (start mem=2698.5M, init mem=2698.5M)
*info: Placed = 9796           (Fixed = 388)
*info: Unplaced = 0           
Placement Density:33.42%(40710/121801)
Placement Density (including fixed std cells):33.65%(41129/122220)
Finished check_place (total: cpu=0:00:00.1, real=0:00:00.0; vio checks: cpu=0:00:00.0, real=0:00:00.0; mem=2698.5M)
Leaving CCOpt scope - CheckPlace done. (took cpu=0:00:00.1 real=0:00:00.1)
Innovus will update I/O latencies
Found 0 ideal nets, 0 pins with transition annotations, 0 instances with delay annotations, 0 nets with delay annotations, refer to logv for details.

Check Prerequisites done. (took cpu=0:00:00.1 real=0:00:00.1)
      flow.cputime  flow.realtime  timing.setup.tns  timing.setup.wns  snapshot
UM:*                                                                   Check Prerequisites
CCOpt::Phase::Initialization done. (took cpu=0:00:00.1 real=0:00:00.1)
      flow.cputime  flow.realtime  timing.setup.tns  timing.setup.wns  snapshot
UM:*                                                                   CCOpt::Phase::Initialization
Executing ccopt post-processing.
Synthesizing clock trees with CCOpt...
*** CTS #1 [begin] (ccopt_design #1) : totSession cpu/real = 0:07:59.1/0:24:42.9 (0.3), mem = 2713.0M
CCOpt::Phase::PreparingToBalance...
Leaving CCOpt scope - Initializing power interface...
Leaving CCOpt scope - Initializing power interface done. (took cpu=0:00:00.0 real=0:00:00.0)
Found 0 advancing pin insertion delay (0.000% of 1024 clock tree sinks)
Found 0 delaying pin insertion delay (0.000% of 1024 clock tree sinks)
Leaving CCOpt scope - optDesignGlobalRouteStep...
[NR-eGR] Started Early Global Route kernel ( Curr Mem: 2713.00 MB )
[NR-eGR] Track table information for default rule: 
[NR-eGR] M1 has single uniform track structure
[NR-eGR] M2 has single uniform track structure
[NR-eGR] M3 has single uniform track structure
[NR-eGR] M4 has single uniform track structure
[NR-eGR] M5 has single uniform track structure
[NR-eGR] M6 has single uniform track structure
[NR-eGR] M7 has single uniform track structure
[NR-eGR] M8 has single uniform track structure
[NR-eGR] M9 has single uniform track structure
[NR-eGR] AP has single uniform track structure
[NR-eGR] Read 79610 PG shapes
[NR-eGR] Read 0 clock shapes
[NR-eGR] Read 0 other shapes
[NR-eGR] #Routing Blockages  : 0
[NR-eGR] #Instance Blockages : 0
[NR-eGR] #PG Blockages       : 79610
[NR-eGR] #Halo Blockages     : 0
[NR-eGR] #Boundary Blockages : 0
[NR-eGR] #Clock Blockages    : 0
[NR-eGR] #Other Blockages    : 0
[NR-eGR] Num Prerouted Nets = 0  Num Prerouted Wires = 0
[NR-eGR] Read 9731 nets ( ignored 0 )
[NR-eGR] There are 1 clock nets ( 0 with NDR ).
[NR-eGR] ============ Routing rule table ============
[NR-eGR] Rule id: 0  Nets: 9731
[NR-eGR] ========================================
[NR-eGR] 
[NR-eGR] Layer group 1: route 27 net(s) in layer range [8, 10]
[NR-eGR] Early Global Route overflow of layer group 1: 0.00% H + 0.00% V. EstWL: 7.630200e+03um
[NR-eGR] Layer group 2: route 9704 net(s) in layer range [2, 10]
[NR-eGR] Early Global Route overflow of layer group 2: 0.00% H + 0.00% V. EstWL: 3.294450e+05um
[NR-eGR] Congestion Analysis By layer: (blocked Gcells are excluded) 
[NR-eGR]                        OverCon           OverCon           OverCon           OverCon            
[NR-eGR]                         #Gcell            #Gcell            #Gcell            #Gcell     %Gcell
[NR-eGR]        Layer             (1-4)             (5-8)            (9-12)           (13-15)    OverCon
[NR-eGR] -------------------------------------------------------------------------------------------------
[NR-eGR]      M1 ( 1)         0( 0.00%)         0( 0.00%)         0( 0.00%)         0( 0.00%)   ( 0.00%) 
[NR-eGR]      M2 ( 2)         1( 0.00%)         0( 0.00%)         0( 0.00%)         0( 0.00%)   ( 0.00%) 
[NR-eGR]      M3 ( 3)         1( 0.00%)         0( 0.00%)         0( 0.00%)         0( 0.00%)   ( 0.00%) 
[NR-eGR]      M4 ( 4)        30( 0.06%)         0( 0.00%)         0( 0.00%)         0( 0.00%)   ( 0.06%) 
[NR-eGR]      M5 ( 5)         0( 0.00%)         0( 0.00%)         0( 0.00%)         0( 0.00%)   ( 0.00%) 
[NR-eGR]      M6 ( 6)         0( 0.00%)         0( 0.00%)         0( 0.00%)         0( 0.00%)   ( 0.00%) 
[NR-eGR]      M7 ( 7)         0( 0.00%)         0( 0.00%)         0( 0.00%)         0( 0.00%)   ( 0.00%) 
[NR-eGR]      M8 ( 8)         0( 0.00%)         0( 0.00%)         0( 0.00%)         0( 0.00%)   ( 0.00%) 
[NR-eGR]      M9 ( 9)         0( 0.00%)         4( 0.01%)         0( 0.00%)         2( 0.00%)   ( 0.01%) 
[NR-eGR]      AP (10)         0( 0.00%)         0( 0.00%)         0( 0.00%)         0( 0.00%)   ( 0.00%) 
[NR-eGR] -------------------------------------------------------------------------------------------------
[NR-eGR]        Total        32( 0.01%)         4( 0.00%)         0( 0.00%)         2( 0.00%)   ( 0.01%) 
[NR-eGR] 
[NR-eGR] Overflow after Early Global Route 0.00% H + 0.00% V
[NR-eGR]             Length (um)   Vias 
[NR-eGR] -------------------------------
[NR-eGR]  M1  (1H)             0  32069 
[NR-eGR]  M2  (2V)         89661  52230 
[NR-eGR]  M3  (3H)        119260   5103 
[NR-eGR]  M4  (4V)         26424   3933 
[NR-eGR]  M5  (5H)         54998   2396 
[NR-eGR]  M6  (6V)         39040    529 
[NR-eGR]  M7  (7H)          1063    464 
[NR-eGR]  M8  (8V)          3400    660 
[NR-eGR]  M9  (9H)          4583     19 
[NR-eGR]  AP  (10V)           18      0 
[NR-eGR] -------------------------------
[NR-eGR]      Total       338446  97403 
[NR-eGR] --------------------------------------------------------------------------
[NR-eGR] Total half perimeter of net bounding box: 322328um
[NR-eGR] Total length: 338446um, number of vias: 97403
[NR-eGR] --------------------------------------------------------------------------
[NR-eGR] Total eGR-routed clock nets wire length: 6352um, number of vias: 3223
[NR-eGR] --------------------------------------------------------------------------
[NR-eGR] Finished Early Global Route kernel ( CPU: 0.22 sec, Real: 0.32 sec, Curr Mem: 2718.51 MB )
Leaving CCOpt scope - optDesignGlobalRouteStep done. (took cpu=0:00:00.2 real=0:00:00.3)
Legalization setup...
Using cell based legalization.
Initializing placement interface...
  Use check_library -place or consult logv if problems occur.
  Leaving CCOpt scope - Initializing placement interface...
  Leaving CCOpt scope - Initializing placement interface done. (took cpu=0:00:00.1 real=0:00:00.1)
Initializing placement interface done.
Leaving CCOpt scope - Cleaning up placement interface...
Leaving CCOpt scope - Cleaning up placement interface done. (took cpu=0:00:00.0 real=0:00:00.0)
Leaving CCOpt scope - Initializing placement interface...
Leaving CCOpt scope - Initializing placement interface done. (took cpu=0:00:00.0 real=0:00:00.0)
Legalization setup done. (took cpu=0:00:00.1 real=0:00:00.1)
      flow.cputime  flow.realtime  timing.setup.tns  timing.setup.wns  snapshot
UM:*                                                                   Legalization setup
Validating CTS configuration...
Checking module port directions...
Checking module port directions done. (took cpu=0:00:00.0 real=0:00:00.0)
Non-default attributes:
  Public non-default attributes:
    cts_clock_tree_source_output_max_transition_time is set for at least one object
    cts_merge_clock_gates is set for at least one object
    cts_merge_clock_logic is set for at least one object
    cts_route_type is set for at least one object
  No private non-default attributes
Route type trimming info:
  No route type modifications were made.
Updating RC grid for preRoute extraction ...
Initializing multi-corner capacitance tables ... 
Initializing multi-corner resistance tables ...
**WARN: (IMPCCOPT-1041):	The cts_clock_tree_source_output_max_transition_time is set for clock_tree clk, but cts_clock_tree_source_max_capacitance is not. Innovus will assume a maximum driven capacitance of 0.050.
Type 'man IMPCCOPT-1041' for more detail.
Clock tree balancer configuration for clock_tree clk:
Non-default attributes:
  Public non-default attributes:
    cts_merge_clock_gates: true (default: false)
    cts_merge_clock_logic: true (default: false)
    cts_route_type (leaf): default_route_type_leaf (default: default)
    cts_route_type (top): default_route_type_nonleaf (default: default)
    cts_route_type (trunk): default_route_type_nonleaf (default: default)
  No private non-default attributes
For power domain auto-default:
  Buffers:     CKBD16 CKBD12 CKBD8 CKBD6 CKBD4 CKBD3 CKBD2 CKBD1 CKBD0 
  Inverters:   CKND16 CKND12 CKND8 CKND6 CKND4 CKND3 CKND2 CKND1 CKND0 
  Clock gates: CKLNQD16 CKLNQD12 CKLNQD8 CKLNQD6 CKLNQD4 CKLNQD3 CKLNQD2 CKLNQD1 
  Unblocked area available for placement of any clock cells in power_domain auto-default: 121800.960um^2
Top Routing info:
  Route-type name: default_route_type_nonleaf; Top/bottom preferred layer name: M4/M3; 
  Unshielded; Mask Constraint: 0; Source: cts_route_type.
Trunk Routing info:
  Route-type name: default_route_type_nonleaf; Top/bottom preferred layer name: M4/M3; 
  Unshielded; Preferred extra space: 1; Mask Constraint: 0; Source: cts_route_type.
Leaf Routing info:
  Route-type name: default_route_type_leaf; Top/bottom preferred layer name: M4/M3; 
  Unshielded; Preferred extra space: 1; Mask Constraint: 0; Source: cts_route_type.
For timing_corner dc_worst:setup, late and power domain auto-default:
  Slew time target (leaf):    0.136ns
  Slew time target (trunk):   0.136ns
  Slew time target (top):     0.136ns (Note: no nets are considered top nets in this clock tree)
  Buffer unit delay: 0.096ns
  Buffer max distance: 646.667um
Fastest wire driving cells and distances:
  Buffer    : {lib_cell:CKBD16, fastest_considered_half_corner=dc_worst:setup.late, optimalDrivingDistance=646.667um, saturatedSlew=0.119ns, speed=3919.194um per ns, cellArea=15.588um^2 per 1000um}
  Inverter  : {lib_cell:CKND16, fastest_considered_half_corner=dc_worst:setup.late, optimalDrivingDistance=543.908um, saturatedSlew=0.117ns, speed=4906.703um per ns, cellArea=14.561um^2 per 1000um}
  Clock gate: {lib_cell:CKLNQD16, fastest_considered_half_corner=dc_worst:setup.late, optimalDrivingDistance=437.101um, saturatedSlew=0.126ns, speed=1670.876um per ns, cellArea=34.592um^2 per 1000um}


Logic Sizing Table:

----------------------------------------------------------
Cell    Instance count    Source    Eligible library cells
----------------------------------------------------------
  (empty table)
----------------------------------------------------------


Clock tree balancer configuration for skew_group clk/func_mode:
  Sources:                     pin clk
  Total number of sinks:       1024
  Delay constrained sinks:     1024
  Constrains:                  default
  Non-leaf sinks:              0
  Ignore pins:                 0
 Timing corner dc_worst:setup.late:
  Skew target:                 0.096ns
Primary reporting skew groups are:
skew_group clk/func_mode with 1024 clock sinks

Clock DAG stats initial state:
  cell counts      : b=0, i=0, icg=0, dcg=0, l=0, total=0
  sink counts      : regular=1024, enable_latch=0, load_capacitance=0, antenna=0, node_sink=0, total=1024
  misc counts      : r=1, pp=0
  cell areas       : b=0.000um^2, i=0.000um^2, icg=0.000um^2, dcg=0.000um^2, l=0.000um^2, total=0.000um^2
  hp wire lengths  : top=0.000um, trunk=0.000um, leaf=0.000um, total=0.000um
      flow.cputime  flow.realtime  timing.setup.tns  timing.setup.wns  snapshot
UM:*                                                                   InitialState
**WARN: (IMPCCOPT-2314):	CCOpt found 1 clock tree nets marked as ideal or dont_touch. These will not be buffered.
Type 'man IMPCCOPT-2314' for more detail.

Ideal and dont_touch net fanout counts:

-----------------------------------------------------------
Min fanout    Max fanout    Number of ideal/dont_touch nets
-----------------------------------------------------------
      1            10                      0
     11           100                      0
    101          1000                      0
   1001         10000                      1
  10001           +                        0
-----------------------------------------------------------

Top ideal and dont_touch nets by fanout:

---------------------
Net name    Fanout ()
---------------------
clk           1024
---------------------


No dont_touch hnets found in the clock tree
No dont_touch hpins found in the clock network.
Checking for illegal sizes of clock logic instances...
Checking for illegal sizes of clock logic instances done. (took cpu=0:00:00.0 real=0:00:00.0)
      flow.cputime  flow.realtime  timing.setup.tns  timing.setup.wns  snapshot
UM:*                                                                   Checking for illegal sizes of clock logic instances
Validating CTS configuration done. (took cpu=0:00:00.7 real=0:00:00.7)
      flow.cputime  flow.realtime  timing.setup.tns  timing.setup.wns  snapshot
UM:*                                                                   Validating CTS configuration
CCOpt configuration status: all checks passed.
Adding exclusion drivers to pins that are cts_sink_type_effective exclude...
    Adding exclusion drivers (these will be instances of the smallest area library cells).
  No exclusion drivers are needed.
Adding exclusion drivers to pins that are cts_sink_type_effective exclude done.
Antenna diode management...
  Found 0 antenna diodes in the clock trees.
  
Antenna diode management done.
Adding driver cells for primary IOs...
  
  ----------------------------------------------------------------------------------------------
  CCOpt reported the following when adding drivers below input ports and above output ports     
  ----------------------------------------------------------------------------------------------
    (empty table)
  ----------------------------------------------------------------------------------------------
  
  
Adding driver cells for primary IOs done.
Adding driver cell for primary IO roots...
Adding driver cell for primary IO roots done.
Maximizing clock DAG abstraction...
  Removing clock DAG drivers
Maximizing clock DAG abstraction done.
CCOpt::Phase::PreparingToBalance done. (took cpu=0:00:01.1 real=0:00:01.2)
      flow.cputime  flow.realtime  timing.setup.tns  timing.setup.wns  snapshot
UM:*                                                                   CCOpt::Phase::PreparingToBalance
Synthesizing clock trees...
  Preparing To Balance...
  Leaving CCOpt scope - Cleaning up placement interface...
  Leaving CCOpt scope - Cleaning up placement interface done. (took cpu=0:00:00.0 real=0:00:00.0)
  Leaving CCOpt scope - Initializing placement interface...
  Leaving CCOpt scope - Initializing placement interface done. (took cpu=0:00:00.0 real=0:00:00.0)
  Merging duplicate siblings in DAG...
    Clock DAG stats before merging:
      cell counts      : b=0, i=0, icg=0, dcg=0, l=0, total=0
      sink counts      : regular=1024, enable_latch=0, load_capacitance=0, antenna=0, node_sink=0, total=1024
      misc counts      : r=1, pp=0
      cell areas       : b=0.000um^2, i=0.000um^2, icg=0.000um^2, dcg=0.000um^2, l=0.000um^2, total=0.000um^2
      hp wire lengths  : top=0.000um, trunk=0.000um, leaf=0.000um, total=0.000um
      flow.cputime  flow.realtime  timing.setup.tns  timing.setup.wns  snapshot
UM:*                                                                   before merging
    Resynthesising clock tree into netlist...
      Reset timing graph...
Ignoring AAE DB Resetting ...
      Reset timing graph done.
    Resynthesising clock tree into netlist done.
    Merging duplicate clock dag driver clones in DAG...
    Merging duplicate clock dag driver clones in DAG done.
    
    Disconnecting clock tree from netlist...
    Disconnecting clock tree from netlist done.
  Merging duplicate siblings in DAG done.
  Applying movement limits...
  Applying movement limits done.
  Preparing To Balance done. (took cpu=0:00:00.1 real=0:00:00.1)
      flow.cputime  flow.realtime  timing.setup.tns  timing.setup.wns  snapshot
UM:*                                                                   Preparing To Balance
  CCOpt::Phase::Construction...
  Stage::Clustering...
  Clustering...
    Initialize for clustering...
    Clock DAG stats before clustering:
      cell counts      : b=0, i=0, icg=0, dcg=0, l=0, total=0
      sink counts      : regular=1024, enable_latch=0, load_capacitance=0, antenna=0, node_sink=0, total=1024
      misc counts      : r=1, pp=0
      cell areas       : b=0.000um^2, i=0.000um^2, icg=0.000um^2, dcg=0.000um^2, l=0.000um^2, total=0.000um^2
      hp wire lengths  : top=0.000um, trunk=0.000um, leaf=0.000um, total=0.000um
      flow.cputime  flow.realtime  timing.setup.tns  timing.setup.wns  snapshot
UM:*                                                                   before clustering
    Computing max distances from locked parents...
      Computing distance_from_locked_parent_restrictions for 0 nodes driven by 0 locked parents
    Computing max distances from locked parents done.
    Computing optimal clock node locations...
    : ...20% ...40% ...60% ...80% ...100% 
    Computing optimal clock node locations done. (took cpu=0:00:00.0 real=0:00:00.0)
    Initialize for clustering done. (took cpu=0:00:00.0 real=0:00:00.0)
      flow.cputime  flow.realtime  timing.setup.tns  timing.setup.wns  snapshot
UM:*                                                                   Initialize for clustering
    Bottom-up phase...
    Clustering bottom-up starting from leaves...
      Clustering clock_tree clk...
      Clustering clock_tree clk done.
    Clustering bottom-up starting from leaves done.
    Rebuilding the clock tree after clustering...
    Rebuilding the clock tree after clustering done.
    Clock DAG stats after bottom-up phase:
      cell counts      : b=0, i=0, icg=0, dcg=0, l=0, total=0
      sink counts      : regular=1024, enable_latch=0, load_capacitance=0, antenna=0, node_sink=0, total=1024
      misc counts      : r=1, pp=0
      cell areas       : b=0.000um^2, i=0.000um^2, icg=0.000um^2, dcg=0.000um^2, l=0.000um^2, total=0.000um^2
      hp wire lengths  : top=0.000um, trunk=0.000um, leaf=0.000um, total=0.000um
      flow.cputime  flow.realtime  timing.setup.tns  timing.setup.wns  snapshot
UM:*                                                                   after bottom-up phase
    Bottom-up phase done. (took cpu=0:00:00.0 real=0:00:00.0)
      flow.cputime  flow.realtime  timing.setup.tns  timing.setup.wns  snapshot
UM:*                                                                   Bottom-up phase
    Legalizing clock trees...
    Resynthesising clock tree into netlist...
      Reset timing graph...
Ignoring AAE DB Resetting ...
      Reset timing graph done.
    Resynthesising clock tree into netlist done.
    Commiting net attributes....
    Commiting net attributes. done.
    Leaving CCOpt scope - ClockRefiner...
    Performing a single pass refine place with checks partially disabled for clock sinks and datapath.
*** Starting place_detail (0:08:00 mem=2706.5M) ***
Total net bbox length = 3.223e+05 (1.798e+05 1.426e+05) (ext = 5.109e+04)
Move report: Detail placement moves 0 insts, mean move: 0.00 um, max move: 0.00 um 
	Runtime: CPU: 0:00:00.1 REAL: 0:00:00.0 MEM: 2682.5MB
Summary Report:
Instances move: 0 (out of 9408 movable)
Instances flipped: 0
Mean displacement: 0.00 um
Max displacement: 0.00 um 
Total net bbox length = 3.223e+05 (1.798e+05 1.426e+05) (ext = 5.109e+04)
Runtime: CPU: 0:00:00.2 REAL: 0:00:00.0 MEM: 2682.5MB
*** Finished place_detail (0:08:01 mem=2682.5M) ***
    ClockRefiner summary
    All clock instances: Moved 0, flipped 0 and cell swapped 0 (out of a total of 1024).
    Leaving CCOpt scope - ClockRefiner done. (took cpu=0:00:00.2 real=0:00:00.2)
    Disconnecting clock tree from netlist...
    Disconnecting clock tree from netlist done.
    Leaving CCOpt scope - Cleaning up placement interface...
    Leaving CCOpt scope - Cleaning up placement interface done. (took cpu=0:00:00.0 real=0:00:00.0)
    Leaving CCOpt scope - Initializing placement interface...
    Leaving CCOpt scope - Initializing placement interface done. (took cpu=0:00:00.0 real=0:00:00.0)
    Clock tree timing engine global stage delay update for dc_worst:setup.late...
    Clock tree timing engine global stage delay update for dc_worst:setup.late done. (took cpu=0:00:00.0 real=0:00:00.0)
    
    Clock tree legalization - Histogram:
    ====================================
    
    --------------------------------
    Movement (um)    Number of cells
    --------------------------------
      (empty table)
    --------------------------------
    
    
    Clock tree legalization - There are no Movements:
    =================================================
    
    ---------------------------------------------
    Movement (um)    Desired     Achieved    Node
                     location    location    
    ---------------------------------------------
      (empty table)
    ---------------------------------------------
    
    Legalizing clock trees done. (took cpu=0:00:00.3 real=0:00:00.3)
      flow.cputime  flow.realtime  timing.setup.tns  timing.setup.wns  snapshot
UM:*                                                                   Legalizing clock trees
    Clock DAG stats after 'Clustering':
      cell counts      : b=0, i=0, icg=0, dcg=0, l=0, total=0
      sink counts      : regular=1024, enable_latch=0, load_capacitance=0, antenna=0, node_sink=0, total=1024
      misc counts      : r=1, pp=0
      cell areas       : b=0.000um^2, i=0.000um^2, icg=0.000um^2, dcg=0.000um^2, l=0.000um^2, total=0.000um^2
      cell capacitance : b=0.000pF, i=0.000pF, icg=0.000pF, dcg=0.000pF, l=0.000pF, total=0.000pF
      sink capacitance : total=0.000pF, avg=0.000pF, sd=0.000pF, min=0.000pF, max=0.000pF
      wire capacitance : top=0.000pF, trunk=0.000pF, leaf=0.000pF, total=0.000pF
      wire lengths     : top=0.000um, trunk=0.000um, leaf=0.000um, total=0.000um
      hp wire lengths  : top=0.000um, trunk=0.000um, leaf=0.000um, total=0.000um
    Clock DAG net violations after 'Clustering':
      Fanout : {count=1, worst=[924]} avg=924 sd=0 sum=924
    Clock DAG primary half-corner transition distribution after 'Clustering':
      Leaf : target=0.136ns count=1 avg=0.100ns sd=0.000ns min=0.100ns max=0.100ns {0 <= 0.082ns, 1 <= 0.109ns, 0 <= 0.122ns, 0 <= 0.129ns, 0 <= 0.136ns}
    Primary reporting skew groups after 'Clustering':
      skew_group clk/func_mode: insertion delay [min=0.000, max=0.000, avg=0.000, sd=0.000], skew [0.000 vs 0.096], 100% {0.000, 0.000} (wid=0.000 ws=0.000) (gid=0.000 gs=0.000)
    Skew group summary after 'Clustering':
      skew_group clk/func_mode: insertion delay [min=0.000, max=0.000, avg=0.000, sd=0.000], skew [0.000 vs 0.096], 100% {0.000, 0.000} (wid=0.000 ws=0.000) (gid=0.000 gs=0.000)
    Legalizer API calls during this step: 0 succeeded with high effort: 0 succeeded with medium effort: 0 succeeded with low effort: 0 succeeded with basic effort: 0 succeeded with basic unbounded effort: 0
  Clustering done. (took cpu=0:00:00.4 real=0:00:00.4)
      flow.cputime  flow.realtime  timing.setup.tns  timing.setup.wns  snapshot
UM:*                                                                   Clustering
  Looking for fanout violations...
  Looking for fanout violations done.
  CongRepair After Initial Clustering...
  Reset timing graph...
Ignoring AAE DB Resetting ...
  Reset timing graph done.
  Leaving CCOpt scope - Early Global Route...
  Clock implementation routing...
Net route status summary:
  Clock:         1 (unrouted=1, trialRouted=0, noStatus=0, routed=0, fixed=0, [crossesIlmBoundary=0, tooFewTerms=0, (crossesIlmBoundary AND tooFewTerms=0)])
  Non-clock:  9770 (unrouted=40, trialRouted=9730, noStatus=0, routed=0, fixed=0, [crossesIlmBoundary=0, tooFewTerms=3, (crossesIlmBoundary AND tooFewTerms=0)])
    Routing using eGR only...
      Early Global Route - eGR only step...
(ccopt eGR): There are 1 nets to be routed. 0 nets have skip routing designation.
(ccopt eGR): There are 1 nets for routing of which 0 have one or more fixed wires.
(ccopt eGR): Start to route 1 all nets
[NR-eGR] Track table information for default rule: 
[NR-eGR] M1 has single uniform track structure
[NR-eGR] M2 has single uniform track structure
[NR-eGR] M3 has single uniform track structure
[NR-eGR] M4 has single uniform track structure
[NR-eGR] M5 has single uniform track structure
[NR-eGR] M6 has single uniform track structure
[NR-eGR] M7 has single uniform track structure
[NR-eGR] M8 has single uniform track structure
[NR-eGR] M9 has single uniform track structure
[NR-eGR] AP has single uniform track structure
[NR-eGR] Read 67704 PG shapes
[NR-eGR] Read 0 clock shapes
[NR-eGR] Read 0 other shapes
[NR-eGR] #Routing Blockages  : 0
[NR-eGR] #Instance Blockages : 0
[NR-eGR] #PG Blockages       : 67704
[NR-eGR] #Halo Blockages     : 0
[NR-eGR] #Boundary Blockages : 0
[NR-eGR] #Clock Blockages    : 0
[NR-eGR] #Other Blockages    : 0
[NR-eGR] Num Prerouted Nets = 0  Num Prerouted Wires = 0
[NR-eGR] Read 9731 nets ( ignored 9730 )
[NR-eGR] Connected 0 must-join pins/ports
[NR-eGR] There are 1 clock nets ( 0 with NDR ).
[NR-eGR] ============ Routing rule table ============
[NR-eGR] Rule id: 0  Nets: 1
[NR-eGR] ========================================
[NR-eGR] 
[NR-eGR] Layer group 1: route 1 net(s) in layer range [2, 10]
[NR-eGR] Early Global Route overflow of layer group 1: 0.00% H + 0.00% V. EstWL: 6.246000e+03um
[NR-eGR] Congestion Analysis By layer: (blocked Gcells are excluded) 
[NR-eGR]                        OverCon            
[NR-eGR]                         #Gcell     %Gcell
[NR-eGR]        Layer             (1-0)    OverCon
[NR-eGR] ----------------------------------------------
[NR-eGR]      M1 ( 1)         0( 0.00%)   ( 0.00%) 
[NR-eGR]      M2 ( 2)         0( 0.00%)   ( 0.00%) 
[NR-eGR]      M3 ( 3)         0( 0.00%)   ( 0.00%) 
[NR-eGR]      M4 ( 4)         0( 0.00%)   ( 0.00%) 
[NR-eGR]      M5 ( 5)         0( 0.00%)   ( 0.00%) 
[NR-eGR]      M6 ( 6)         0( 0.00%)   ( 0.00%) 
[NR-eGR]      M7 ( 7)         0( 0.00%)   ( 0.00%) 
[NR-eGR]      M8 ( 8)         0( 0.00%)   ( 0.00%) 
[NR-eGR]      M9 ( 9)         0( 0.00%)   ( 0.00%) 
[NR-eGR]      AP (10)         0( 0.00%)   ( 0.00%) 
[NR-eGR] ----------------------------------------------
[NR-eGR]        Total         0( 0.00%)   ( 0.00%) 
[NR-eGR] 
[NR-eGR] Overflow after Early Global Route 0.00% H + 0.00% V
[NR-eGR]             Length (um)   Vias 
[NR-eGR] -------------------------------
[NR-eGR]  M1  (1H)             0  32069 
[NR-eGR]  M2  (2V)         87618  51413 
[NR-eGR]  M3  (3H)        118592   5712 
[NR-eGR]  M4  (4V)         28424   4108 
[NR-eGR]  M5  (5H)         55780   2396 
[NR-eGR]  M6  (6V)         39040    529 
[NR-eGR]  M7  (7H)          1063    464 
[NR-eGR]  M8  (8V)          3400    660 
[NR-eGR]  M9  (9H)          4583     19 
[NR-eGR]  AP  (10V)           18      0 
[NR-eGR] -------------------------------
[NR-eGR]      Total       338517  97370 
[NR-eGR] --------------------------------------------------------------------------
[NR-eGR] Total half perimeter of net bounding box: 322328um
[NR-eGR] Total length: 338517um, number of vias: 97370
[NR-eGR] --------------------------------------------------------------------------
[NR-eGR] Total eGR-routed clock nets wire length: 6423um, number of vias: 3190
[NR-eGR] --------------------------------------------------------------------------
[NR-eGR] Report for selected net(s) only.
[NR-eGR]             Length (um)  Vias 
[NR-eGR] ------------------------------
[NR-eGR]  M1  (1H)             0  1024 
[NR-eGR]  M2  (2V)          1117  1352 
[NR-eGR]  M3  (3H)          2520   639 
[NR-eGR]  M4  (4V)          2004   175 
[NR-eGR]  M5  (5H)           782     0 
[NR-eGR]  M6  (6V)             0     0 
[NR-eGR]  M7  (7H)             0     0 
[NR-eGR]  M8  (8V)             0     0 
[NR-eGR]  M9  (9H)             0     0 
[NR-eGR]  AP  (10V)            0     0 
[NR-eGR] ------------------------------
[NR-eGR]      Total         6423  3190 
[NR-eGR] --------------------------------------------------------------------------
[NR-eGR] Total half perimeter of net bounding box: 549um
[NR-eGR] Total length: 6423um, number of vias: 3190
[NR-eGR] --------------------------------------------------------------------------
[NR-eGR] Total routed clock nets wire length: 6423um, number of vias: 3190
[NR-eGR] --------------------------------------------------------------------------
[NR-eGR] Finished Early Global Route kernel ( CPU: 0.12 sec, Real: 0.20 sec, Curr Mem: 2698.12 MB )
      Early Global Route - eGR only step done. (took cpu=0:00:00.1 real=0:00:00.2)
      flow.cputime  flow.realtime  timing.setup.tns  timing.setup.wns  snapshot
UM:*                                                                   Early Global Route - eGR only step
    Routing using eGR only done.
Net route status summary:
  Clock:         1 (unrouted=0, trialRouted=0, noStatus=0, routed=1, fixed=0, [crossesIlmBoundary=0, tooFewTerms=0, (crossesIlmBoundary AND tooFewTerms=0)])
  Non-clock:  9770 (unrouted=40, trialRouted=9730, noStatus=0, routed=0, fixed=0, [crossesIlmBoundary=0, tooFewTerms=3, (crossesIlmBoundary AND tooFewTerms=0)])

CCOPT: Done with clock implementation routing.

  Clock implementation routing done.
  CCOpt: Starting congestion repair using flow wrapper...
    Congestion Repair...
*** IncrReplace #1 [begin] (CTS #1 / ccopt_design #1) : totSession cpu/real = 0:08:00.9/0:24:44.9 (0.3), mem = 2698.1M
Info: Disable timing driven in postCTS congRepair.

Starting congRepair ...
[NR-eGR] Track table information for default rule: 
[NR-eGR] M1 has single uniform track structure
[NR-eGR] M2 has single uniform track structure
[NR-eGR] M3 has single uniform track structure
[NR-eGR] M4 has single uniform track structure
[NR-eGR] M5 has single uniform track structure
[NR-eGR] M6 has single uniform track structure
[NR-eGR] M7 has single uniform track structure
[NR-eGR] M8 has single uniform track structure
[NR-eGR] M9 has single uniform track structure
[NR-eGR] AP has single uniform track structure
[NR-eGR] Read 79610 PG shapes
[NR-eGR] Read 0 clock shapes
[NR-eGR] Read 0 other shapes
[NR-eGR] #Routing Blockages  : 0
[NR-eGR] #Instance Blockages : 0
[NR-eGR] #PG Blockages       : 79610
[NR-eGR] #Halo Blockages     : 0
[NR-eGR] #Boundary Blockages : 0
[NR-eGR] #Clock Blockages    : 0
[NR-eGR] #Other Blockages    : 0
[NR-eGR] Num Prerouted Nets = 1  Num Prerouted Wires = 3271
[NR-eGR] Read 9731 nets ( ignored 1 )
[NR-eGR] ============ Routing rule table ============
[NR-eGR] Rule id: 0  Nets: 9730
[NR-eGR] ========================================
[NR-eGR] 
[NR-eGR] Layer group 1: route 27 net(s) in layer range [8, 10]
[NR-eGR] Early Global Route overflow of layer group 1: 0.00% H + 0.00% V. EstWL: 7.630200e+03um
[NR-eGR] Layer group 2: route 9703 net(s) in layer range [2, 10]
[NR-eGR] Early Global Route overflow of layer group 2: 0.00% H + 0.00% V. EstWL: 3.234366e+05um
[NR-eGR] Congestion Analysis By layer: (blocked Gcells are excluded) 
[NR-eGR]                        OverCon           OverCon           OverCon           OverCon            
[NR-eGR]                         #Gcell            #Gcell            #Gcell            #Gcell     %Gcell
[NR-eGR]        Layer             (1-4)             (5-8)            (9-12)           (13-15)    OverCon
[NR-eGR] -------------------------------------------------------------------------------------------------
[NR-eGR]      M1 ( 1)         0( 0.00%)         0( 0.00%)         0( 0.00%)         0( 0.00%)   ( 0.00%) 
[NR-eGR]      M2 ( 2)         2( 0.00%)         0( 0.00%)         0( 0.00%)         0( 0.00%)   ( 0.00%) 
[NR-eGR]      M3 ( 3)         1( 0.00%)         0( 0.00%)         0( 0.00%)         0( 0.00%)   ( 0.00%) 
[NR-eGR]      M4 ( 4)        27( 0.06%)         0( 0.00%)         0( 0.00%)         0( 0.00%)   ( 0.06%) 
[NR-eGR]      M5 ( 5)         0( 0.00%)         0( 0.00%)         0( 0.00%)         0( 0.00%)   ( 0.00%) 
[NR-eGR]      M6 ( 6)         0( 0.00%)         0( 0.00%)         0( 0.00%)         0( 0.00%)   ( 0.00%) 
[NR-eGR]      M7 ( 7)         0( 0.00%)         0( 0.00%)         0( 0.00%)         0( 0.00%)   ( 0.00%) 
[NR-eGR]      M8 ( 8)         0( 0.00%)         0( 0.00%)         0( 0.00%)         0( 0.00%)   ( 0.00%) 
[NR-eGR]      M9 ( 9)         0( 0.00%)         4( 0.01%)         0( 0.00%)         2( 0.00%)   ( 0.01%) 
[NR-eGR]      AP (10)         0( 0.00%)         0( 0.00%)         0( 0.00%)         0( 0.00%)   ( 0.00%) 
[NR-eGR] -------------------------------------------------------------------------------------------------
[NR-eGR]        Total        30( 0.01%)         4( 0.00%)         0( 0.00%)         2( 0.00%)   ( 0.01%) 
[NR-eGR] 
[NR-eGR] Overflow after Early Global Route 0.00% H + 0.00% V
Early Global Route congestion estimation runtime: 0.23 seconds, mem = 2707.5M
Local HotSpot Analysis: normalized max congestion hotspot area = 0.00, normalized total congestion hotspot area = 0.00 (area is in unit of 4 std-cell row bins)
Skipped repairing congestion.
[NR-eGR]             Length (um)   Vias 
[NR-eGR] -------------------------------
[NR-eGR]  M1  (1H)             0  32069 
[NR-eGR]  M2  (2V)         88807  51471 
[NR-eGR]  M3  (3H)        118062   5597 
[NR-eGR]  M4  (4V)         26573   4090 
[NR-eGR]  M5  (5H)         56308   2395 
[NR-eGR]  M6  (6V)         39815    522 
[NR-eGR]  M7  (7H)          1063    458 
[NR-eGR]  M8  (8V)          3209    659 
[NR-eGR]  M9  (9H)          4585     19 
[NR-eGR]  AP  (10V)           18      0 
[NR-eGR] -------------------------------
[NR-eGR]      Total       338439  97280 
[NR-eGR] --------------------------------------------------------------------------
[NR-eGR] Total half perimeter of net bounding box: 322328um
[NR-eGR] Total length: 338439um, number of vias: 97280
[NR-eGR] --------------------------------------------------------------------------
[NR-eGR] Total eGR-routed clock nets wire length: 0um, number of vias: 0
[NR-eGR] --------------------------------------------------------------------------
Early Global Route wiring runtime: 0.09 seconds, mem = 2704.5M
Tdgp not successfully inited but do clear! skip clearing
End of congRepair (cpu=0:00:00.2, real=0:00:00.0)
*** IncrReplace #1 [finish] (CTS #1 / ccopt_design #1) : cpu/real = 0:00:00.2/0:00:00.3 (0.7), totSession cpu/real = 0:08:01.1/0:24:45.2 (0.3), mem = 2704.5M
    Congestion Repair done. (took cpu=0:00:00.2 real=0:00:00.3)
      flow.cputime  flow.realtime  timing.setup.tns  timing.setup.wns  snapshot
UM:*                                                                   Congestion Repair
  CCOpt: Starting congestion repair using flow wrapper done.
  Leaving CCOpt scope - Early Global Route done. (took cpu=0:00:00.5 real=0:00:00.6)
  Leaving CCOpt scope - extractRC...
  Updating RC parasitics by calling: "extract_rc -noRouteCheck"...
Extraction called for design 'riscv_core' of instances=9796 and nets=9771 using extraction engine 'pre_route' .
**WARN: (IMPEXT-3530):	The process node is not set. Use the command set_design_mode -process <process node> prior to extraction for maximum accuracy and optimal automatic threshold setting.
Type 'man IMPEXT-3530' for more detail.
pre_route RC Extraction called for design riscv_core.
RC Extraction called in multi-corner(3) mode.
RCMode: PreRoute
      RC Corner Indexes            0       1       2   
Capacitance Scaling Factor   : 1.00000 1.00000 1.00000 
Resistance Scaling Factor    : 1.00000 1.00000 1.00000 
Clock Cap. Scaling Factor    : 1.00000 1.00000 1.00000 
Clock Res. Scaling Factor    : 1.00000 1.00000 1.00000 
Shrink Factor                : 1.00000
PreRoute extraction is honoring NDR/Shielding/ExtraSpace for clock nets.
Using capacitance table file ...
Updating RC grid for preRoute extraction ...
Initializing multi-corner capacitance tables ... 
Initializing multi-corner resistance tables ...
PreRoute RC Extraction DONE (CPU Time: 0:00:00.2  Real Time: 0:00:00.0  MEM: 2704.520M)
  Updating RC parasitics by calling: "extract_rc -noRouteCheck" done.
  Leaving CCOpt scope - extractRC done. (took cpu=0:00:00.2 real=0:00:00.2)
  Clock tree timing engine global stage delay update for dc_worst:setup.late...
  Clock tree timing engine global stage delay update for dc_worst:setup.late done. (took cpu=0:00:00.0 real=0:00:00.0)
  Clock DAG stats after clustering cong repair call:
    cell counts      : b=0, i=0, icg=0, dcg=0, l=0, total=0
    sink counts      : regular=1024, enable_latch=0, load_capacitance=0, antenna=0, node_sink=0, total=1024
    misc counts      : r=1, pp=0
    cell areas       : b=0.000um^2, i=0.000um^2, icg=0.000um^2, dcg=0.000um^2, l=0.000um^2, total=0.000um^2
    cell capacitance : b=0.000pF, i=0.000pF, icg=0.000pF, dcg=0.000pF, l=0.000pF, total=0.000pF
    sink capacitance : total=0.000pF, avg=0.000pF, sd=0.000pF, min=0.000pF, max=0.000pF
    wire capacitance : top=0.000pF, trunk=0.000pF, leaf=0.000pF, total=0.000pF
    wire lengths     : top=0.000um, trunk=0.000um, leaf=0.000um, total=0.000um
    hp wire lengths  : top=0.000um, trunk=0.000um, leaf=0.000um, total=0.000um
  Clock DAG net violations after clustering cong repair call:
    Fanout : {count=1, worst=[924]} avg=924 sd=0 sum=924
  Clock DAG primary half-corner transition distribution after clustering cong repair call:
    Leaf : target=0.136ns count=1 avg=0.100ns sd=0.000ns min=0.100ns max=0.100ns {0 <= 0.082ns, 1 <= 0.109ns, 0 <= 0.122ns, 0 <= 0.129ns, 0 <= 0.136ns}
  Primary reporting skew groups after clustering cong repair call:
    skew_group clk/func_mode: insertion delay [min=0.000, max=0.000, avg=0.000, sd=0.000], skew [0.000 vs 0.096], 100% {0.000, 0.000} (wid=0.000 ws=0.000) (gid=0.000 gs=0.000)
  Skew group summary after clustering cong repair call:
    skew_group clk/func_mode: insertion delay [min=0.000, max=0.000, avg=0.000, sd=0.000], skew [0.000 vs 0.096], 100% {0.000, 0.000} (wid=0.000 ws=0.000) (gid=0.000 gs=0.000)
  CongRepair After Initial Clustering done. (took cpu=0:00:00.7 real=0:00:00.9)
      flow.cputime  flow.realtime  timing.setup.tns  timing.setup.wns  snapshot
UM:*                                                                   CongRepair After Initial Clustering
  Stage::Clustering done. (took cpu=0:00:01.2 real=0:00:01.3)
      flow.cputime  flow.realtime  timing.setup.tns  timing.setup.wns  snapshot
UM:*                                                                   Stage::Clustering
  Stage::DRV Fixing...
  Fixing clock tree slew time and max cap violations...
    Fixing clock tree overload: ...20% ...40% ...60% ...80% ...100% 
    Clock DAG stats after 'Fixing clock tree slew time and max cap violations':
      cell counts      : b=0, i=0, icg=0, dcg=0, l=0, total=0
      sink counts      : regular=1024, enable_latch=0, load_capacitance=0, antenna=0, node_sink=0, total=1024
      misc counts      : r=1, pp=0
      cell areas       : b=0.000um^2, i=0.000um^2, icg=0.000um^2, dcg=0.000um^2, l=0.000um^2, total=0.000um^2
      cell capacitance : b=0.000pF, i=0.000pF, icg=0.000pF, dcg=0.000pF, l=0.000pF, total=0.000pF
      sink capacitance : total=0.000pF, avg=0.000pF, sd=0.000pF, min=0.000pF, max=0.000pF
      wire capacitance : top=0.000pF, trunk=0.000pF, leaf=0.000pF, total=0.000pF
      wire lengths     : top=0.000um, trunk=0.000um, leaf=0.000um, total=0.000um
      hp wire lengths  : top=0.000um, trunk=0.000um, leaf=0.000um, total=0.000um
    Clock DAG net violations after 'Fixing clock tree slew time and max cap violations':
      Fanout : {count=1, worst=[924]} avg=924 sd=0 sum=924
    Clock DAG primary half-corner transition distribution after 'Fixing clock tree slew time and max cap violations':
      Leaf : target=0.136ns count=1 avg=0.100ns sd=0.000ns min=0.100ns max=0.100ns {0 <= 0.082ns, 1 <= 0.109ns, 0 <= 0.122ns, 0 <= 0.129ns, 0 <= 0.136ns}
    Primary reporting skew groups after 'Fixing clock tree slew time and max cap violations':
      skew_group clk/func_mode: insertion delay [min=0.000, max=0.000], skew [0.000 vs 0.096]
    Skew group summary after 'Fixing clock tree slew time and max cap violations':
      skew_group clk/func_mode: insertion delay [min=0.000, max=0.000], skew [0.000 vs 0.096]
    Legalizer API calls during this step: 0 succeeded with high effort: 0 succeeded with medium effort: 0 succeeded with low effort: 0 succeeded with basic effort: 0 succeeded with basic unbounded effort: 0
  Fixing clock tree slew time and max cap violations done. (took cpu=0:00:00.0 real=0:00:00.0)
      flow.cputime  flow.realtime  timing.setup.tns  timing.setup.wns  snapshot
UM:*                                                                   Fixing clock tree slew time and max cap violations
  Fixing clock tree slew time and max cap violations - detailed pass...
    Fixing clock tree overload: ...20% ...40% ...60% ...80% ...100% 
    Clock DAG stats after 'Fixing clock tree slew time and max cap violations - detailed pass':
      cell counts      : b=0, i=0, icg=0, dcg=0, l=0, total=0
      sink counts      : regular=1024, enable_latch=0, load_capacitance=0, antenna=0, node_sink=0, total=1024
      misc counts      : r=1, pp=0
      cell areas       : b=0.000um^2, i=0.000um^2, icg=0.000um^2, dcg=0.000um^2, l=0.000um^2, total=0.000um^2
      cell capacitance : b=0.000pF, i=0.000pF, icg=0.000pF, dcg=0.000pF, l=0.000pF, total=0.000pF
      sink capacitance : total=0.000pF, avg=0.000pF, sd=0.000pF, min=0.000pF, max=0.000pF
      wire capacitance : top=0.000pF, trunk=0.000pF, leaf=0.000pF, total=0.000pF
      wire lengths     : top=0.000um, trunk=0.000um, leaf=0.000um, total=0.000um
      hp wire lengths  : top=0.000um, trunk=0.000um, leaf=0.000um, total=0.000um
    Clock DAG net violations after 'Fixing clock tree slew time and max cap violations - detailed pass':
      Fanout : {count=1, worst=[924]} avg=924 sd=0 sum=924
    Clock DAG primary half-corner transition distribution after 'Fixing clock tree slew time and max cap violations - detailed pass':
      Leaf : target=0.136ns count=1 avg=0.100ns sd=0.000ns min=0.100ns max=0.100ns {0 <= 0.082ns, 1 <= 0.109ns, 0 <= 0.122ns, 0 <= 0.129ns, 0 <= 0.136ns}
    Primary reporting skew groups after 'Fixing clock tree slew time and max cap violations - detailed pass':
      skew_group clk/func_mode: insertion delay [min=0.000, max=0.000, avg=0.000, sd=0.000], skew [0.000 vs 0.096], 100% {0.000, 0.000} (wid=0.000 ws=0.000) (gid=0.000 gs=0.000)
    Skew group summary after 'Fixing clock tree slew time and max cap violations - detailed pass':
      skew_group clk/func_mode: insertion delay [min=0.000, max=0.000, avg=0.000, sd=0.000], skew [0.000 vs 0.096], 100% {0.000, 0.000} (wid=0.000 ws=0.000) (gid=0.000 gs=0.000)
    Legalizer API calls during this step: 0 succeeded with high effort: 0 succeeded with medium effort: 0 succeeded with low effort: 0 succeeded with basic effort: 0 succeeded with basic unbounded effort: 0
  Fixing clock tree slew time and max cap violations - detailed pass done. (took cpu=0:00:00.0 real=0:00:00.0)
      flow.cputime  flow.realtime  timing.setup.tns  timing.setup.wns  snapshot
UM:*                                                                   Fixing clock tree slew time and max cap violations - detailed pass
  Stage::DRV Fixing done. (took cpu=0:00:00.1 real=0:00:00.1)
      flow.cputime  flow.realtime  timing.setup.tns  timing.setup.wns  snapshot
UM:*                                                                   Stage::DRV Fixing
  Stage::Insertion Delay Reduction...
  Removing unnecessary root buffering...
    Clock DAG stats after 'Removing unnecessary root buffering':
      cell counts      : b=0, i=0, icg=0, dcg=0, l=0, total=0
      sink counts      : regular=1024, enable_latch=0, load_capacitance=0, antenna=0, node_sink=0, total=1024
      misc counts      : r=1, pp=0
      cell areas       : b=0.000um^2, i=0.000um^2, icg=0.000um^2, dcg=0.000um^2, l=0.000um^2, total=0.000um^2
      cell capacitance : b=0.000pF, i=0.000pF, icg=0.000pF, dcg=0.000pF, l=0.000pF, total=0.000pF
      sink capacitance : total=0.000pF, avg=0.000pF, sd=0.000pF, min=0.000pF, max=0.000pF
      wire capacitance : top=0.000pF, trunk=0.000pF, leaf=0.000pF, total=0.000pF
      wire lengths     : top=0.000um, trunk=0.000um, leaf=0.000um, total=0.000um
      hp wire lengths  : top=0.000um, trunk=0.000um, leaf=0.000um, total=0.000um
    Clock DAG net violations after 'Removing unnecessary root buffering':
      Fanout : {count=1, worst=[924]} avg=924 sd=0 sum=924
    Clock DAG primary half-corner transition distribution after 'Removing unnecessary root buffering':
      Leaf : target=0.136ns count=1 avg=0.100ns sd=0.000ns min=0.100ns max=0.100ns {0 <= 0.082ns, 1 <= 0.109ns, 0 <= 0.122ns, 0 <= 0.129ns, 0 <= 0.136ns}
    Primary reporting skew groups after 'Removing unnecessary root buffering':
      skew_group clk/func_mode: insertion delay [min=0.000, max=0.000], skew [0.000 vs 0.096]
    Skew group summary after 'Removing unnecessary root buffering':
      skew_group clk/func_mode: insertion delay [min=0.000, max=0.000], skew [0.000 vs 0.096]
    Legalizer API calls during this step: 0 succeeded with high effort: 0 succeeded with medium effort: 0 succeeded with low effort: 0 succeeded with basic effort: 0 succeeded with basic unbounded effort: 0
  Removing unnecessary root buffering done. (took cpu=0:00:00.0 real=0:00:00.0)
      flow.cputime  flow.realtime  timing.setup.tns  timing.setup.wns  snapshot
UM:*                                                                   Removing unnecessary root buffering
  Removing unconstrained drivers...
    Clock DAG stats after 'Removing unconstrained drivers':
      cell counts      : b=0, i=0, icg=0, dcg=0, l=0, total=0
      sink counts      : regular=1024, enable_latch=0, load_capacitance=0, antenna=0, node_sink=0, total=1024
      misc counts      : r=1, pp=0
      cell areas       : b=0.000um^2, i=0.000um^2, icg=0.000um^2, dcg=0.000um^2, l=0.000um^2, total=0.000um^2
      cell capacitance : b=0.000pF, i=0.000pF, icg=0.000pF, dcg=0.000pF, l=0.000pF, total=0.000pF
      sink capacitance : total=0.000pF, avg=0.000pF, sd=0.000pF, min=0.000pF, max=0.000pF
      wire capacitance : top=0.000pF, trunk=0.000pF, leaf=0.000pF, total=0.000pF
      wire lengths     : top=0.000um, trunk=0.000um, leaf=0.000um, total=0.000um
      hp wire lengths  : top=0.000um, trunk=0.000um, leaf=0.000um, total=0.000um
    Clock DAG net violations after 'Removing unconstrained drivers':
      Fanout : {count=1, worst=[924]} avg=924 sd=0 sum=924
    Clock DAG primary half-corner transition distribution after 'Removing unconstrained drivers':
      Leaf : target=0.136ns count=1 avg=0.100ns sd=0.000ns min=0.100ns max=0.100ns {0 <= 0.082ns, 1 <= 0.109ns, 0 <= 0.122ns, 0 <= 0.129ns, 0 <= 0.136ns}
    Primary reporting skew groups after 'Removing unconstrained drivers':
      skew_group clk/func_mode: insertion delay [min=0.000, max=0.000], skew [0.000 vs 0.096]
    Skew group summary after 'Removing unconstrained drivers':
      skew_group clk/func_mode: insertion delay [min=0.000, max=0.000], skew [0.000 vs 0.096]
    Legalizer API calls during this step: 0 succeeded with high effort: 0 succeeded with medium effort: 0 succeeded with low effort: 0 succeeded with basic effort: 0 succeeded with basic unbounded effort: 0
  Removing unconstrained drivers done. (took cpu=0:00:00.0 real=0:00:00.0)
      flow.cputime  flow.realtime  timing.setup.tns  timing.setup.wns  snapshot
UM:*                                                                   Removing unconstrained drivers
  Reducing insertion delay 1...
    Clock DAG stats after 'Reducing insertion delay 1':
      cell counts      : b=0, i=0, icg=0, dcg=0, l=0, total=0
      sink counts      : regular=1024, enable_latch=0, load_capacitance=0, antenna=0, node_sink=0, total=1024
      misc counts      : r=1, pp=0
      cell areas       : b=0.000um^2, i=0.000um^2, icg=0.000um^2, dcg=0.000um^2, l=0.000um^2, total=0.000um^2
      cell capacitance : b=0.000pF, i=0.000pF, icg=0.000pF, dcg=0.000pF, l=0.000pF, total=0.000pF
      sink capacitance : total=0.000pF, avg=0.000pF, sd=0.000pF, min=0.000pF, max=0.000pF
      wire capacitance : top=0.000pF, trunk=0.000pF, leaf=0.000pF, total=0.000pF
      wire lengths     : top=0.000um, trunk=0.000um, leaf=0.000um, total=0.000um
      hp wire lengths  : top=0.000um, trunk=0.000um, leaf=0.000um, total=0.000um
    Clock DAG net violations after 'Reducing insertion delay 1':
      Fanout : {count=1, worst=[924]} avg=924 sd=0 sum=924
    Clock DAG primary half-corner transition distribution after 'Reducing insertion delay 1':
      Leaf : target=0.136ns count=1 avg=0.100ns sd=0.000ns min=0.100ns max=0.100ns {0 <= 0.082ns, 1 <= 0.109ns, 0 <= 0.122ns, 0 <= 0.129ns, 0 <= 0.136ns}
    Primary reporting skew groups after 'Reducing insertion delay 1':
      skew_group clk/func_mode: insertion delay [min=0.000, max=0.000], skew [0.000 vs 0.096]
    Skew group summary after 'Reducing insertion delay 1':
      skew_group clk/func_mode: insertion delay [min=0.000, max=0.000], skew [0.000 vs 0.096]
    Legalizer API calls during this step: 0 succeeded with high effort: 0 succeeded with medium effort: 0 succeeded with low effort: 0 succeeded with basic effort: 0 succeeded with basic unbounded effort: 0
  Reducing insertion delay 1 done. (took cpu=0:00:00.0 real=0:00:00.0)
      flow.cputime  flow.realtime  timing.setup.tns  timing.setup.wns  snapshot
UM:*                                                                   Reducing insertion delay 1
  Removing longest path buffering...
    Clock DAG stats after 'Removing longest path buffering':
      cell counts      : b=0, i=0, icg=0, dcg=0, l=0, total=0
      sink counts      : regular=1024, enable_latch=0, load_capacitance=0, antenna=0, node_sink=0, total=1024
      misc counts      : r=1, pp=0
      cell areas       : b=0.000um^2, i=0.000um^2, icg=0.000um^2, dcg=0.000um^2, l=0.000um^2, total=0.000um^2
      cell capacitance : b=0.000pF, i=0.000pF, icg=0.000pF, dcg=0.000pF, l=0.000pF, total=0.000pF
      sink capacitance : total=0.000pF, avg=0.000pF, sd=0.000pF, min=0.000pF, max=0.000pF
      wire capacitance : top=0.000pF, trunk=0.000pF, leaf=0.000pF, total=0.000pF
      wire lengths     : top=0.000um, trunk=0.000um, leaf=0.000um, total=0.000um
      hp wire lengths  : top=0.000um, trunk=0.000um, leaf=0.000um, total=0.000um
    Clock DAG net violations after 'Removing longest path buffering':
      Fanout : {count=1, worst=[924]} avg=924 sd=0 sum=924
    Clock DAG primary half-corner transition distribution after 'Removing longest path buffering':
      Leaf : target=0.136ns count=1 avg=0.100ns sd=0.000ns min=0.100ns max=0.100ns {0 <= 0.082ns, 1 <= 0.109ns, 0 <= 0.122ns, 0 <= 0.129ns, 0 <= 0.136ns}
    Primary reporting skew groups after 'Removing longest path buffering':
      skew_group clk/func_mode: insertion delay [min=0.000, max=0.000], skew [0.000 vs 0.096]
    Skew group summary after 'Removing longest path buffering':
      skew_group clk/func_mode: insertion delay [min=0.000, max=0.000], skew [0.000 vs 0.096]
    Legalizer API calls during this step: 0 succeeded with high effort: 0 succeeded with medium effort: 0 succeeded with low effort: 0 succeeded with basic effort: 0 succeeded with basic unbounded effort: 0
  Removing longest path buffering done. (took cpu=0:00:00.0 real=0:00:00.0)
      flow.cputime  flow.realtime  timing.setup.tns  timing.setup.wns  snapshot
UM:*                                                                   Removing longest path buffering
  Reducing insertion delay 2...
    Clock DAG stats after 'Reducing insertion delay 2':
      cell counts      : b=0, i=0, icg=0, dcg=0, l=0, total=0
      sink counts      : regular=1024, enable_latch=0, load_capacitance=0, antenna=0, node_sink=0, total=1024
      misc counts      : r=1, pp=0
      cell areas       : b=0.000um^2, i=0.000um^2, icg=0.000um^2, dcg=0.000um^2, l=0.000um^2, total=0.000um^2
      cell capacitance : b=0.000pF, i=0.000pF, icg=0.000pF, dcg=0.000pF, l=0.000pF, total=0.000pF
      sink capacitance : total=0.000pF, avg=0.000pF, sd=0.000pF, min=0.000pF, max=0.000pF
      wire capacitance : top=0.000pF, trunk=0.000pF, leaf=0.000pF, total=0.000pF
      wire lengths     : top=0.000um, trunk=0.000um, leaf=0.000um, total=0.000um
      hp wire lengths  : top=0.000um, trunk=0.000um, leaf=0.000um, total=0.000um
    Clock DAG net violations after 'Reducing insertion delay 2':
      Fanout : {count=1, worst=[924]} avg=924 sd=0 sum=924
    Clock DAG primary half-corner transition distribution after 'Reducing insertion delay 2':
      Leaf : target=0.136ns count=1 avg=0.100ns sd=0.000ns min=0.100ns max=0.100ns {0 <= 0.082ns, 1 <= 0.109ns, 0 <= 0.122ns, 0 <= 0.129ns, 0 <= 0.136ns}
    Primary reporting skew groups after 'Reducing insertion delay 2':
      skew_group clk/func_mode: insertion delay [min=0.000, max=0.000, avg=0.000, sd=0.000], skew [0.000 vs 0.096], 100% {0.000, 0.000} (wid=0.000 ws=0.000) (gid=0.000 gs=0.000)
    Skew group summary after 'Reducing insertion delay 2':
      skew_group clk/func_mode: insertion delay [min=0.000, max=0.000, avg=0.000, sd=0.000], skew [0.000 vs 0.096], 100% {0.000, 0.000} (wid=0.000 ws=0.000) (gid=0.000 gs=0.000)
    Legalizer API calls during this step: 0 succeeded with high effort: 0 succeeded with medium effort: 0 succeeded with low effort: 0 succeeded with basic effort: 0 succeeded with basic unbounded effort: 0
  Reducing insertion delay 2 done. (took cpu=0:00:00.0 real=0:00:00.0)
      flow.cputime  flow.realtime  timing.setup.tns  timing.setup.wns  snapshot
UM:*                                                                   Reducing insertion delay 2
  Stage::Insertion Delay Reduction done. (took cpu=0:00:00.2 real=0:00:00.1)
      flow.cputime  flow.realtime  timing.setup.tns  timing.setup.wns  snapshot
UM:*                                                                   Stage::Insertion Delay Reduction
  CCOpt::Phase::Construction done. (took cpu=0:00:01.5 real=0:00:01.6)
      flow.cputime  flow.realtime  timing.setup.tns  timing.setup.wns  snapshot
UM:*                                                                   CCOpt::Phase::Construction
  CCOpt::Phase::Implementation...
  Stage::Reducing Power...
  Improving clock tree routing...
    Iteration 1...
    Iteration 1 done.
    Clock DAG stats after 'Improving clock tree routing':
      cell counts      : b=0, i=0, icg=0, dcg=0, l=0, total=0
      sink counts      : regular=1024, enable_latch=0, load_capacitance=0, antenna=0, node_sink=0, total=1024
      misc counts      : r=1, pp=0
      cell areas       : b=0.000um^2, i=0.000um^2, icg=0.000um^2, dcg=0.000um^2, l=0.000um^2, total=0.000um^2
      cell capacitance : b=0.000pF, i=0.000pF, icg=0.000pF, dcg=0.000pF, l=0.000pF, total=0.000pF
      sink capacitance : total=0.000pF, avg=0.000pF, sd=0.000pF, min=0.000pF, max=0.000pF
      wire capacitance : top=0.000pF, trunk=0.000pF, leaf=0.000pF, total=0.000pF
      wire lengths     : top=0.000um, trunk=0.000um, leaf=0.000um, total=0.000um
      hp wire lengths  : top=0.000um, trunk=0.000um, leaf=0.000um, total=0.000um
    Clock DAG net violations after 'Improving clock tree routing':
      Fanout : {count=1, worst=[924]} avg=924 sd=0 sum=924
    Clock DAG primary half-corner transition distribution after 'Improving clock tree routing':
      Leaf : target=0.136ns count=1 avg=0.100ns sd=0.000ns min=0.100ns max=0.100ns {0 <= 0.082ns, 1 <= 0.109ns, 0 <= 0.122ns, 0 <= 0.129ns, 0 <= 0.136ns}
    Primary reporting skew groups after 'Improving clock tree routing':
      skew_group clk/func_mode: insertion delay [min=0.000, max=0.000], skew [0.000 vs 0.096]
    Skew group summary after 'Improving clock tree routing':
      skew_group clk/func_mode: insertion delay [min=0.000, max=0.000], skew [0.000 vs 0.096]
    Legalizer API calls during this step: 0 succeeded with high effort: 0 succeeded with medium effort: 0 succeeded with low effort: 0 succeeded with basic effort: 0 succeeded with basic unbounded effort: 0
  Improving clock tree routing done. (took cpu=0:00:00.0 real=0:00:00.0)
      flow.cputime  flow.realtime  timing.setup.tns  timing.setup.wns  snapshot
UM:*                                                                   Improving clock tree routing
  Reducing clock tree power 1...
    Resizing gates:     ...20% ...40% ...60% ...80% ...Legalizing clock trees...
    Legalizing clock trees done. (took cpu=0:00:00.0 real=0:00:00.0)
      flow.cputime  flow.realtime  timing.setup.tns  timing.setup.wns  snapshot
UM:*                                                                   Legalizing clock trees
    100% 
    Clock DAG stats after 'Reducing clock tree power 1':
      cell counts      : b=0, i=0, icg=0, dcg=0, l=0, total=0
      sink counts      : regular=1024, enable_latch=0, load_capacitance=0, antenna=0, node_sink=0, total=1024
      misc counts      : r=1, pp=0
      cell areas       : b=0.000um^2, i=0.000um^2, icg=0.000um^2, dcg=0.000um^2, l=0.000um^2, total=0.000um^2
      cell capacitance : b=0.000pF, i=0.000pF, icg=0.000pF, dcg=0.000pF, l=0.000pF, total=0.000pF
      sink capacitance : total=0.000pF, avg=0.000pF, sd=0.000pF, min=0.000pF, max=0.000pF
      wire capacitance : top=0.000pF, trunk=0.000pF, leaf=0.000pF, total=0.000pF
      wire lengths     : top=0.000um, trunk=0.000um, leaf=0.000um, total=0.000um
      hp wire lengths  : top=0.000um, trunk=0.000um, leaf=0.000um, total=0.000um
    Clock DAG net violations after 'Reducing clock tree power 1':
      Fanout : {count=1, worst=[924]} avg=924 sd=0 sum=924
    Clock DAG primary half-corner transition distribution after 'Reducing clock tree power 1':
      Leaf : target=0.136ns count=1 avg=0.100ns sd=0.000ns min=0.100ns max=0.100ns {0 <= 0.082ns, 1 <= 0.109ns, 0 <= 0.122ns, 0 <= 0.129ns, 0 <= 0.136ns}
    Primary reporting skew groups after 'Reducing clock tree power 1':
      skew_group clk/func_mode: insertion delay [min=0.000, max=0.000], skew [0.000 vs 0.096]
    Skew group summary after 'Reducing clock tree power 1':
      skew_group clk/func_mode: insertion delay [min=0.000, max=0.000], skew [0.000 vs 0.096]
    Legalizer API calls during this step: 0 succeeded with high effort: 0 succeeded with medium effort: 0 succeeded with low effort: 0 succeeded with basic effort: 0 succeeded with basic unbounded effort: 0
  Reducing clock tree power 1 done. (took cpu=0:00:00.0 real=0:00:00.0)
      flow.cputime  flow.realtime  timing.setup.tns  timing.setup.wns  snapshot
UM:*                                                                   Reducing clock tree power 1
  Reducing clock tree power 2...
    Clock DAG stats after 'Reducing clock tree power 2':
      cell counts      : b=0, i=0, icg=0, dcg=0, l=0, total=0
      sink counts      : regular=1024, enable_latch=0, load_capacitance=0, antenna=0, node_sink=0, total=1024
      misc counts      : r=1, pp=0
      cell areas       : b=0.000um^2, i=0.000um^2, icg=0.000um^2, dcg=0.000um^2, l=0.000um^2, total=0.000um^2
      cell capacitance : b=0.000pF, i=0.000pF, icg=0.000pF, dcg=0.000pF, l=0.000pF, total=0.000pF
      sink capacitance : total=0.000pF, avg=0.000pF, sd=0.000pF, min=0.000pF, max=0.000pF
      wire capacitance : top=0.000pF, trunk=0.000pF, leaf=0.000pF, total=0.000pF
      wire lengths     : top=0.000um, trunk=0.000um, leaf=0.000um, total=0.000um
      hp wire lengths  : top=0.000um, trunk=0.000um, leaf=0.000um, total=0.000um
    Clock DAG net violations after 'Reducing clock tree power 2':
      Fanout : {count=1, worst=[924]} avg=924 sd=0 sum=924
    Clock DAG primary half-corner transition distribution after 'Reducing clock tree power 2':
      Leaf : target=0.136ns count=1 avg=0.100ns sd=0.000ns min=0.100ns max=0.100ns {0 <= 0.082ns, 1 <= 0.109ns, 0 <= 0.122ns, 0 <= 0.129ns, 0 <= 0.136ns}
    Primary reporting skew groups after 'Reducing clock tree power 2':
      skew_group clk/func_mode: insertion delay [min=0.000, max=0.000, avg=0.000, sd=0.000], skew [0.000 vs 0.096], 100% {0.000, 0.000} (wid=0.000 ws=0.000) (gid=0.000 gs=0.000)
    Skew group summary after 'Reducing clock tree power 2':
      skew_group clk/func_mode: insertion delay [min=0.000, max=0.000, avg=0.000, sd=0.000], skew [0.000 vs 0.096], 100% {0.000, 0.000} (wid=0.000 ws=0.000) (gid=0.000 gs=0.000)
    Legalizer API calls during this step: 0 succeeded with high effort: 0 succeeded with medium effort: 0 succeeded with low effort: 0 succeeded with basic effort: 0 succeeded with basic unbounded effort: 0
  Reducing clock tree power 2 done. (took cpu=0:00:00.0 real=0:00:00.0)
      flow.cputime  flow.realtime  timing.setup.tns  timing.setup.wns  snapshot
UM:*                                                                   Reducing clock tree power 2
  Stage::Reducing Power done. (took cpu=0:00:00.1 real=0:00:00.1)
      flow.cputime  flow.realtime  timing.setup.tns  timing.setup.wns  snapshot
UM:*                                                                   Stage::Reducing Power
  Stage::Balancing...
  Approximately balancing fragments step...
    Resolve constraints - Approximately balancing fragments...
    Resolving skew group constraints...
      Solving LP: 1 skew groups; 2 fragments, 2 fraglets and 3 vertices; 23 variables and 49 constraints; tolerance 1
    Resolving skew group constraints done.
    Resolve constraints - Approximately balancing fragments done. (took cpu=0:00:00.0 real=0:00:00.0)
      flow.cputime  flow.realtime  timing.setup.tns  timing.setup.wns  snapshot
UM:*                                                                   Resolve constraints - Approximately balancing fragments
    Estimate delay to be added in balancing - Approximately balancing fragments...
    Trial balancer estimated the amount of delay to be added in balancing: 0.000ns
    Estimate delay to be added in balancing - Approximately balancing fragments done. (took cpu=0:00:00.0 real=0:00:00.0)
      flow.cputime  flow.realtime  timing.setup.tns  timing.setup.wns  snapshot
UM:*                                                                   Estimate delay to be added in balancing - Approximately balancing fragments
    Approximately balancing fragments...
      Moving gates to improve sub-tree skew...
        Tried: 2 Succeeded: 0
        Topology Tried: 0 Succeeded: 0
        0 Succeeded with SS ratio
        0 Succeeded with Lollipop: 0 with tier one, 0 with tier two. 
        Total reducing skew: 0 Average reducing skew for 0 nets : 0
        Clock DAG stats after 'Moving gates to improve sub-tree skew':
          cell counts      : b=0, i=0, icg=0, dcg=0, l=0, total=0
          sink counts      : regular=1024, enable_latch=0, load_capacitance=0, antenna=0, node_sink=0, total=1024
          misc counts      : r=1, pp=0
          cell areas       : b=0.000um^2, i=0.000um^2, icg=0.000um^2, dcg=0.000um^2, l=0.000um^2, total=0.000um^2
          cell capacitance : b=0.000pF, i=0.000pF, icg=0.000pF, dcg=0.000pF, l=0.000pF, total=0.000pF
          sink capacitance : total=0.000pF, avg=0.000pF, sd=0.000pF, min=0.000pF, max=0.000pF
          wire capacitance : top=0.000pF, trunk=0.000pF, leaf=0.000pF, total=0.000pF
          wire lengths     : top=0.000um, trunk=0.000um, leaf=0.000um, total=0.000um
          hp wire lengths  : top=0.000um, trunk=0.000um, leaf=0.000um, total=0.000um
        Clock DAG net violations after 'Moving gates to improve sub-tree skew':
          Fanout : {count=1, worst=[924]} avg=924 sd=0 sum=924
        Clock DAG primary half-corner transition distribution after 'Moving gates to improve sub-tree skew':
          Leaf : target=0.136ns count=1 avg=0.100ns sd=0.000ns min=0.100ns max=0.100ns {0 <= 0.082ns, 1 <= 0.109ns, 0 <= 0.122ns, 0 <= 0.129ns, 0 <= 0.136ns}
        Legalizer API calls during this step: 0 succeeded with high effort: 0 succeeded with medium effort: 0 succeeded with low effort: 0 succeeded with basic effort: 0 succeeded with basic unbounded effort: 0
      Moving gates to improve sub-tree skew done. (took cpu=0:00:00.0 real=0:00:00.0)
      flow.cputime  flow.realtime  timing.setup.tns  timing.setup.wns  snapshot
UM:*                                                                   Moving gates to improve sub-tree skew
      Approximately balancing fragments bottom up...
        bottom up balancing: ...20% ...40% ...60% ...80% ...100% 
        Clock DAG stats after 'Approximately balancing fragments bottom up':
          cell counts      : b=0, i=0, icg=0, dcg=0, l=0, total=0
          sink counts      : regular=1024, enable_latch=0, load_capacitance=0, antenna=0, node_sink=0, total=1024
          misc counts      : r=1, pp=0
          cell areas       : b=0.000um^2, i=0.000um^2, icg=0.000um^2, dcg=0.000um^2, l=0.000um^2, total=0.000um^2
          cell capacitance : b=0.000pF, i=0.000pF, icg=0.000pF, dcg=0.000pF, l=0.000pF, total=0.000pF
          sink capacitance : total=0.000pF, avg=0.000pF, sd=0.000pF, min=0.000pF, max=0.000pF
          wire capacitance : top=0.000pF, trunk=0.000pF, leaf=0.000pF, total=0.000pF
          wire lengths     : top=0.000um, trunk=0.000um, leaf=0.000um, total=0.000um
          hp wire lengths  : top=0.000um, trunk=0.000um, leaf=0.000um, total=0.000um
        Clock DAG net violations after 'Approximately balancing fragments bottom up':
          Fanout : {count=1, worst=[924]} avg=924 sd=0 sum=924
        Clock DAG primary half-corner transition distribution after 'Approximately balancing fragments bottom up':
          Leaf : target=0.136ns count=1 avg=0.100ns sd=0.000ns min=0.100ns max=0.100ns {0 <= 0.082ns, 1 <= 0.109ns, 0 <= 0.122ns, 0 <= 0.129ns, 0 <= 0.136ns}
        Legalizer API calls during this step: 0 succeeded with high effort: 0 succeeded with medium effort: 0 succeeded with low effort: 0 succeeded with basic effort: 0 succeeded with basic unbounded effort: 0
      Approximately balancing fragments bottom up done. (took cpu=0:00:00.0 real=0:00:00.0)
      flow.cputime  flow.realtime  timing.setup.tns  timing.setup.wns  snapshot
UM:*                                                                   Approximately balancing fragments bottom up
      Approximately balancing fragments, wire and cell delays...
      Approximately balancing fragments, wire and cell delays, iteration 1...
        Clock DAG stats after Approximately balancing fragments, wire and cell delays, iteration 1:
          cell counts      : b=0, i=0, icg=0, dcg=0, l=0, total=0
          sink counts      : regular=1024, enable_latch=0, load_capacitance=0, antenna=0, node_sink=0, total=1024
          misc counts      : r=1, pp=0
          cell areas       : b=0.000um^2, i=0.000um^2, icg=0.000um^2, dcg=0.000um^2, l=0.000um^2, total=0.000um^2
          cell capacitance : b=0.000pF, i=0.000pF, icg=0.000pF, dcg=0.000pF, l=0.000pF, total=0.000pF
          sink capacitance : total=0.000pF, avg=0.000pF, sd=0.000pF, min=0.000pF, max=0.000pF
          wire capacitance : top=0.000pF, trunk=0.000pF, leaf=0.000pF, total=0.000pF
          wire lengths     : top=0.000um, trunk=0.000um, leaf=0.000um, total=0.000um
          hp wire lengths  : top=0.000um, trunk=0.000um, leaf=0.000um, total=0.000um
        Clock DAG net violations after Approximately balancing fragments, wire and cell delays, iteration 1:
          Fanout : {count=1, worst=[924]} avg=924 sd=0 sum=924
        Clock DAG primary half-corner transition distribution after Approximately balancing fragments, wire and cell delays, iteration 1:
          Leaf : target=0.136ns count=1 avg=0.100ns sd=0.000ns min=0.100ns max=0.100ns {0 <= 0.082ns, 1 <= 0.109ns, 0 <= 0.122ns, 0 <= 0.129ns, 0 <= 0.136ns}
      Approximately balancing fragments, wire and cell delays, iteration 1 done.
      Approximately balancing fragments, wire and cell delays done. (took cpu=0:00:00.0 real=0:00:00.0)
      flow.cputime  flow.realtime  timing.setup.tns  timing.setup.wns  snapshot
UM:*                                                                   Approximately balancing fragments, wire and cell delays
    Approximately balancing fragments done.
    Clock DAG stats after 'Approximately balancing fragments step':
      cell counts      : b=0, i=0, icg=0, dcg=0, l=0, total=0
      sink counts      : regular=1024, enable_latch=0, load_capacitance=0, antenna=0, node_sink=0, total=1024
      misc counts      : r=1, pp=0
      cell areas       : b=0.000um^2, i=0.000um^2, icg=0.000um^2, dcg=0.000um^2, l=0.000um^2, total=0.000um^2
      cell capacitance : b=0.000pF, i=0.000pF, icg=0.000pF, dcg=0.000pF, l=0.000pF, total=0.000pF
      sink capacitance : total=0.000pF, avg=0.000pF, sd=0.000pF, min=0.000pF, max=0.000pF
      wire capacitance : top=0.000pF, trunk=0.000pF, leaf=0.000pF, total=0.000pF
      wire lengths     : top=0.000um, trunk=0.000um, leaf=0.000um, total=0.000um
      hp wire lengths  : top=0.000um, trunk=0.000um, leaf=0.000um, total=0.000um
    Clock DAG net violations after 'Approximately balancing fragments step':
      Fanout : {count=1, worst=[924]} avg=924 sd=0 sum=924
    Clock DAG primary half-corner transition distribution after 'Approximately balancing fragments step':
      Leaf : target=0.136ns count=1 avg=0.100ns sd=0.000ns min=0.100ns max=0.100ns {0 <= 0.082ns, 1 <= 0.109ns, 0 <= 0.122ns, 0 <= 0.129ns, 0 <= 0.136ns}
    Legalizer API calls during this step: 0 succeeded with high effort: 0 succeeded with medium effort: 0 succeeded with low effort: 0 succeeded with basic effort: 0 succeeded with basic unbounded effort: 0
  Approximately balancing fragments step done. (took cpu=0:00:00.2 real=0:00:00.2)
      flow.cputime  flow.realtime  timing.setup.tns  timing.setup.wns  snapshot
UM:*                                                                   Approximately balancing fragments step
  Clock DAG stats after Approximately balancing fragments:
    cell counts      : b=0, i=0, icg=0, dcg=0, l=0, total=0
    sink counts      : regular=1024, enable_latch=0, load_capacitance=0, antenna=0, node_sink=0, total=1024
    misc counts      : r=1, pp=0
    cell areas       : b=0.000um^2, i=0.000um^2, icg=0.000um^2, dcg=0.000um^2, l=0.000um^2, total=0.000um^2
    cell capacitance : b=0.000pF, i=0.000pF, icg=0.000pF, dcg=0.000pF, l=0.000pF, total=0.000pF
    sink capacitance : total=0.000pF, avg=0.000pF, sd=0.000pF, min=0.000pF, max=0.000pF
    wire capacitance : top=0.000pF, trunk=0.000pF, leaf=0.000pF, total=0.000pF
    wire lengths     : top=0.000um, trunk=0.000um, leaf=0.000um, total=0.000um
    hp wire lengths  : top=0.000um, trunk=0.000um, leaf=0.000um, total=0.000um
  Clock DAG net violations after Approximately balancing fragments:
    Fanout : {count=1, worst=[924]} avg=924 sd=0 sum=924
  Clock DAG primary half-corner transition distribution after Approximately balancing fragments:
    Leaf : target=0.136ns count=1 avg=0.100ns sd=0.000ns min=0.100ns max=0.100ns {0 <= 0.082ns, 1 <= 0.109ns, 0 <= 0.122ns, 0 <= 0.129ns, 0 <= 0.136ns}
  Primary reporting skew groups after Approximately balancing fragments:
    skew_group clk/func_mode: insertion delay [min=0.000, max=0.000], skew [0.000 vs 0.096]
  Skew group summary after Approximately balancing fragments:
    skew_group clk/func_mode: insertion delay [min=0.000, max=0.000], skew [0.000 vs 0.096]
  Improving fragments clock skew...
    Clock DAG stats after 'Improving fragments clock skew':
      cell counts      : b=0, i=0, icg=0, dcg=0, l=0, total=0
      sink counts      : regular=1024, enable_latch=0, load_capacitance=0, antenna=0, node_sink=0, total=1024
      misc counts      : r=1, pp=0
      cell areas       : b=0.000um^2, i=0.000um^2, icg=0.000um^2, dcg=0.000um^2, l=0.000um^2, total=0.000um^2
      cell capacitance : b=0.000pF, i=0.000pF, icg=0.000pF, dcg=0.000pF, l=0.000pF, total=0.000pF
      sink capacitance : total=0.000pF, avg=0.000pF, sd=0.000pF, min=0.000pF, max=0.000pF
      wire capacitance : top=0.000pF, trunk=0.000pF, leaf=0.000pF, total=0.000pF
      wire lengths     : top=0.000um, trunk=0.000um, leaf=0.000um, total=0.000um
      hp wire lengths  : top=0.000um, trunk=0.000um, leaf=0.000um, total=0.000um
    Clock DAG net violations after 'Improving fragments clock skew':
      Fanout : {count=1, worst=[924]} avg=924 sd=0 sum=924
    Clock DAG primary half-corner transition distribution after 'Improving fragments clock skew':
      Leaf : target=0.136ns count=1 avg=0.100ns sd=0.000ns min=0.100ns max=0.100ns {0 <= 0.082ns, 1 <= 0.109ns, 0 <= 0.122ns, 0 <= 0.129ns, 0 <= 0.136ns}
    Primary reporting skew groups after 'Improving fragments clock skew':
      skew_group clk/func_mode: insertion delay [min=0.000, max=0.000], skew [0.000 vs 0.096]
    Skew group summary after 'Improving fragments clock skew':
      skew_group clk/func_mode: insertion delay [min=0.000, max=0.000], skew [0.000 vs 0.096]
    Legalizer API calls during this step: 0 succeeded with high effort: 0 succeeded with medium effort: 0 succeeded with low effort: 0 succeeded with basic effort: 0 succeeded with basic unbounded effort: 0
  Improving fragments clock skew done. (took cpu=0:00:00.0 real=0:00:00.0)
      flow.cputime  flow.realtime  timing.setup.tns  timing.setup.wns  snapshot
UM:*                                                                   Improving fragments clock skew
  Approximately balancing step...
    Resolve constraints - Approximately balancing...
    Resolving skew group constraints...
      Solving LP: 1 skew groups; 2 fragments, 2 fraglets and 3 vertices; 23 variables and 49 constraints; tolerance 1
    Resolving skew group constraints done.
    Resolve constraints - Approximately balancing done. (took cpu=0:00:00.0 real=0:00:00.0)
      flow.cputime  flow.realtime  timing.setup.tns  timing.setup.wns  snapshot
UM:*                                                                   Resolve constraints - Approximately balancing
    Approximately balancing...
      Approximately balancing, wire and cell delays...
      Approximately balancing, wire and cell delays, iteration 1...
        Clock DAG stats after Approximately balancing, wire and cell delays, iteration 1:
          cell counts      : b=0, i=0, icg=0, dcg=0, l=0, total=0
          sink counts      : regular=1024, enable_latch=0, load_capacitance=0, antenna=0, node_sink=0, total=1024
          misc counts      : r=1, pp=0
          cell areas       : b=0.000um^2, i=0.000um^2, icg=0.000um^2, dcg=0.000um^2, l=0.000um^2, total=0.000um^2
          cell capacitance : b=0.000pF, i=0.000pF, icg=0.000pF, dcg=0.000pF, l=0.000pF, total=0.000pF
          sink capacitance : total=0.000pF, avg=0.000pF, sd=0.000pF, min=0.000pF, max=0.000pF
          wire capacitance : top=0.000pF, trunk=0.000pF, leaf=0.000pF, total=0.000pF
          wire lengths     : top=0.000um, trunk=0.000um, leaf=0.000um, total=0.000um
          hp wire lengths  : top=0.000um, trunk=0.000um, leaf=0.000um, total=0.000um
        Clock DAG net violations after Approximately balancing, wire and cell delays, iteration 1:
          Fanout : {count=1, worst=[924]} avg=924 sd=0 sum=924
        Clock DAG primary half-corner transition distribution after Approximately balancing, wire and cell delays, iteration 1:
          Leaf : target=0.136ns count=1 avg=0.100ns sd=0.000ns min=0.100ns max=0.100ns {0 <= 0.082ns, 1 <= 0.109ns, 0 <= 0.122ns, 0 <= 0.129ns, 0 <= 0.136ns}
      Approximately balancing, wire and cell delays, iteration 1 done.
      Approximately balancing, wire and cell delays done. (took cpu=0:00:00.0 real=0:00:00.0)
      flow.cputime  flow.realtime  timing.setup.tns  timing.setup.wns  snapshot
UM:*                                                                   Approximately balancing, wire and cell delays
    Approximately balancing done.
    Clock DAG stats after 'Approximately balancing step':
      cell counts      : b=0, i=0, icg=0, dcg=0, l=0, total=0
      sink counts      : regular=1024, enable_latch=0, load_capacitance=0, antenna=0, node_sink=0, total=1024
      misc counts      : r=1, pp=0
      cell areas       : b=0.000um^2, i=0.000um^2, icg=0.000um^2, dcg=0.000um^2, l=0.000um^2, total=0.000um^2
      cell capacitance : b=0.000pF, i=0.000pF, icg=0.000pF, dcg=0.000pF, l=0.000pF, total=0.000pF
      sink capacitance : total=0.000pF, avg=0.000pF, sd=0.000pF, min=0.000pF, max=0.000pF
      wire capacitance : top=0.000pF, trunk=0.000pF, leaf=0.000pF, total=0.000pF
      wire lengths     : top=0.000um, trunk=0.000um, leaf=0.000um, total=0.000um
      hp wire lengths  : top=0.000um, trunk=0.000um, leaf=0.000um, total=0.000um
    Clock DAG net violations after 'Approximately balancing step':
      Fanout : {count=1, worst=[924]} avg=924 sd=0 sum=924
    Clock DAG primary half-corner transition distribution after 'Approximately balancing step':
      Leaf : target=0.136ns count=1 avg=0.100ns sd=0.000ns min=0.100ns max=0.100ns {0 <= 0.082ns, 1 <= 0.109ns, 0 <= 0.122ns, 0 <= 0.129ns, 0 <= 0.136ns}
    Primary reporting skew groups after 'Approximately balancing step':
      skew_group clk/func_mode: insertion delay [min=0.000, max=0.000], skew [0.000 vs 0.096]
    Skew group summary after 'Approximately balancing step':
      skew_group clk/func_mode: insertion delay [min=0.000, max=0.000], skew [0.000 vs 0.096]
    Legalizer API calls during this step: 0 succeeded with high effort: 0 succeeded with medium effort: 0 succeeded with low effort: 0 succeeded with basic effort: 0 succeeded with basic unbounded effort: 0
  Approximately balancing step done. (took cpu=0:00:00.1 real=0:00:00.1)
      flow.cputime  flow.realtime  timing.setup.tns  timing.setup.wns  snapshot
UM:*                                                                   Approximately balancing step
  Fixing clock tree overload...
    Fixing clock tree overload: ...20% ...40% ...60% ...80% ...100% 
    Clock DAG stats after 'Fixing clock tree overload':
      cell counts      : b=0, i=0, icg=0, dcg=0, l=0, total=0
      sink counts      : regular=1024, enable_latch=0, load_capacitance=0, antenna=0, node_sink=0, total=1024
      misc counts      : r=1, pp=0
      cell areas       : b=0.000um^2, i=0.000um^2, icg=0.000um^2, dcg=0.000um^2, l=0.000um^2, total=0.000um^2
      cell capacitance : b=0.000pF, i=0.000pF, icg=0.000pF, dcg=0.000pF, l=0.000pF, total=0.000pF
      sink capacitance : total=0.000pF, avg=0.000pF, sd=0.000pF, min=0.000pF, max=0.000pF
      wire capacitance : top=0.000pF, trunk=0.000pF, leaf=0.000pF, total=0.000pF
      wire lengths     : top=0.000um, trunk=0.000um, leaf=0.000um, total=0.000um
      hp wire lengths  : top=0.000um, trunk=0.000um, leaf=0.000um, total=0.000um
    Clock DAG net violations after 'Fixing clock tree overload':
      Fanout : {count=1, worst=[924]} avg=924 sd=0 sum=924
    Clock DAG primary half-corner transition distribution after 'Fixing clock tree overload':
      Leaf : target=0.136ns count=1 avg=0.100ns sd=0.000ns min=0.100ns max=0.100ns {0 <= 0.082ns, 1 <= 0.109ns, 0 <= 0.122ns, 0 <= 0.129ns, 0 <= 0.136ns}
    Primary reporting skew groups after 'Fixing clock tree overload':
      skew_group clk/func_mode: insertion delay [min=0.000, max=0.000], skew [0.000 vs 0.096]
    Skew group summary after 'Fixing clock tree overload':
      skew_group clk/func_mode: insertion delay [min=0.000, max=0.000], skew [0.000 vs 0.096]
    Legalizer API calls during this step: 0 succeeded with high effort: 0 succeeded with medium effort: 0 succeeded with low effort: 0 succeeded with basic effort: 0 succeeded with basic unbounded effort: 0
  Fixing clock tree overload done. (took cpu=0:00:00.0 real=0:00:00.0)
      flow.cputime  flow.realtime  timing.setup.tns  timing.setup.wns  snapshot
UM:*                                                                   Fixing clock tree overload
  Approximately balancing paths...
    Added 0 buffers.
    Clock DAG stats after 'Approximately balancing paths':
      cell counts      : b=0, i=0, icg=0, dcg=0, l=0, total=0
      sink counts      : regular=1024, enable_latch=0, load_capacitance=0, antenna=0, node_sink=0, total=1024
      misc counts      : r=1, pp=0
      cell areas       : b=0.000um^2, i=0.000um^2, icg=0.000um^2, dcg=0.000um^2, l=0.000um^2, total=0.000um^2
      cell capacitance : b=0.000pF, i=0.000pF, icg=0.000pF, dcg=0.000pF, l=0.000pF, total=0.000pF
      sink capacitance : total=0.000pF, avg=0.000pF, sd=0.000pF, min=0.000pF, max=0.000pF
      wire capacitance : top=0.000pF, trunk=0.000pF, leaf=0.000pF, total=0.000pF
      wire lengths     : top=0.000um, trunk=0.000um, leaf=0.000um, total=0.000um
      hp wire lengths  : top=0.000um, trunk=0.000um, leaf=0.000um, total=0.000um
    Clock DAG net violations after 'Approximately balancing paths':
      Fanout : {count=1, worst=[924]} avg=924 sd=0 sum=924
    Clock DAG primary half-corner transition distribution after 'Approximately balancing paths':
      Leaf : target=0.136ns count=1 avg=0.100ns sd=0.000ns min=0.100ns max=0.100ns {0 <= 0.082ns, 1 <= 0.109ns, 0 <= 0.122ns, 0 <= 0.129ns, 0 <= 0.136ns}
    Primary reporting skew groups after 'Approximately balancing paths':
      skew_group clk/func_mode: insertion delay [min=0.000, max=0.000, avg=0.000, sd=0.000], skew [0.000 vs 0.096], 100% {0.000, 0.000} (wid=0.000 ws=0.000) (gid=0.000 gs=0.000)
    Skew group summary after 'Approximately balancing paths':
      skew_group clk/func_mode: insertion delay [min=0.000, max=0.000, avg=0.000, sd=0.000], skew [0.000 vs 0.096], 100% {0.000, 0.000} (wid=0.000 ws=0.000) (gid=0.000 gs=0.000)
    Legalizer API calls during this step: 0 succeeded with high effort: 0 succeeded with medium effort: 0 succeeded with low effort: 0 succeeded with basic effort: 0 succeeded with basic unbounded effort: 0
  Approximately balancing paths done. (took cpu=0:00:00.0 real=0:00:00.0)
      flow.cputime  flow.realtime  timing.setup.tns  timing.setup.wns  snapshot
UM:*                                                                   Approximately balancing paths
  Stage::Balancing done. (took cpu=0:00:00.4 real=0:00:00.4)
      flow.cputime  flow.realtime  timing.setup.tns  timing.setup.wns  snapshot
UM:*                                                                   Stage::Balancing
  Stage::Polishing...
  Clock tree timing engine global stage delay update for dc_worst:setup.late...
  Clock tree timing engine global stage delay update for dc_worst:setup.late done. (took cpu=0:00:00.0 real=0:00:00.0)
  Clock DAG stats before polishing:
    cell counts      : b=0, i=0, icg=0, dcg=0, l=0, total=0
    sink counts      : regular=1024, enable_latch=0, load_capacitance=0, antenna=0, node_sink=0, total=1024
    misc counts      : r=1, pp=0
    cell areas       : b=0.000um^2, i=0.000um^2, icg=0.000um^2, dcg=0.000um^2, l=0.000um^2, total=0.000um^2
    cell capacitance : b=0.000pF, i=0.000pF, icg=0.000pF, dcg=0.000pF, l=0.000pF, total=0.000pF
    sink capacitance : total=0.000pF, avg=0.000pF, sd=0.000pF, min=0.000pF, max=0.000pF
    wire capacitance : top=0.000pF, trunk=0.000pF, leaf=0.000pF, total=0.000pF
    wire lengths     : top=0.000um, trunk=0.000um, leaf=0.000um, total=0.000um
    hp wire lengths  : top=0.000um, trunk=0.000um, leaf=0.000um, total=0.000um
  Clock DAG net violations before polishing:
    Fanout : {count=1, worst=[924]} avg=924 sd=0 sum=924
  Clock DAG primary half-corner transition distribution before polishing:
    Leaf : target=0.136ns count=1 avg=0.100ns sd=0.000ns min=0.100ns max=0.100ns {0 <= 0.082ns, 1 <= 0.109ns, 0 <= 0.122ns, 0 <= 0.129ns, 0 <= 0.136ns}
  Primary reporting skew groups before polishing:
    skew_group clk/func_mode: insertion delay [min=0.000, max=0.000], skew [0.000 vs 0.096]
  Skew group summary before polishing:
    skew_group clk/func_mode: insertion delay [min=0.000, max=0.000], skew [0.000 vs 0.096]
  Merging balancing drivers for power...
    Tried: 2 Succeeded: 0
    Clock DAG stats after 'Merging balancing drivers for power':
      cell counts      : b=0, i=0, icg=0, dcg=0, l=0, total=0
      sink counts      : regular=1024, enable_latch=0, load_capacitance=0, antenna=0, node_sink=0, total=1024
      misc counts      : r=1, pp=0
      cell areas       : b=0.000um^2, i=0.000um^2, icg=0.000um^2, dcg=0.000um^2, l=0.000um^2, total=0.000um^2
      cell capacitance : b=0.000pF, i=0.000pF, icg=0.000pF, dcg=0.000pF, l=0.000pF, total=0.000pF
      sink capacitance : total=0.000pF, avg=0.000pF, sd=0.000pF, min=0.000pF, max=0.000pF
      wire capacitance : top=0.000pF, trunk=0.000pF, leaf=0.000pF, total=0.000pF
      wire lengths     : top=0.000um, trunk=0.000um, leaf=0.000um, total=0.000um
      hp wire lengths  : top=0.000um, trunk=0.000um, leaf=0.000um, total=0.000um
    Clock DAG net violations after 'Merging balancing drivers for power':
      Fanout : {count=1, worst=[924]} avg=924 sd=0 sum=924
    Clock DAG primary half-corner transition distribution after 'Merging balancing drivers for power':
      Leaf : target=0.136ns count=1 avg=0.100ns sd=0.000ns min=0.100ns max=0.100ns {0 <= 0.082ns, 1 <= 0.109ns, 0 <= 0.122ns, 0 <= 0.129ns, 0 <= 0.136ns}
    Primary reporting skew groups after 'Merging balancing drivers for power':
      skew_group clk/func_mode: insertion delay [min=0.000, max=0.000], skew [0.000 vs 0.096]
    Skew group summary after 'Merging balancing drivers for power':
      skew_group clk/func_mode: insertion delay [min=0.000, max=0.000], skew [0.000 vs 0.096]
    Legalizer API calls during this step: 0 succeeded with high effort: 0 succeeded with medium effort: 0 succeeded with low effort: 0 succeeded with basic effort: 0 succeeded with basic unbounded effort: 0
  Merging balancing drivers for power done. (took cpu=0:00:00.0 real=0:00:00.0)
      flow.cputime  flow.realtime  timing.setup.tns  timing.setup.wns  snapshot
UM:*                                                                   Merging balancing drivers for power
  Improving clock skew...
    Clock DAG stats after 'Improving clock skew':
      cell counts      : b=0, i=0, icg=0, dcg=0, l=0, total=0
      sink counts      : regular=1024, enable_latch=0, load_capacitance=0, antenna=0, node_sink=0, total=1024
      misc counts      : r=1, pp=0
      cell areas       : b=0.000um^2, i=0.000um^2, icg=0.000um^2, dcg=0.000um^2, l=0.000um^2, total=0.000um^2
      cell capacitance : b=0.000pF, i=0.000pF, icg=0.000pF, dcg=0.000pF, l=0.000pF, total=0.000pF
      sink capacitance : total=0.000pF, avg=0.000pF, sd=0.000pF, min=0.000pF, max=0.000pF
      wire capacitance : top=0.000pF, trunk=0.000pF, leaf=0.000pF, total=0.000pF
      wire lengths     : top=0.000um, trunk=0.000um, leaf=0.000um, total=0.000um
      hp wire lengths  : top=0.000um, trunk=0.000um, leaf=0.000um, total=0.000um
    Clock DAG net violations after 'Improving clock skew':
      Fanout : {count=1, worst=[924]} avg=924 sd=0 sum=924
    Clock DAG primary half-corner transition distribution after 'Improving clock skew':
      Leaf : target=0.136ns count=1 avg=0.100ns sd=0.000ns min=0.100ns max=0.100ns {0 <= 0.082ns, 1 <= 0.109ns, 0 <= 0.122ns, 0 <= 0.129ns, 0 <= 0.136ns}
    Primary reporting skew groups after 'Improving clock skew':
      skew_group clk/func_mode: insertion delay [min=0.000, max=0.000, avg=0.000, sd=0.000], skew [0.000 vs 0.096], 100% {0.000, 0.000} (wid=0.000 ws=0.000) (gid=0.000 gs=0.000)
    Skew group summary after 'Improving clock skew':
      skew_group clk/func_mode: insertion delay [min=0.000, max=0.000, avg=0.000, sd=0.000], skew [0.000 vs 0.096], 100% {0.000, 0.000} (wid=0.000 ws=0.000) (gid=0.000 gs=0.000)
    Legalizer API calls during this step: 0 succeeded with high effort: 0 succeeded with medium effort: 0 succeeded with low effort: 0 succeeded with basic effort: 0 succeeded with basic unbounded effort: 0
  Improving clock skew done. (took cpu=0:00:00.0 real=0:00:00.0)
      flow.cputime  flow.realtime  timing.setup.tns  timing.setup.wns  snapshot
UM:*                                                                   Improving clock skew
  Moving gates to reduce wire capacitance...
    Modified slew target multipliers. Leaf=(1 to 0.9) Trunk=(1 to 0.95) Top=(1 to 0.95)
    Iteration 1...
      Artificially removing short and long paths...
        Legalizer API calls during this step: 0 succeeded with high effort: 0 succeeded with medium effort: 0 succeeded with low effort: 0 succeeded with basic effort: 0 succeeded with basic unbounded effort: 0
      Artificially removing short and long paths done. (took cpu=0:00:00.0 real=0:00:00.0)
      Moving gates to reduce wire capacitance - iteration 1: WireCapReduction...
        Legalizing clock trees...
        Legalizing clock trees done. (took cpu=0:00:00.0 real=0:00:00.0)
      flow.cputime  flow.realtime  timing.setup.tns  timing.setup.wns  snapshot
UM:*                                                                   Legalizing clock trees
        Legalizer API calls during this step: 0 succeeded with high effort: 0 succeeded with medium effort: 0 succeeded with low effort: 0 succeeded with basic effort: 0 succeeded with basic unbounded effort: 0
      Moving gates to reduce wire capacitance - iteration 1: WireCapReduction done. (took cpu=0:00:00.0 real=0:00:00.0)
      Moving gates to reduce wire capacitance - iteration 1: MoveGates...
        Moving gates:         ...20% ...40% ...60% ...80% ...Legalizing clock trees...
        Legalizing clock trees done. (took cpu=0:00:00.0 real=0:00:00.0)
      flow.cputime  flow.realtime  timing.setup.tns  timing.setup.wns  snapshot
UM:*                                                                   Legalizing clock trees
        100% 
        Legalizer API calls during this step: 0 succeeded with high effort: 0 succeeded with medium effort: 0 succeeded with low effort: 0 succeeded with basic effort: 0 succeeded with basic unbounded effort: 0
      Moving gates to reduce wire capacitance - iteration 1: MoveGates done. (took cpu=0:00:00.0 real=0:00:00.0)
    Iteration 1 done.
    Reverted slew target multipliers. Leaf=(0.9 to 1) Trunk=(0.95 to 1) Top=(0.95 to 1)
    Clock DAG stats after 'Moving gates to reduce wire capacitance':
      cell counts      : b=0, i=0, icg=0, dcg=0, l=0, total=0
      sink counts      : regular=1024, enable_latch=0, load_capacitance=0, antenna=0, node_sink=0, total=1024
      misc counts      : r=1, pp=0
      cell areas       : b=0.000um^2, i=0.000um^2, icg=0.000um^2, dcg=0.000um^2, l=0.000um^2, total=0.000um^2
      cell capacitance : b=0.000pF, i=0.000pF, icg=0.000pF, dcg=0.000pF, l=0.000pF, total=0.000pF
      sink capacitance : total=0.000pF, avg=0.000pF, sd=0.000pF, min=0.000pF, max=0.000pF
      wire capacitance : top=0.000pF, trunk=0.000pF, leaf=0.000pF, total=0.000pF
      wire lengths     : top=0.000um, trunk=0.000um, leaf=0.000um, total=0.000um
      hp wire lengths  : top=0.000um, trunk=0.000um, leaf=0.000um, total=0.000um
    Clock DAG net violations after 'Moving gates to reduce wire capacitance':
      Fanout : {count=1, worst=[924]} avg=924 sd=0 sum=924
    Clock DAG primary half-corner transition distribution after 'Moving gates to reduce wire capacitance':
      Leaf : target=0.136ns count=1 avg=0.100ns sd=0.000ns min=0.100ns max=0.100ns {0 <= 0.082ns, 1 <= 0.109ns, 0 <= 0.122ns, 0 <= 0.129ns, 0 <= 0.136ns}
    Primary reporting skew groups after 'Moving gates to reduce wire capacitance':
      skew_group clk/func_mode: insertion delay [min=0.000, max=0.000, avg=0.000, sd=0.000], skew [0.000 vs 0.096], 100% {0.000, 0.000} (wid=0.000 ws=0.000) (gid=0.000 gs=0.000)
    Skew group summary after 'Moving gates to reduce wire capacitance':
      skew_group clk/func_mode: insertion delay [min=0.000, max=0.000, avg=0.000, sd=0.000], skew [0.000 vs 0.096], 100% {0.000, 0.000} (wid=0.000 ws=0.000) (gid=0.000 gs=0.000)
    Legalizer API calls during this step: 0 succeeded with high effort: 0 succeeded with medium effort: 0 succeeded with low effort: 0 succeeded with basic effort: 0 succeeded with basic unbounded effort: 0
  Moving gates to reduce wire capacitance done. (took cpu=0:00:00.1 real=0:00:00.1)
      flow.cputime  flow.realtime  timing.setup.tns  timing.setup.wns  snapshot
UM:*                                                                   Moving gates to reduce wire capacitance
  Reducing clock tree power 3...
    Artificially removing short and long paths...
      Legalizer API calls during this step: 0 succeeded with high effort: 0 succeeded with medium effort: 0 succeeded with low effort: 0 succeeded with basic effort: 0 succeeded with basic unbounded effort: 0
    Artificially removing short and long paths done. (took cpu=0:00:00.0 real=0:00:00.0)
    Initial gate capacitance is (rise=0.000pF fall=0.000pF).
    Resizing gates:     ...20% ...40% ...60% ...80% ...Legalizing clock trees...
    Legalizing clock trees done. (took cpu=0:00:00.0 real=0:00:00.0)
      flow.cputime  flow.realtime  timing.setup.tns  timing.setup.wns  snapshot
UM:*                                                                   Legalizing clock trees
    100% 
    Clock DAG stats after 'Reducing clock tree power 3':
      cell counts      : b=0, i=0, icg=0, dcg=0, l=0, total=0
      sink counts      : regular=1024, enable_latch=0, load_capacitance=0, antenna=0, node_sink=0, total=1024
      misc counts      : r=1, pp=0
      cell areas       : b=0.000um^2, i=0.000um^2, icg=0.000um^2, dcg=0.000um^2, l=0.000um^2, total=0.000um^2
      cell capacitance : b=0.000pF, i=0.000pF, icg=0.000pF, dcg=0.000pF, l=0.000pF, total=0.000pF
      sink capacitance : total=0.000pF, avg=0.000pF, sd=0.000pF, min=0.000pF, max=0.000pF
      wire capacitance : top=0.000pF, trunk=0.000pF, leaf=0.000pF, total=0.000pF
      wire lengths     : top=0.000um, trunk=0.000um, leaf=0.000um, total=0.000um
      hp wire lengths  : top=0.000um, trunk=0.000um, leaf=0.000um, total=0.000um
    Clock DAG net violations after 'Reducing clock tree power 3':
      Fanout : {count=1, worst=[924]} avg=924 sd=0 sum=924
    Clock DAG primary half-corner transition distribution after 'Reducing clock tree power 3':
      Leaf : target=0.136ns count=1 avg=0.100ns sd=0.000ns min=0.100ns max=0.100ns {0 <= 0.082ns, 1 <= 0.109ns, 0 <= 0.122ns, 0 <= 0.129ns, 0 <= 0.136ns}
    Primary reporting skew groups after 'Reducing clock tree power 3':
      skew_group clk/func_mode: insertion delay [min=0.000, max=0.000, avg=0.000, sd=0.000], skew [0.000 vs 0.096], 100% {0.000, 0.000} (wid=0.000 ws=0.000) (gid=0.000 gs=0.000)
    Skew group summary after 'Reducing clock tree power 3':
      skew_group clk/func_mode: insertion delay [min=0.000, max=0.000, avg=0.000, sd=0.000], skew [0.000 vs 0.096], 100% {0.000, 0.000} (wid=0.000 ws=0.000) (gid=0.000 gs=0.000)
    Legalizer API calls during this step: 0 succeeded with high effort: 0 succeeded with medium effort: 0 succeeded with low effort: 0 succeeded with basic effort: 0 succeeded with basic unbounded effort: 0
  Reducing clock tree power 3 done. (took cpu=0:00:00.0 real=0:00:00.0)
      flow.cputime  flow.realtime  timing.setup.tns  timing.setup.wns  snapshot
UM:*                                                                   Reducing clock tree power 3
  Improving insertion delay...
    Clock DAG stats after 'Improving insertion delay':
      cell counts      : b=0, i=0, icg=0, dcg=0, l=0, total=0
      sink counts      : regular=1024, enable_latch=0, load_capacitance=0, antenna=0, node_sink=0, total=1024
      misc counts      : r=1, pp=0
      cell areas       : b=0.000um^2, i=0.000um^2, icg=0.000um^2, dcg=0.000um^2, l=0.000um^2, total=0.000um^2
      cell capacitance : b=0.000pF, i=0.000pF, icg=0.000pF, dcg=0.000pF, l=0.000pF, total=0.000pF
      sink capacitance : total=0.000pF, avg=0.000pF, sd=0.000pF, min=0.000pF, max=0.000pF
      wire capacitance : top=0.000pF, trunk=0.000pF, leaf=0.000pF, total=0.000pF
      wire lengths     : top=0.000um, trunk=0.000um, leaf=0.000um, total=0.000um
      hp wire lengths  : top=0.000um, trunk=0.000um, leaf=0.000um, total=0.000um
    Clock DAG net violations after 'Improving insertion delay':
      Fanout : {count=1, worst=[924]} avg=924 sd=0 sum=924
    Clock DAG primary half-corner transition distribution after 'Improving insertion delay':
      Leaf : target=0.136ns count=1 avg=0.100ns sd=0.000ns min=0.100ns max=0.100ns {0 <= 0.082ns, 1 <= 0.109ns, 0 <= 0.122ns, 0 <= 0.129ns, 0 <= 0.136ns}
    Primary reporting skew groups after 'Improving insertion delay':
      skew_group clk/func_mode: insertion delay [min=0.000, max=0.000, avg=0.000, sd=0.000], skew [0.000 vs 0.096], 100% {0.000, 0.000} (wid=0.000 ws=0.000) (gid=0.000 gs=0.000)
    Skew group summary after 'Improving insertion delay':
      skew_group clk/func_mode: insertion delay [min=0.000, max=0.000, avg=0.000, sd=0.000], skew [0.000 vs 0.096], 100% {0.000, 0.000} (wid=0.000 ws=0.000) (gid=0.000 gs=0.000)
    Legalizer API calls during this step: 0 succeeded with high effort: 0 succeeded with medium effort: 0 succeeded with low effort: 0 succeeded with basic effort: 0 succeeded with basic unbounded effort: 0
  Improving insertion delay done. (took cpu=0:00:00.0 real=0:00:00.0)
      flow.cputime  flow.realtime  timing.setup.tns  timing.setup.wns  snapshot
UM:*                                                                   Improving insertion delay
  Wire Opt OverFix...
    Wire Reduction extra effort...
      Modified slew target multipliers. Leaf=(1 to 0.95) Trunk=(1 to 1) Top=(1 to 1)
      Artificially removing short and long paths...
        Legalizer API calls during this step: 0 succeeded with high effort: 0 succeeded with medium effort: 0 succeeded with low effort: 0 succeeded with basic effort: 0 succeeded with basic unbounded effort: 0
      Artificially removing short and long paths done. (took cpu=0:00:00.0 real=0:00:00.0)
      Global shorten wires A0...
        Legalizer API calls during this step: 0 succeeded with high effort: 0 succeeded with medium effort: 0 succeeded with low effort: 0 succeeded with basic effort: 0 succeeded with basic unbounded effort: 0
      Global shorten wires A0 done. (took cpu=0:00:00.0 real=0:00:00.0)
      Move For Wirelength - core...
        Move for wirelength. considered=1, filtered=1, permitted=0, cannotCompute=0, computed=0, moveTooSmall=0, resolved=0, predictFail=0, currentlyIllegal=0, legalizationFail=0, legalizedMoveTooSmall=0, ignoredLeafDriver=0, worse=0, accepted=0
        Max accepted move=0.000um, total accepted move=0.000um
        Legalizer API calls during this step: 0 succeeded with high effort: 0 succeeded with medium effort: 0 succeeded with low effort: 0 succeeded with basic effort: 0 succeeded with basic unbounded effort: 0
      Move For Wirelength - core done. (took cpu=0:00:00.0 real=0:00:00.0)
      Global shorten wires A1...
        Legalizer API calls during this step: 0 succeeded with high effort: 0 succeeded with medium effort: 0 succeeded with low effort: 0 succeeded with basic effort: 0 succeeded with basic unbounded effort: 0
      Global shorten wires A1 done. (took cpu=0:00:00.0 real=0:00:00.0)
      Move For Wirelength - core...
        Move for wirelength. considered=1, filtered=1, permitted=0, cannotCompute=0, computed=0, moveTooSmall=0, resolved=0, predictFail=0, currentlyIllegal=0, legalizationFail=0, legalizedMoveTooSmall=0, ignoredLeafDriver=0, worse=0, accepted=0
        Max accepted move=0.000um, total accepted move=0.000um
        Legalizer API calls during this step: 0 succeeded with high effort: 0 succeeded with medium effort: 0 succeeded with low effort: 0 succeeded with basic effort: 0 succeeded with basic unbounded effort: 0
      Move For Wirelength - core done. (took cpu=0:00:00.0 real=0:00:00.0)
      Global shorten wires B...
        Legalizer API calls during this step: 0 succeeded with high effort: 0 succeeded with medium effort: 0 succeeded with low effort: 0 succeeded with basic effort: 0 succeeded with basic unbounded effort: 0
      Global shorten wires B done. (took cpu=0:00:00.0 real=0:00:00.0)
      Move For Wirelength - branch...
        Move for wirelength. considered=1, filtered=1, permitted=0, cannotCompute=0, computed=0, moveTooSmall=0, resolved=0, predictFail=0, currentlyIllegal=0, legalizationFail=0, legalizedMoveTooSmall=0, ignoredLeafDriver=0, worse=0, accepted=0
        Max accepted move=0.000um, total accepted move=0.000um
        Legalizer API calls during this step: 0 succeeded with high effort: 0 succeeded with medium effort: 0 succeeded with low effort: 0 succeeded with basic effort: 0 succeeded with basic unbounded effort: 0
      Move For Wirelength - branch done. (took cpu=0:00:00.0 real=0:00:00.0)
      Reverted slew target multipliers. Leaf=(0.95 to 1) Trunk=(1 to 1) Top=(1 to 1)
      Clock DAG stats after 'Wire Reduction extra effort':
        cell counts      : b=0, i=0, icg=0, dcg=0, l=0, total=0
        sink counts      : regular=1024, enable_latch=0, load_capacitance=0, antenna=0, node_sink=0, total=1024
        misc counts      : r=1, pp=0
        cell areas       : b=0.000um^2, i=0.000um^2, icg=0.000um^2, dcg=0.000um^2, l=0.000um^2, total=0.000um^2
        cell capacitance : b=0.000pF, i=0.000pF, icg=0.000pF, dcg=0.000pF, l=0.000pF, total=0.000pF
        sink capacitance : total=0.000pF, avg=0.000pF, sd=0.000pF, min=0.000pF, max=0.000pF
        wire capacitance : top=0.000pF, trunk=0.000pF, leaf=0.000pF, total=0.000pF
        wire lengths     : top=0.000um, trunk=0.000um, leaf=0.000um, total=0.000um
        hp wire lengths  : top=0.000um, trunk=0.000um, leaf=0.000um, total=0.000um
      Clock DAG net violations after 'Wire Reduction extra effort':
        Fanout : {count=1, worst=[924]} avg=924 sd=0 sum=924
      Clock DAG primary half-corner transition distribution after 'Wire Reduction extra effort':
        Leaf : target=0.136ns count=1 avg=0.100ns sd=0.000ns min=0.100ns max=0.100ns {0 <= 0.082ns, 1 <= 0.109ns, 0 <= 0.122ns, 0 <= 0.129ns, 0 <= 0.136ns}
      Primary reporting skew groups after 'Wire Reduction extra effort':
        skew_group clk/func_mode: insertion delay [min=0.000, max=0.000, avg=0.000, sd=0.000], skew [0.000 vs 0.096], 100% {0.000, 0.000} (wid=0.000 ws=0.000) (gid=0.000 gs=0.000)
      Skew group summary after 'Wire Reduction extra effort':
        skew_group clk/func_mode: insertion delay [min=0.000, max=0.000, avg=0.000, sd=0.000], skew [0.000 vs 0.096], 100% {0.000, 0.000} (wid=0.000 ws=0.000) (gid=0.000 gs=0.000)
      Legalizer API calls during this step: 0 succeeded with high effort: 0 succeeded with medium effort: 0 succeeded with low effort: 0 succeeded with basic effort: 0 succeeded with basic unbounded effort: 0
    Wire Reduction extra effort done. (took cpu=0:00:00.0 real=0:00:00.0)
      flow.cputime  flow.realtime  timing.setup.tns  timing.setup.wns  snapshot
UM:*                                                                   Wire Reduction extra effort
    Optimizing orientation...
    FlipOpt...
    Disconnecting clock tree from netlist...
    Disconnecting clock tree from netlist done.
    Performing Single Threaded FlipOpt
    Optimizing orientation on clock cells...
      Orientation Wirelength Optimization: Attempted = 2 , Succeeded = 0 , Constraints Broken = 0 , CannotMove = 2 , Illegal = 0 , Other = 0
    Optimizing orientation on clock cells done.
    Resynthesising clock tree into netlist...
      Reset timing graph...
Ignoring AAE DB Resetting ...
      Reset timing graph done.
    Resynthesising clock tree into netlist done.
    FlipOpt done. (took cpu=0:00:00.0 real=0:00:00.0)
      flow.cputime  flow.realtime  timing.setup.tns  timing.setup.wns  snapshot
UM:*                                                                   FlipOpt
    Optimizing orientation done. (took cpu=0:00:00.0 real=0:00:00.0)
      flow.cputime  flow.realtime  timing.setup.tns  timing.setup.wns  snapshot
UM:*                                                                   Optimizing orientation
    Clock DAG stats after 'Wire Opt OverFix':
      cell counts      : b=0, i=0, icg=0, dcg=0, l=0, total=0
      sink counts      : regular=1024, enable_latch=0, load_capacitance=0, antenna=0, node_sink=0, total=1024
      misc counts      : r=1, pp=0
      cell areas       : b=0.000um^2, i=0.000um^2, icg=0.000um^2, dcg=0.000um^2, l=0.000um^2, total=0.000um^2
      cell capacitance : b=0.000pF, i=0.000pF, icg=0.000pF, dcg=0.000pF, l=0.000pF, total=0.000pF
      sink capacitance : total=0.000pF, avg=0.000pF, sd=0.000pF, min=0.000pF, max=0.000pF
      wire capacitance : top=0.000pF, trunk=0.000pF, leaf=0.000pF, total=0.000pF
      wire lengths     : top=0.000um, trunk=0.000um, leaf=0.000um, total=0.000um
      hp wire lengths  : top=0.000um, trunk=0.000um, leaf=0.000um, total=0.000um
    Clock DAG net violations after 'Wire Opt OverFix':
      Fanout : {count=1, worst=[924]} avg=924 sd=0 sum=924
    Clock DAG primary half-corner transition distribution after 'Wire Opt OverFix':
      Leaf : target=0.136ns count=1 avg=0.100ns sd=0.000ns min=0.100ns max=0.100ns {0 <= 0.082ns, 1 <= 0.109ns, 0 <= 0.122ns, 0 <= 0.129ns, 0 <= 0.136ns}
    Primary reporting skew groups after 'Wire Opt OverFix':
      skew_group clk/func_mode: insertion delay [min=0.000, max=0.000, avg=0.000, sd=0.000], skew [0.000 vs 0.096], 100% {0.000, 0.000} (wid=0.000 ws=0.000) (gid=0.000 gs=0.000)
    Skew group summary after 'Wire Opt OverFix':
      skew_group clk/func_mode: insertion delay [min=0.000, max=0.000, avg=0.000, sd=0.000], skew [0.000 vs 0.096], 100% {0.000, 0.000} (wid=0.000 ws=0.000) (gid=0.000 gs=0.000)
    Legalizer API calls during this step: 0 succeeded with high effort: 0 succeeded with medium effort: 0 succeeded with low effort: 0 succeeded with basic effort: 0 succeeded with basic unbounded effort: 0
  Wire Opt OverFix done. (took cpu=0:00:00.1 real=0:00:00.1)
      flow.cputime  flow.realtime  timing.setup.tns  timing.setup.wns  snapshot
UM:*                                                                   Wire Opt OverFix
  Total capacitance is (rise=0.000pF fall=0.000pF), of which (rise=0.000pF fall=0.000pF) is wire, and (rise=0.000pF fall=0.000pF) is gate.
  Stage::Polishing done. (took cpu=0:00:00.4 real=0:00:00.4)
      flow.cputime  flow.realtime  timing.setup.tns  timing.setup.wns  snapshot
UM:*                                                                   Stage::Polishing
  Stage::Updating netlist...
  Reset timing graph...
Ignoring AAE DB Resetting ...
  Reset timing graph done.
  Setting non-default rules before calling refine place.
  Leaving CCOpt scope - Cleaning up placement interface...
  Leaving CCOpt scope - Cleaning up placement interface done. (took cpu=0:00:00.0 real=0:00:00.0)
  Leaving CCOpt scope - ClockRefiner...
  Soft fixed 0 clock instances.
  Performing Clock Only Refine Place.
*** Starting place_detail (0:08:03 mem=2700.2M) ***
Total net bbox length = 3.223e+05 (1.798e+05 1.426e+05) (ext = 5.109e+04)
Move report: Detail placement moves 0 insts, mean move: 0.00 um, max move: 0.00 um 
	Runtime: CPU: 0:00:00.1 REAL: 0:00:00.0 MEM: 2684.2MB
Summary Report:
Instances move: 0 (out of 9408 movable)
Instances flipped: 0
Mean displacement: 0.00 um
Max displacement: 0.00 um 
Total net bbox length = 3.223e+05 (1.798e+05 1.426e+05) (ext = 5.109e+04)
Runtime: CPU: 0:00:00.2 REAL: 0:00:00.0 MEM: 2684.2MB
*** Finished place_detail (0:08:03 mem=2684.2M) ***
  ClockRefiner summary
  All clock instances: Moved 0, flipped 0 and cell swapped 0 (out of a total of 1024).
  Restoring place_status_cts on 0 clock instances.
  Leaving CCOpt scope - ClockRefiner done. (took cpu=0:00:00.2 real=0:00:00.2)
  Stage::Updating netlist done. (took cpu=0:00:00.2 real=0:00:00.2)
      flow.cputime  flow.realtime  timing.setup.tns  timing.setup.wns  snapshot
UM:*                                                                   Stage::Updating netlist
  CCOpt::Phase::Implementation done. (took cpu=0:00:01.2 real=0:00:01.2)
      flow.cputime  flow.realtime  timing.setup.tns  timing.setup.wns  snapshot
UM:*                                                                   CCOpt::Phase::Implementation
  CCOpt::Phase::eGRPC...
  eGR Post Conditioning loop iteration 0...
    Clock implementation routing...
      Leaving CCOpt scope - Routing Tools...
Net route status summary:
  Clock:         1 (unrouted=0, trialRouted=0, noStatus=0, routed=1, fixed=0, [crossesIlmBoundary=0, tooFewTerms=0, (crossesIlmBoundary AND tooFewTerms=0)])
  Non-clock:  9770 (unrouted=40, trialRouted=9730, noStatus=0, routed=0, fixed=0, [crossesIlmBoundary=0, tooFewTerms=3, (crossesIlmBoundary AND tooFewTerms=0)])
      Routing using eGR only...
        Early Global Route - eGR only step...
(ccopt eGR): There are 1 nets to be routed. 0 nets have skip routing designation.
(ccopt eGR): There are 1 nets for routing of which 0 have one or more fixed wires.
(ccopt eGR): Start to route 1 all nets
[NR-eGR] Track table information for default rule: 
[NR-eGR] M1 has single uniform track structure
[NR-eGR] M2 has single uniform track structure
[NR-eGR] M3 has single uniform track structure
[NR-eGR] M4 has single uniform track structure
[NR-eGR] M5 has single uniform track structure
[NR-eGR] M6 has single uniform track structure
[NR-eGR] M7 has single uniform track structure
[NR-eGR] M8 has single uniform track structure
[NR-eGR] M9 has single uniform track structure
[NR-eGR] AP has single uniform track structure
[NR-eGR] Read 67704 PG shapes
[NR-eGR] Read 0 clock shapes
[NR-eGR] Read 0 other shapes
[NR-eGR] #Routing Blockages  : 0
[NR-eGR] #Instance Blockages : 0
[NR-eGR] #PG Blockages       : 67704
[NR-eGR] #Halo Blockages     : 0
[NR-eGR] #Boundary Blockages : 0
[NR-eGR] #Clock Blockages    : 0
[NR-eGR] #Other Blockages    : 0
[NR-eGR] Num Prerouted Nets = 0  Num Prerouted Wires = 0
[NR-eGR] Read 9731 nets ( ignored 9730 )
[NR-eGR] Connected 0 must-join pins/ports
[NR-eGR] There are 1 clock nets ( 0 with NDR ).
[NR-eGR] ============ Routing rule table ============
[NR-eGR] Rule id: 0  Nets: 1
[NR-eGR] ========================================
[NR-eGR] 
[NR-eGR] Layer group 1: route 1 net(s) in layer range [2, 10]
[NR-eGR] Early Global Route overflow of layer group 1: 0.00% H + 0.00% V. EstWL: 6.246000e+03um
[NR-eGR] Congestion Analysis By layer: (blocked Gcells are excluded) 
[NR-eGR]                        OverCon            
[NR-eGR]                         #Gcell     %Gcell
[NR-eGR]        Layer             (1-0)    OverCon
[NR-eGR] ----------------------------------------------
[NR-eGR]      M1 ( 1)         0( 0.00%)   ( 0.00%) 
[NR-eGR]      M2 ( 2)         0( 0.00%)   ( 0.00%) 
[NR-eGR]      M3 ( 3)         0( 0.00%)   ( 0.00%) 
[NR-eGR]      M4 ( 4)         0( 0.00%)   ( 0.00%) 
[NR-eGR]      M5 ( 5)         0( 0.00%)   ( 0.00%) 
[NR-eGR]      M6 ( 6)         0( 0.00%)   ( 0.00%) 
[NR-eGR]      M7 ( 7)         0( 0.00%)   ( 0.00%) 
[NR-eGR]      M8 ( 8)         0( 0.00%)   ( 0.00%) 
[NR-eGR]      M9 ( 9)         0( 0.00%)   ( 0.00%) 
[NR-eGR]      AP (10)         0( 0.00%)   ( 0.00%) 
[NR-eGR] ----------------------------------------------
[NR-eGR]        Total         0( 0.00%)   ( 0.00%) 
[NR-eGR] 
[NR-eGR] Overflow after Early Global Route 0.00% H + 0.00% V
[NR-eGR]             Length (um)   Vias 
[NR-eGR] -------------------------------
[NR-eGR]  M1  (1H)             0  32069 
[NR-eGR]  M2  (2V)         88807  51471 
[NR-eGR]  M3  (3H)        118062   5597 
[NR-eGR]  M4  (4V)         26573   4090 
[NR-eGR]  M5  (5H)         56308   2395 
[NR-eGR]  M6  (6V)         39815    522 
[NR-eGR]  M7  (7H)          1063    458 
[NR-eGR]  M8  (8V)          3209    659 
[NR-eGR]  M9  (9H)          4585     19 
[NR-eGR]  AP  (10V)           18      0 
[NR-eGR] -------------------------------
[NR-eGR]      Total       338439  97280 
[NR-eGR] --------------------------------------------------------------------------
[NR-eGR] Total half perimeter of net bounding box: 322328um
[NR-eGR] Total length: 338439um, number of vias: 97280
[NR-eGR] --------------------------------------------------------------------------
[NR-eGR] Total eGR-routed clock nets wire length: 6423um, number of vias: 3190
[NR-eGR] --------------------------------------------------------------------------
[NR-eGR] Report for selected net(s) only.
[NR-eGR]             Length (um)  Vias 
[NR-eGR] ------------------------------
[NR-eGR]  M1  (1H)             0  1024 
[NR-eGR]  M2  (2V)          1117  1352 
[NR-eGR]  M3  (3H)          2520   639 
[NR-eGR]  M4  (4V)          2004   175 
[NR-eGR]  M5  (5H)           782     0 
[NR-eGR]  M6  (6V)             0     0 
[NR-eGR]  M7  (7H)             0     0 
[NR-eGR]  M8  (8V)             0     0 
[NR-eGR]  M9  (9H)             0     0 
[NR-eGR]  AP  (10V)            0     0 
[NR-eGR] ------------------------------
[NR-eGR]      Total         6423  3190 
[NR-eGR] --------------------------------------------------------------------------
[NR-eGR] Total half perimeter of net bounding box: 549um
[NR-eGR] Total length: 6423um, number of vias: 3190
[NR-eGR] --------------------------------------------------------------------------
[NR-eGR] Total routed clock nets wire length: 6423um, number of vias: 3190
[NR-eGR] --------------------------------------------------------------------------
[NR-eGR] Finished Early Global Route kernel ( CPU: 0.12 sec, Real: 0.20 sec, Curr Mem: 2692.33 MB )
        Early Global Route - eGR only step done. (took cpu=0:00:00.1 real=0:00:00.2)
      flow.cputime  flow.realtime  timing.setup.tns  timing.setup.wns  snapshot
UM:*                                                                   Early Global Route - eGR only step
      Routing using eGR only done.
Net route status summary:
  Clock:         1 (unrouted=0, trialRouted=0, noStatus=0, routed=1, fixed=0, [crossesIlmBoundary=0, tooFewTerms=0, (crossesIlmBoundary AND tooFewTerms=0)])
  Non-clock:  9770 (unrouted=40, trialRouted=9730, noStatus=0, routed=0, fixed=0, [crossesIlmBoundary=0, tooFewTerms=3, (crossesIlmBoundary AND tooFewTerms=0)])

CCOPT: Done with clock implementation routing.

      Leaving CCOpt scope - Routing Tools done. (took cpu=0:00:00.2 real=0:00:00.2)
    Clock implementation routing done.
    Leaving CCOpt scope - extractRC...
    Updating RC parasitics by calling: "extract_rc -noRouteCheck"...
Extraction called for design 'riscv_core' of instances=9796 and nets=9771 using extraction engine 'pre_route' .
**WARN: (IMPEXT-3530):	The process node is not set. Use the command set_design_mode -process <process node> prior to extraction for maximum accuracy and optimal automatic threshold setting.
Type 'man IMPEXT-3530' for more detail.
pre_route RC Extraction called for design riscv_core.
RC Extraction called in multi-corner(3) mode.
RCMode: PreRoute
      RC Corner Indexes            0       1       2   
Capacitance Scaling Factor   : 1.00000 1.00000 1.00000 
Resistance Scaling Factor    : 1.00000 1.00000 1.00000 
Clock Cap. Scaling Factor    : 1.00000 1.00000 1.00000 
Clock Res. Scaling Factor    : 1.00000 1.00000 1.00000 
Shrink Factor                : 1.00000
PreRoute extraction is honoring NDR/Shielding/ExtraSpace for clock nets.
Using capacitance table file ...
Updating RC grid for preRoute extraction ...
Initializing multi-corner capacitance tables ... 
Initializing multi-corner resistance tables ...
PreRoute RC Extraction DONE (CPU Time: 0:00:00.2  Real Time: 0:00:00.0  MEM: 2692.332M)
    Updating RC parasitics by calling: "extract_rc -noRouteCheck" done.
    Leaving CCOpt scope - extractRC done. (took cpu=0:00:00.2 real=0:00:00.2)
    Leaving CCOpt scope - Initializing placement interface...
    Leaving CCOpt scope - Initializing placement interface done. (took cpu=0:00:00.0 real=0:00:00.0)
    Calling post conditioning for eGRPC...
      eGRPC...
        eGRPC active optimizations:
         - Move Down
         - Downsizing before DRV sizing
         - DRV fixing with sizing
         - Move to fanout
         - Cloning
        
        Currently running CTS, using active skew data
        Reset bufferability constraints...
        Resetting previous bufferability status on all nets so that eGRPC will attempt to fix all clock tree violations.
        Clock tree timing engine global stage delay update for dc_worst:setup.late...
        Clock tree timing engine global stage delay update for dc_worst:setup.late done. (took cpu=0:00:00.0 real=0:00:00.0)
        Reset bufferability constraints done. (took cpu=0:00:00.0 real=0:00:00.0)
        Clock DAG stats eGRPC initial state:
          cell counts      : b=0, i=0, icg=0, dcg=0, l=0, total=0
          sink counts      : regular=1024, enable_latch=0, load_capacitance=0, antenna=0, node_sink=0, total=1024
          misc counts      : r=1, pp=0
          cell areas       : b=0.000um^2, i=0.000um^2, icg=0.000um^2, dcg=0.000um^2, l=0.000um^2, total=0.000um^2
          cell capacitance : b=0.000pF, i=0.000pF, icg=0.000pF, dcg=0.000pF, l=0.000pF, total=0.000pF
          sink capacitance : total=0.000pF, avg=0.000pF, sd=0.000pF, min=0.000pF, max=0.000pF
          wire capacitance : top=0.000pF, trunk=0.000pF, leaf=0.000pF, total=0.000pF
          wire lengths     : top=0.000um, trunk=0.000um, leaf=0.000um, total=0.000um
          hp wire lengths  : top=0.000um, trunk=0.000um, leaf=0.000um, total=0.000um
        Clock DAG net violations eGRPC initial state:
          Fanout : {count=1, worst=[924]} avg=924 sd=0 sum=924
        Clock DAG primary half-corner transition distribution eGRPC initial state:
          Leaf : target=0.136ns count=1 avg=0.100ns sd=0.000ns min=0.100ns max=0.100ns {0 <= 0.082ns, 1 <= 0.109ns, 0 <= 0.122ns, 0 <= 0.129ns, 0 <= 0.136ns}
        Primary reporting skew groups eGRPC initial state:
          skew_group clk/func_mode: insertion delay [min=0.000, max=0.000, avg=0.000, sd=0.000], skew [0.000 vs 0.096], 100% {0.000, 0.000} (wid=0.000 ws=0.000) (gid=0.000 gs=0.000)
        Skew group summary eGRPC initial state:
          skew_group clk/func_mode: insertion delay [min=0.000, max=0.000, avg=0.000, sd=0.000], skew [0.000 vs 0.096], 100% {0.000, 0.000} (wid=0.000 ws=0.000) (gid=0.000 gs=0.000)
        eGRPC Moving buffers...
          Violation analysis...
          Violation analysis done. (took cpu=0:00:00.0 real=0:00:00.0)
      flow.cputime  flow.realtime  timing.setup.tns  timing.setup.wns  snapshot
UM:*                                                                   Violation analysis
          Clock DAG stats after 'eGRPC Moving buffers':
            cell counts      : b=0, i=0, icg=0, dcg=0, l=0, total=0
            sink counts      : regular=1024, enable_latch=0, load_capacitance=0, antenna=0, node_sink=0, total=1024
            misc counts      : r=1, pp=0
            cell areas       : b=0.000um^2, i=0.000um^2, icg=0.000um^2, dcg=0.000um^2, l=0.000um^2, total=0.000um^2
            cell capacitance : b=0.000pF, i=0.000pF, icg=0.000pF, dcg=0.000pF, l=0.000pF, total=0.000pF
            sink capacitance : total=0.000pF, avg=0.000pF, sd=0.000pF, min=0.000pF, max=0.000pF
            wire capacitance : top=0.000pF, trunk=0.000pF, leaf=0.000pF, total=0.000pF
            wire lengths     : top=0.000um, trunk=0.000um, leaf=0.000um, total=0.000um
            hp wire lengths  : top=0.000um, trunk=0.000um, leaf=0.000um, total=0.000um
          Clock DAG net violations after 'eGRPC Moving buffers':
            Fanout : {count=1, worst=[924]} avg=924 sd=0 sum=924
          Clock DAG primary half-corner transition distribution after 'eGRPC Moving buffers':
            Leaf : target=0.136ns count=1 avg=0.100ns sd=0.000ns min=0.100ns max=0.100ns {0 <= 0.082ns, 1 <= 0.109ns, 0 <= 0.122ns, 0 <= 0.129ns, 0 <= 0.136ns}
          Primary reporting skew groups after 'eGRPC Moving buffers':
            skew_group clk/func_mode: insertion delay [min=0.000, max=0.000], skew [0.000 vs 0.096]
          Skew group summary after 'eGRPC Moving buffers':
            skew_group clk/func_mode: insertion delay [min=0.000, max=0.000], skew [0.000 vs 0.096]
          Legalizer API calls during this step: 0 succeeded with high effort: 0 succeeded with medium effort: 0 succeeded with low effort: 0 succeeded with basic effort: 0 succeeded with basic unbounded effort: 0
        eGRPC Moving buffers done. (took cpu=0:00:00.0 real=0:00:00.0)
      flow.cputime  flow.realtime  timing.setup.tns  timing.setup.wns  snapshot
UM:*                                                                   eGRPC Moving buffers
        eGRPC Initial Pass of Downsizing Clock Tree cells...
          Artificially removing long paths...
            Legalizer API calls during this step: 0 succeeded with high effort: 0 succeeded with medium effort: 0 succeeded with low effort: 0 succeeded with basic effort: 0 succeeded with basic unbounded effort: 0
          Artificially removing long paths done. (took cpu=0:00:00.0 real=0:00:00.0)
          Modifying slew-target multiplier from 1 to 0.9
          Downsizing prefiltering...
          Downsizing prefiltering done.
          Downsizing: ...20% ...40% ...60% ...80% ...100% 
          DoDownSizing Summary : numSized = 0, numUnchanged = 1, numSkippedDueToOther = 0, numSkippedDueToCloseToSlewTarget = 0, numSkippedDueToCloseToSkewTarget = 0
          CCOpt-eGRPC Downsizing: considered: 1, tested: 0, violation detected: 0, violation ignored (due to small violation): 0, cannot run: 1, attempted: 0, unsuccessful: 0, sized: 0
          Reverting slew-target multiplier from 0.9 to 1
          Clock DAG stats after 'eGRPC Initial Pass of Downsizing Clock Tree cells':
            cell counts      : b=0, i=0, icg=0, dcg=0, l=0, total=0
            sink counts      : regular=1024, enable_latch=0, load_capacitance=0, antenna=0, node_sink=0, total=1024
            misc counts      : r=1, pp=0
            cell areas       : b=0.000um^2, i=0.000um^2, icg=0.000um^2, dcg=0.000um^2, l=0.000um^2, total=0.000um^2
            cell capacitance : b=0.000pF, i=0.000pF, icg=0.000pF, dcg=0.000pF, l=0.000pF, total=0.000pF
            sink capacitance : total=0.000pF, avg=0.000pF, sd=0.000pF, min=0.000pF, max=0.000pF
            wire capacitance : top=0.000pF, trunk=0.000pF, leaf=0.000pF, total=0.000pF
            wire lengths     : top=0.000um, trunk=0.000um, leaf=0.000um, total=0.000um
            hp wire lengths  : top=0.000um, trunk=0.000um, leaf=0.000um, total=0.000um
          Clock DAG net violations after 'eGRPC Initial Pass of Downsizing Clock Tree cells':
            Fanout : {count=1, worst=[924]} avg=924 sd=0 sum=924
          Clock DAG primary half-corner transition distribution after 'eGRPC Initial Pass of Downsizing Clock Tree cells':
            Leaf : target=0.136ns count=1 avg=0.100ns sd=0.000ns min=0.100ns max=0.100ns {0 <= 0.082ns, 1 <= 0.109ns, 0 <= 0.122ns, 0 <= 0.129ns, 0 <= 0.136ns}
          Primary reporting skew groups after 'eGRPC Initial Pass of Downsizing Clock Tree cells':
            skew_group clk/func_mode: insertion delay [min=0.000, max=0.000], skew [0.000 vs 0.096]
          Skew group summary after 'eGRPC Initial Pass of Downsizing Clock Tree cells':
            skew_group clk/func_mode: insertion delay [min=0.000, max=0.000], skew [0.000 vs 0.096]
          Legalizer API calls during this step: 0 succeeded with high effort: 0 succeeded with medium effort: 0 succeeded with low effort: 0 succeeded with basic effort: 0 succeeded with basic unbounded effort: 0
        eGRPC Initial Pass of Downsizing Clock Tree cells done. (took cpu=0:00:00.0 real=0:00:00.0)
      flow.cputime  flow.realtime  timing.setup.tns  timing.setup.wns  snapshot
UM:*                                                                   eGRPC Initial Pass of Downsizing Clock Tree cells
        eGRPC Fixing DRVs...
          Fixing clock tree DRVs: ...20% ...40% ...60% ...80% ...100% 
          CCOpt-eGRPC: considered: 1, tested: 1, violation detected: 0, violation ignored (due to small violation): 0, cannot run: 0, attempted: 0, unsuccessful: 0, sized: 0
          
          Statistics: Fix DRVs (cell sizing):
          ===================================
          
          Cell changes by Net Type:
          
          -------------------------------------------------------------------------------------------------
          Net Type    Attempted    Upsized     Downsized    Swapped Same Size    Total Changed    Not Sized
          -------------------------------------------------------------------------------------------------
          top                0            0           0            0                    0                0
          trunk              0            0           0            0                    0                0
          leaf               0            0           0            0                    0                0
          -------------------------------------------------------------------------------------------------
          Total              0            0           0            0                    0                0
          -------------------------------------------------------------------------------------------------
          
          Upsized: 0, Downsized: 0, Sized but same area: 0, Unchanged: 0, Area change: 0.000um^2
          Max. move: 0.000um, Min. move: 0.000um, Avg. move: N/A
          
          Clock DAG stats after 'eGRPC Fixing DRVs':
            cell counts      : b=0, i=0, icg=0, dcg=0, l=0, total=0
            sink counts      : regular=1024, enable_latch=0, load_capacitance=0, antenna=0, node_sink=0, total=1024
            misc counts      : r=1, pp=0
            cell areas       : b=0.000um^2, i=0.000um^2, icg=0.000um^2, dcg=0.000um^2, l=0.000um^2, total=0.000um^2
            cell capacitance : b=0.000pF, i=0.000pF, icg=0.000pF, dcg=0.000pF, l=0.000pF, total=0.000pF
            sink capacitance : total=0.000pF, avg=0.000pF, sd=0.000pF, min=0.000pF, max=0.000pF
            wire capacitance : top=0.000pF, trunk=0.000pF, leaf=0.000pF, total=0.000pF
            wire lengths     : top=0.000um, trunk=0.000um, leaf=0.000um, total=0.000um
            hp wire lengths  : top=0.000um, trunk=0.000um, leaf=0.000um, total=0.000um
          Clock DAG net violations after 'eGRPC Fixing DRVs':
            Fanout : {count=1, worst=[924]} avg=924 sd=0 sum=924
          Clock DAG primary half-corner transition distribution after 'eGRPC Fixing DRVs':
            Leaf : target=0.136ns count=1 avg=0.100ns sd=0.000ns min=0.100ns max=0.100ns {0 <= 0.082ns, 1 <= 0.109ns, 0 <= 0.122ns, 0 <= 0.129ns, 0 <= 0.136ns}
          Primary reporting skew groups after 'eGRPC Fixing DRVs':
            skew_group clk/func_mode: insertion delay [min=0.000, max=0.000], skew [0.000 vs 0.096]
          Skew group summary after 'eGRPC Fixing DRVs':
            skew_group clk/func_mode: insertion delay [min=0.000, max=0.000], skew [0.000 vs 0.096]
          Legalizer API calls during this step: 0 succeeded with high effort: 0 succeeded with medium effort: 0 succeeded with low effort: 0 succeeded with basic effort: 0 succeeded with basic unbounded effort: 0
        eGRPC Fixing DRVs done. (took cpu=0:00:00.0 real=0:00:00.0)
      flow.cputime  flow.realtime  timing.setup.tns  timing.setup.wns  snapshot
UM:*                                                                   eGRPC Fixing DRVs
        Reconnecting optimized routes...
        Reset timing graph...
Ignoring AAE DB Resetting ...
        Reset timing graph done.
        Reconnecting optimized routes done. (took cpu=0:00:00.0 real=0:00:00.0)
        Violation analysis...
        Violation analysis done. (took cpu=0:00:00.0 real=0:00:00.0)
      flow.cputime  flow.realtime  timing.setup.tns  timing.setup.wns  snapshot
UM:*                                                                   Violation analysis
        Reset timing graph...
Ignoring AAE DB Resetting ...
        Reset timing graph done.
        Clock DAG stats before routing clock trees:
          cell counts      : b=0, i=0, icg=0, dcg=0, l=0, total=0
          sink counts      : regular=1024, enable_latch=0, load_capacitance=0, antenna=0, node_sink=0, total=1024
          misc counts      : r=1, pp=0
          cell areas       : b=0.000um^2, i=0.000um^2, icg=0.000um^2, dcg=0.000um^2, l=0.000um^2, total=0.000um^2
          cell capacitance : b=0.000pF, i=0.000pF, icg=0.000pF, dcg=0.000pF, l=0.000pF, total=0.000pF
          sink capacitance : total=0.000pF, avg=0.000pF, sd=0.000pF, min=0.000pF, max=0.000pF
          wire capacitance : top=0.000pF, trunk=0.000pF, leaf=0.000pF, total=0.000pF
          wire lengths     : top=0.000um, trunk=0.000um, leaf=0.000um, total=0.000um
          hp wire lengths  : top=0.000um, trunk=0.000um, leaf=0.000um, total=0.000um
        Clock DAG net violations before routing clock trees:
          Fanout : {count=1, worst=[924]} avg=924 sd=0 sum=924
        Clock DAG primary half-corner transition distribution before routing clock trees:
          Leaf : target=0.136ns count=1 avg=0.100ns sd=0.000ns min=0.100ns max=0.100ns {0 <= 0.082ns, 1 <= 0.109ns, 0 <= 0.122ns, 0 <= 0.129ns, 0 <= 0.136ns}
        Primary reporting skew groups before routing clock trees:
          skew_group clk/func_mode: insertion delay [min=0.000, max=0.000, avg=0.000, sd=0.000], skew [0.000 vs 0.096], 100% {0.000, 0.000} (wid=0.000 ws=0.000) (gid=0.000 gs=0.000)
        Skew group summary before routing clock trees:
          skew_group clk/func_mode: insertion delay [min=0.000, max=0.000, avg=0.000, sd=0.000], skew [0.000 vs 0.096], 100% {0.000, 0.000} (wid=0.000 ws=0.000) (gid=0.000 gs=0.000)
      eGRPC done.
    Calling post conditioning for eGRPC done.
  eGR Post Conditioning loop iteration 0 done.
  Refine place not called during Post Conditioning. Calling it now the eGR->PC Loop is complete.
  Leaving CCOpt scope - Cleaning up placement interface...
  Leaving CCOpt scope - Cleaning up placement interface done. (took cpu=0:00:00.0 real=0:00:00.0)
  Leaving CCOpt scope - ClockRefiner...
  Soft fixed 0 clock instances.
  Performing Single Pass Refine Place.
*** Starting place_detail (0:08:04 mem=2709.0M) ***
Total net bbox length = 3.223e+05 (1.798e+05 1.426e+05) (ext = 5.109e+04)
Move report: Detail placement moves 0 insts, mean move: 0.00 um, max move: 0.00 um 
	Runtime: CPU: 0:00:00.2 REAL: 0:00:01.0 MEM: 2685.0MB
Summary Report:
Instances move: 0 (out of 9408 movable)
Instances flipped: 0
Mean displacement: 0.00 um
Max displacement: 0.00 um 
Total net bbox length = 3.223e+05 (1.798e+05 1.426e+05) (ext = 5.109e+04)
Runtime: CPU: 0:00:00.2 REAL: 0:00:01.0 MEM: 2685.0MB
*** Finished place_detail (0:08:04 mem=2685.0M) ***
  ClockRefiner summary
  All clock instances: Moved 0, flipped 0 and cell swapped 0 (out of a total of 1024).
  Restoring place_status_cts on 0 clock instances.
  Leaving CCOpt scope - ClockRefiner done. (took cpu=0:00:00.2 real=0:00:00.2)
  CCOpt::Phase::eGRPC done. (took cpu=0:00:00.8 real=0:00:00.8)
      flow.cputime  flow.realtime  timing.setup.tns  timing.setup.wns  snapshot
UM:*                                                                   CCOpt::Phase::eGRPC
  CCOpt::Phase::Routing...
  Clock implementation routing...
    Leaving CCOpt scope - Routing Tools...
Net route status summary:
  Clock:         1 (unrouted=0, trialRouted=0, noStatus=0, routed=1, fixed=0, [crossesIlmBoundary=0, tooFewTerms=0, (crossesIlmBoundary AND tooFewTerms=0)])
  Non-clock:  9770 (unrouted=40, trialRouted=9730, noStatus=0, routed=0, fixed=0, [crossesIlmBoundary=0, tooFewTerms=3, (crossesIlmBoundary AND tooFewTerms=0)])
    Routing using eGR in eGR->NR Step...
      Early Global Route - eGR->Nr High Frequency step...
(ccopt eGR): There are 1 nets to be routed. 0 nets have skip routing designation.
(ccopt eGR): There are 1 nets for routing of which 0 have one or more fixed wires.
(ccopt eGR): Start to route 1 all nets
[NR-eGR] Track table information for default rule: 
[NR-eGR] M1 has single uniform track structure
[NR-eGR] M2 has single uniform track structure
[NR-eGR] M3 has single uniform track structure
[NR-eGR] M4 has single uniform track structure
[NR-eGR] M5 has single uniform track structure
[NR-eGR] M6 has single uniform track structure
[NR-eGR] M7 has single uniform track structure
[NR-eGR] M8 has single uniform track structure
[NR-eGR] M9 has single uniform track structure
[NR-eGR] AP has single uniform track structure
[NR-eGR] Read 67704 PG shapes
[NR-eGR] Read 0 clock shapes
[NR-eGR] Read 0 other shapes
[NR-eGR] #Routing Blockages  : 0
[NR-eGR] #Instance Blockages : 0
[NR-eGR] #PG Blockages       : 67704
[NR-eGR] #Halo Blockages     : 0
[NR-eGR] #Boundary Blockages : 0
[NR-eGR] #Clock Blockages    : 0
[NR-eGR] #Other Blockages    : 0
[NR-eGR] Num Prerouted Nets = 0  Num Prerouted Wires = 0
[NR-eGR] Read 9731 nets ( ignored 9730 )
[NR-eGR] Connected 0 must-join pins/ports
[NR-eGR] There are 1 clock nets ( 0 with NDR ).
[NR-eGR] ============ Routing rule table ============
[NR-eGR] Rule id: 0  Nets: 1
[NR-eGR] ========================================
[NR-eGR] 
[NR-eGR] Layer group 1: route 1 net(s) in layer range [2, 10]
[NR-eGR] Early Global Route overflow of layer group 1: 0.00% H + 0.00% V. EstWL: 6.246000e+03um
[NR-eGR] Congestion Analysis By layer: (blocked Gcells are excluded) 
[NR-eGR]                        OverCon            
[NR-eGR]                         #Gcell     %Gcell
[NR-eGR]        Layer             (1-0)    OverCon
[NR-eGR] ----------------------------------------------
[NR-eGR]      M1 ( 1)         0( 0.00%)   ( 0.00%) 
[NR-eGR]      M2 ( 2)         0( 0.00%)   ( 0.00%) 
[NR-eGR]      M3 ( 3)         0( 0.00%)   ( 0.00%) 
[NR-eGR]      M4 ( 4)         0( 0.00%)   ( 0.00%) 
[NR-eGR]      M5 ( 5)         0( 0.00%)   ( 0.00%) 
[NR-eGR]      M6 ( 6)         0( 0.00%)   ( 0.00%) 
[NR-eGR]      M7 ( 7)         0( 0.00%)   ( 0.00%) 
[NR-eGR]      M8 ( 8)         0( 0.00%)   ( 0.00%) 
[NR-eGR]      M9 ( 9)         0( 0.00%)   ( 0.00%) 
[NR-eGR]      AP (10)         0( 0.00%)   ( 0.00%) 
[NR-eGR] ----------------------------------------------
[NR-eGR]        Total         0( 0.00%)   ( 0.00%) 
[NR-eGR] 
[NR-eGR] Overflow after Early Global Route 0.00% H + 0.00% V
[NR-eGR]             Length (um)   Vias 
[NR-eGR] -------------------------------
[NR-eGR]  M1  (1H)             0  32069 
[NR-eGR]  M2  (2V)         88807  51471 
[NR-eGR]  M3  (3H)        118062   5597 
[NR-eGR]  M4  (4V)         26573   4090 
[NR-eGR]  M5  (5H)         56308   2395 
[NR-eGR]  M6  (6V)         39815    522 
[NR-eGR]  M7  (7H)          1063    458 
[NR-eGR]  M8  (8V)          3209    659 
[NR-eGR]  M9  (9H)          4585     19 
[NR-eGR]  AP  (10V)           18      0 
[NR-eGR] -------------------------------
[NR-eGR]      Total       338439  97280 
[NR-eGR] --------------------------------------------------------------------------
[NR-eGR] Total half perimeter of net bounding box: 322328um
[NR-eGR] Total length: 338439um, number of vias: 97280
[NR-eGR] --------------------------------------------------------------------------
[NR-eGR] Total eGR-routed clock nets wire length: 6423um, number of vias: 3190
[NR-eGR] --------------------------------------------------------------------------
[NR-eGR] Report for selected net(s) only.
[NR-eGR]             Length (um)  Vias 
[NR-eGR] ------------------------------
[NR-eGR]  M1  (1H)             0  1024 
[NR-eGR]  M2  (2V)          1117  1352 
[NR-eGR]  M3  (3H)          2520   639 
[NR-eGR]  M4  (4V)          2004   175 
[NR-eGR]  M5  (5H)           782     0 
[NR-eGR]  M6  (6V)             0     0 
[NR-eGR]  M7  (7H)             0     0 
[NR-eGR]  M8  (8V)             0     0 
[NR-eGR]  M9  (9H)             0     0 
[NR-eGR]  AP  (10V)            0     0 
[NR-eGR] ------------------------------
[NR-eGR]      Total         6423  3190 
[NR-eGR] --------------------------------------------------------------------------
[NR-eGR] Total half perimeter of net bounding box: 549um
[NR-eGR] Total length: 6423um, number of vias: 3190
[NR-eGR] --------------------------------------------------------------------------
[NR-eGR] Total routed clock nets wire length: 6423um, number of vias: 3190
[NR-eGR] --------------------------------------------------------------------------
[NR-eGR] Finished Early Global Route kernel ( CPU: 0.13 sec, Real: 0.20 sec, Curr Mem: 2693.08 MB )
      Early Global Route - eGR->Nr High Frequency step done. (took cpu=0:00:00.1 real=0:00:00.2)
      flow.cputime  flow.realtime  timing.setup.tns  timing.setup.wns  snapshot
UM:*                                                                   Early Global Route - eGR->Nr High Frequency step
    Routing using eGR in eGR->NR Step done.
    Routing using NR in eGR->NR Step...

CCOPT: Preparing to route 1 clock nets with NanoRoute.
  All net are default rule.
  Preferred NanoRoute mode settings: Current
**WARN: (IMPTCM-77):	Option "-grouteExpUseNanoRoute2" for command setNanoRouteMode is obsolete and will be removed in a future release. The obsolete option still works in this release but to avoid this warning and to ensure compatibility with future releases, remove the obsolete option from your script.
**WARN: (IMPDBTCL-321):	The attribute 'route_design_global_exp_use_nano_route2' still works but will be obsolete in a future major release. You should remove it from your script before the next major release to avoid errors.
**WARN: (IMPTCM-77):	Option "-routeExpDeterministicMultiThread" for command setNanoRouteMode is obsolete and will be removed in a future release. The obsolete option still works in this release but to avoid this warning and to ensure compatibility with future releases, remove the obsolete option from your script.
**WARN: (IMPDBTCL-321):	The attribute 'route_design_exp_deterministic_multi_thread' still works but will be obsolete in a future major release. You should remove it from your script before the next major release to avoid errors.
      Clock detailed routing...
        NanoRoute...

route_global_detail

#Start route_global_detail on Wed Aug 12 07:13:43 2026
#
#num needed restored net=0
#need_extraction net=0 (total=9771)
#WARNING (NRIG-100) Ignoring auto generated timing constraints when routeWithTimingDriven set to false.
#NanoRoute Version 21.18-s099_1 NR230707-1955/21_18-UB
#
#Wire/Via statistics before line assignment ...
#Total wire length = 6423 um.
#Total half perimeter of net bounding box = 549 um.
#Total wire length on LAYER M1 = 0 um.
#Total wire length on LAYER M2 = 1117 um.
#Total wire length on LAYER M3 = 2520 um.
#Total wire length on LAYER M4 = 2004 um.
#Total wire length on LAYER M5 = 782 um.
#Total wire length on LAYER M6 = 0 um.
#Total wire length on LAYER M7 = 0 um.
#Total wire length on LAYER M8 = 0 um.
#Total wire length on LAYER M9 = 0 um.
#Total wire length on LAYER AP = 0 um.
#Total number of vias = 3190
#Up-Via Summary (total 3190):
#           
#-----------------------
# M1               1024
# M2               1352
# M3                639
# M4                175
#-----------------------
#                  3190 
#
#Start routing data preparation on Wed Aug 12 07:13:43 2026
#
#Minimum voltage of a net in the design = 0.000.
#Maximum voltage of a net in the design = 1.320.
#Voltage range [0.000 - 1.320] has 9769 nets.
#Voltage range [1.080 - 1.320] has 1 net.
#Voltage range [0.000 - 0.000] has 1 net.
#Build and mark too close pins for the same net.
#Initial pin access analysis.
#Detail pin access analysis.
# M1           H   Track-Pitch = 0.20000    Line-2-Via Pitch = 0.18500
# M2           V   Track-Pitch = 0.20000    Line-2-Via Pitch = 0.20000
# M3           H   Track-Pitch = 0.20000    Line-2-Via Pitch = 0.20000
# M4           V   Track-Pitch = 0.20000    Line-2-Via Pitch = 0.20000
# M5           H   Track-Pitch = 0.20000    Line-2-Via Pitch = 0.20000
# M6           V   Track-Pitch = 0.20000    Line-2-Via Pitch = 0.20000
# M7           H   Track-Pitch = 0.20000    Line-2-Via Pitch = 0.20000
# M8           V   Track-Pitch = 0.80000    Line-2-Via Pitch = 0.80000
# M9           H   Track-Pitch = 0.80000    Line-2-Via Pitch = 0.80000
# AP           V   Track-Pitch = 6.50000    Line-2-Via Pitch = 6.50000
#Bottom routing layer index=1(M1), bottom routing layer for shielding=1(M1), bottom shield layer=1(M1)
#shield_bottom_stripe_layer=1(M1), shield_top_stripe_layer=10(AP)
#pin_access_rlayer=2(M2)
#shield_top_dpt_rlayer=-1 top_rlayer=10 top_trim_metal_rlayer=-1 rlayer_lowest=1 bottom_rlayer=1
#enable_trim_layer_shield=F enable_dpt_layer_shield=F has_line_end_grid=F
#cpu time = 00:00:00, elapsed time = 00:00:00, memory = 2407.14 (MB), peak = 2751.77 (MB)
#Regenerating Ggrids automatically.
#Auto generating G-grids with size=15 tracks, using layer M3's pitch = 0.20000.
#Using automatically generated G-grids.
#Done routing data preparation.
#cpu time = 00:00:08, elapsed time = 00:00:08, memory = 2411.20 (MB), peak = 2751.77 (MB)
#Minimum voltage of a net in the design = 0.000.
#Maximum voltage of a net in the design = 1.320.
#Voltage range [0.000 - 1.320] has 9769 nets.
#Voltage range [1.080 - 1.320] has 1 net.
#Voltage range [0.000 - 0.000] has 1 net.
Updating RC grid for preRoute extraction ...
Initializing multi-corner capacitance tables ... 
Initializing multi-corner resistance tables ...
#
#Distribution of nets:
#  
# #pin range           #net       %
#------------------------------------
#          2            6321 ( 64.7%)
#          3            1411 ( 14.4%)
#          4            1166 ( 11.9%)
#          5             189 (  1.9%)
#          6             114 (  1.2%)
#          7             106 (  1.1%)
#          8              55 (  0.6%)
#          9              53 (  0.5%)
#  10  -  19             195 (  2.0%)
#  20  -  29              63 (  0.6%)
#  30  -  39              49 (  0.5%)
#  40  -  49               4 (  0.0%)
#  50  -  59               1 (  0.0%)
#  60  -  69               1 (  0.0%)
#  100 - 199               1 (  0.0%)
#  300 - 399               1 (  0.0%)
#  1000-1099               1 (  0.0%)
#     >=2000               0 (  0.0%)
#
#Total: 9771 nets, 9731 non-trivial nets
#                              #net       %
#-------------------------------------------
#  Fully global routed            1 ( 0.0%)
#  Clock                          1
#  Prefer layer range          9731
#
#Nets in 2 layer ranges:
#  Bottom Pref.Layer    Top Pref.Layer       #net       %
#---------------------------------------------------------
#              -----             9 M9*       9730 (100.0%)
#          *    3 M3             9 M9*          1 (  0.0%)
#
#1 net selected.
#
#
#Line Assignment statistics:
#Cpu time = 00:00:00
#Elapsed time = 00:00:00
#Increased memory = -0.09 (MB)
#Total memory = 2413.91 (MB)
#Peak memory = 2751.77 (MB)
#End Line Assignment: cpu:00:00:00, real:00:00:00, mem:2.4 GB, peak:2.7 GB
#
#Wire/Via statistics after line assignment ...
#Total wire length = 6365 um.
#Total half perimeter of net bounding box = 549 um.
#Total wire length on LAYER M1 = 10 um.
#Total wire length on LAYER M2 = 1136 um.
#Total wire length on LAYER M3 = 2513 um.
#Total wire length on LAYER M4 = 1971 um.
#Total wire length on LAYER M5 = 735 um.
#Total wire length on LAYER M6 = 0 um.
#Total wire length on LAYER M7 = 0 um.
#Total wire length on LAYER M8 = 0 um.
#Total wire length on LAYER M9 = 0 um.
#Total wire length on LAYER AP = 0 um.
#Total number of vias = 3029
#Up-Via Summary (total 3029):
#           
#-----------------------
# M1               1024
# M2               1257
# M3                596
# M4                152
#-----------------------
#                  3029 
#
#Routing data preparation, pin analysis, line assignment statistics:
#Cpu time = 00:00:08
#Elapsed time = 00:00:08
#Increased memory = 26.41 (MB)
#Total memory = 2408.78 (MB)
#Peak memory = 2751.77 (MB)
#Skip comparing routing design signature in db-snapshot flow
#Minimum voltage of a net in the design = 0.000.
#Maximum voltage of a net in the design = 1.320.
#Voltage range [0.000 - 1.320] has 9769 nets.
#Voltage range [1.080 - 1.320] has 1 net.
#Voltage range [0.000 - 0.000] has 1 net.
#Minimum voltage of a net in the design = 0.000.
#Maximum voltage of a net in the design = 1.320.
#Voltage range [0.000 - 1.320] has 9769 nets.
#Voltage range [1.080 - 1.320] has 1 net.
#Voltage range [0.000 - 0.000] has 1 net.
#Minimum voltage of a net in the design = 0.000.
#Maximum voltage of a net in the design = 1.320.
#Voltage range [0.000 - 1.320] has 9769 nets.
#Voltage range [1.080 - 1.320] has 1 net.
#Voltage range [0.000 - 0.000] has 1 net.
#Minimum voltage of a net in the design = 0.000.
#Maximum voltage of a net in the design = 1.320.
#Voltage range [0.000 - 1.320] has 9769 nets.
#Voltage range [1.080 - 1.320] has 1 net.
#Voltage range [0.000 - 0.000] has 1 net.
#
#Start Detail Routing..
#start initial detail routing ...
#   number of violations = 14
#
#    By Layer and Type :
#	         MetSpc    Short   Totals
#	M1            1       13       14
#	Totals        1       13       14
#cpu time = 00:00:02, elapsed time = 00:00:02, memory = 2412.11 (MB), peak = 2751.77 (MB)
#start 1st optimization iteration ...
#   number of violations = 0
#cpu time = 00:00:00, elapsed time = 00:00:00, memory = 2408.32 (MB), peak = 2751.77 (MB)
#Complete Detail Routing.
#Total wire length = 6522 um.
#Total half perimeter of net bounding box = 549 um.
#Total wire length on LAYER M1 = 167 um.
#Total wire length on LAYER M2 = 1112 um.
#Total wire length on LAYER M3 = 2486 um.
#Total wire length on LAYER M4 = 2028 um.
#Total wire length on LAYER M5 = 729 um.
#Total wire length on LAYER M6 = 0 um.
#Total wire length on LAYER M7 = 0 um.
#Total wire length on LAYER M8 = 0 um.
#Total wire length on LAYER M9 = 0 um.
#Total wire length on LAYER AP = 0 um.
#Total number of vias = 2669
#Up-Via Summary (total 2669):
#           
#-----------------------
# M1                976
# M2                955
# M3                593
# M4                145
#-----------------------
#                  2669 
#
#Total number of DRC violations = 0
#Cpu time = 00:00:02
#Elapsed time = 00:00:02
#Increased memory = -0.54 (MB)
#Total memory = 2408.32 (MB)
#Peak memory = 2751.77 (MB)
#Skip updating routing design signature in db-snapshot flow
#route_detail Statistics:
#Cpu time = 00:00:02
#Elapsed time = 00:00:02
#Increased memory = -0.46 (MB)
#Total memory = 2408.32 (MB)
#Peak memory = 2751.77 (MB)
#
#route_global_detail statistics:
#Cpu time = 00:00:10
#Elapsed time = 00:00:10
#Increased memory = 33.78 (MB)
#Total memory = 2415.90 (MB)
#Peak memory = 2751.77 (MB)
#Number of warnings = 1
#Total number of warnings = 1
#Number of fails = 0
#Total number of fails = 0
#Complete route_global_detail on Wed Aug 12 07:13:53 2026
#
        NanoRoute done. (took cpu=0:00:10.1 real=0:00:10.2)
      flow.cputime  flow.realtime  timing.setup.tns  timing.setup.wns  snapshot
UM:*                                                                   NanoRoute
      Clock detailed routing done.
Skipping check of guided vs. routed net lengths.
Set FIXED routing status on 1 net(s)
      Route Remaining Unrouted Nets...
Running route_early_global to complete any remaining unrouted nets.
[NR-eGR] Started Early Global Route kernel ( Curr Mem: 2718.07 MB )
[NR-eGR] Track table information for default rule: 
[NR-eGR] M1 has single uniform track structure
[NR-eGR] M2 has single uniform track structure
[NR-eGR] M3 has single uniform track structure
[NR-eGR] M4 has single uniform track structure
[NR-eGR] M5 has single uniform track structure
[NR-eGR] M6 has single uniform track structure
[NR-eGR] M7 has single uniform track structure
[NR-eGR] M8 has single uniform track structure
[NR-eGR] M9 has single uniform track structure
[NR-eGR] AP has single uniform track structure
[NR-eGR] Read 79610 PG shapes
[NR-eGR] Read 0 clock shapes
[NR-eGR] Read 0 other shapes
[NR-eGR] #Routing Blockages  : 0
[NR-eGR] #Instance Blockages : 0
[NR-eGR] #PG Blockages       : 79610
[NR-eGR] #Halo Blockages     : 0
[NR-eGR] #Boundary Blockages : 0
[NR-eGR] #Clock Blockages    : 0
[NR-eGR] #Other Blockages    : 0
[NR-eGR] Num Prerouted Nets = 1  Num Prerouted Wires = 2842
[NR-eGR] Read 9731 nets ( ignored 1 )
[NR-eGR] ============ Routing rule table ============
[NR-eGR] Rule id: 0  Nets: 9730
[NR-eGR] ========================================
[NR-eGR] 
[NR-eGR] Layer group 1: route 27 net(s) in layer range [8, 10]
[NR-eGR] Early Global Route overflow of layer group 1: 0.00% H + 0.00% V. EstWL: 7.630200e+03um
[NR-eGR] Layer group 2: route 9703 net(s) in layer range [2, 10]
[NR-eGR] Early Global Route overflow of layer group 2: 0.00% H + 0.00% V. EstWL: 3.234366e+05um
[NR-eGR] Congestion Analysis By layer: (blocked Gcells are excluded) 
[NR-eGR]                        OverCon           OverCon           OverCon           OverCon            
[NR-eGR]                         #Gcell            #Gcell            #Gcell            #Gcell     %Gcell
[NR-eGR]        Layer             (1-4)             (5-8)            (9-12)           (13-15)    OverCon
[NR-eGR] -------------------------------------------------------------------------------------------------
[NR-eGR]      M1 ( 1)         0( 0.00%)         0( 0.00%)         0( 0.00%)         0( 0.00%)   ( 0.00%) 
[NR-eGR]      M2 ( 2)         2( 0.00%)         0( 0.00%)         0( 0.00%)         0( 0.00%)   ( 0.00%) 
[NR-eGR]      M3 ( 3)         1( 0.00%)         0( 0.00%)         0( 0.00%)         0( 0.00%)   ( 0.00%) 
[NR-eGR]      M4 ( 4)        28( 0.06%)         0( 0.00%)         0( 0.00%)         0( 0.00%)   ( 0.06%) 
[NR-eGR]      M5 ( 5)         0( 0.00%)         0( 0.00%)         0( 0.00%)         0( 0.00%)   ( 0.00%) 
[NR-eGR]      M6 ( 6)         0( 0.00%)         0( 0.00%)         0( 0.00%)         0( 0.00%)   ( 0.00%) 
[NR-eGR]      M7 ( 7)         0( 0.00%)         0( 0.00%)         0( 0.00%)         0( 0.00%)   ( 0.00%) 
[NR-eGR]      M8 ( 8)         0( 0.00%)         0( 0.00%)         0( 0.00%)         0( 0.00%)   ( 0.00%) 
[NR-eGR]      M9 ( 9)         0( 0.00%)         4( 0.01%)         0( 0.00%)         2( 0.00%)   ( 0.01%) 
[NR-eGR]      AP (10)         0( 0.00%)         0( 0.00%)         0( 0.00%)         0( 0.00%)   ( 0.00%) 
[NR-eGR] -------------------------------------------------------------------------------------------------
[NR-eGR]        Total        31( 0.01%)         4( 0.00%)         0( 0.00%)         2( 0.00%)   ( 0.01%) 
[NR-eGR] 
[NR-eGR] Overflow after Early Global Route 0.00% H + 0.00% V
[NR-eGR]             Length (um)   Vias 
[NR-eGR] -------------------------------
[NR-eGR]  M1  (1H)           167  32021 
[NR-eGR]  M2  (2V)         88662  51025 
[NR-eGR]  M3  (3H)        117414   5580 
[NR-eGR]  M4  (4V)         26475   4101 
[NR-eGR]  M5  (5H)         56852   2417 
[NR-eGR]  M6  (6V)         40054    523 
[NR-eGR]  M7  (7H)          1085    458 
[NR-eGR]  M8  (8V)          3209    659 
[NR-eGR]  M9  (9H)          4585     19 
[NR-eGR]  AP  (10V)           18      0 
[NR-eGR] -------------------------------
[NR-eGR]      Total       338520  96803 
[NR-eGR] --------------------------------------------------------------------------
[NR-eGR] Total half perimeter of net bounding box: 322328um
[NR-eGR] Total length: 338520um, number of vias: 96803
[NR-eGR] --------------------------------------------------------------------------
[NR-eGR] Total eGR-routed clock nets wire length: 0um, number of vias: 0
[NR-eGR] --------------------------------------------------------------------------
[NR-eGR] Finished Early Global Route kernel ( CPU: 0.22 sec, Real: 0.31 sec, Curr Mem: 2723.58 MB )
      Route Remaining Unrouted Nets done. (took cpu=0:00:00.2 real=0:00:00.3)
      flow.cputime  flow.realtime  timing.setup.tns  timing.setup.wns  snapshot
UM:*                                                                   Route Remaining Unrouted Nets
    Routing using NR in eGR->NR Step done.
Net route status summary:
  Clock:         1 (unrouted=0, trialRouted=0, noStatus=0, routed=0, fixed=1, [crossesIlmBoundary=0, tooFewTerms=0, (crossesIlmBoundary AND tooFewTerms=0)])
  Non-clock:  9770 (unrouted=40, trialRouted=9730, noStatus=0, routed=0, fixed=0, [crossesIlmBoundary=0, tooFewTerms=3, (crossesIlmBoundary AND tooFewTerms=0)])

CCOPT: Done with clock implementation routing.

    Leaving CCOpt scope - Routing Tools done. (took cpu=0:00:10.6 real=0:00:10.8)
  Clock implementation routing done.
  Leaving CCOpt scope - extractRC...
  Updating RC parasitics by calling: "extract_rc -noRouteCheck"...
Extraction called for design 'riscv_core' of instances=9796 and nets=9771 using extraction engine 'pre_route' .
**WARN: (IMPEXT-3530):	The process node is not set. Use the command set_design_mode -process <process node> prior to extraction for maximum accuracy and optimal automatic threshold setting.
Type 'man IMPEXT-3530' for more detail.
pre_route RC Extraction called for design riscv_core.
RC Extraction called in multi-corner(3) mode.
RCMode: PreRoute
      RC Corner Indexes            0       1       2   
Capacitance Scaling Factor   : 1.00000 1.00000 1.00000 
Resistance Scaling Factor    : 1.00000 1.00000 1.00000 
Clock Cap. Scaling Factor    : 1.00000 1.00000 1.00000 
Clock Res. Scaling Factor    : 1.00000 1.00000 1.00000 
Shrink Factor                : 1.00000
PreRoute extraction is honoring NDR/Shielding/ExtraSpace for clock nets.
Using capacitance table file ...
Updating RC grid for preRoute extraction ...
Initializing multi-corner capacitance tables ... 
Initializing multi-corner resistance tables ...
PreRoute RC Extraction DONE (CPU Time: 0:00:00.2  Real Time: 0:00:01.0  MEM: 2718.582M)
  Updating RC parasitics by calling: "extract_rc -noRouteCheck" done.
  Leaving CCOpt scope - extractRC done. (took cpu=0:00:00.2 real=0:00:00.2)
  Clock tree timing engine global stage delay update for dc_worst:setup.late...
  Clock tree timing engine global stage delay update for dc_worst:setup.late done. (took cpu=0:00:00.0 real=0:00:00.0)
  Clock DAG stats after routing clock trees:
    cell counts      : b=0, i=0, icg=0, dcg=0, l=0, total=0
    sink counts      : regular=1024, enable_latch=0, load_capacitance=0, antenna=0, node_sink=0, total=1024
    misc counts      : r=1, pp=0
    cell areas       : b=0.000um^2, i=0.000um^2, icg=0.000um^2, dcg=0.000um^2, l=0.000um^2, total=0.000um^2
    cell capacitance : b=0.000pF, i=0.000pF, icg=0.000pF, dcg=0.000pF, l=0.000pF, total=0.000pF
    sink capacitance : total=0.000pF, avg=0.000pF, sd=0.000pF, min=0.000pF, max=0.000pF
    wire capacitance : top=0.000pF, trunk=0.000pF, leaf=0.000pF, total=0.000pF
    wire lengths     : top=0.000um, trunk=0.000um, leaf=0.000um, total=0.000um
    hp wire lengths  : top=0.000um, trunk=0.000um, leaf=0.000um, total=0.000um
  Clock DAG net violations after routing clock trees:
    Fanout : {count=1, worst=[924]} avg=924 sd=0 sum=924
  Clock DAG primary half-corner transition distribution after routing clock trees:
    Leaf : target=0.136ns count=1 avg=0.100ns sd=0.000ns min=0.100ns max=0.100ns {0 <= 0.082ns, 1 <= 0.109ns, 0 <= 0.122ns, 0 <= 0.129ns, 0 <= 0.136ns}
  Primary reporting skew groups after routing clock trees:
    skew_group clk/func_mode: insertion delay [min=0.000, max=0.000, avg=0.000, sd=0.000], skew [0.000 vs 0.096], 100% {0.000, 0.000} (wid=0.000 ws=0.000) (gid=0.000 gs=0.000)
  Skew group summary after routing clock trees:
    skew_group clk/func_mode: insertion delay [min=0.000, max=0.000, avg=0.000, sd=0.000], skew [0.000 vs 0.096], 100% {0.000, 0.000} (wid=0.000 ws=0.000) (gid=0.000 gs=0.000)
  CCOpt::Phase::Routing done. (took cpu=0:00:10.8 real=0:00:11.0)
      flow.cputime  flow.realtime  timing.setup.tns  timing.setup.wns  snapshot
UM:*                                                                   CCOpt::Phase::Routing
  CCOpt::Phase::PostConditioning...
  Leaving CCOpt scope - Initializing placement interface...
  Leaving CCOpt scope - Initializing placement interface done. (took cpu=0:00:00.0 real=0:00:00.0)
  PostConditioning...
    PostConditioning active optimizations:
     - DRV fixing with initial upsizing, sizing and buffering
     - Skew fixing with sizing
    
    Currently running CTS, using active skew data
    Reset bufferability constraints...
    Resetting previous bufferability status on all nets so that PostConditioning will attempt to fix all clock tree violations.
    Reset bufferability constraints done. (took cpu=0:00:00.0 real=0:00:00.0)
    PostConditioning Upsizing To Fix DRVs...
      Fixing clock tree DRVs with upsizing: ...20% ...40% ...60% ...80% ...100% 
      CCOpt-PostConditioning: considered: 1, tested: 1, violation detected: 0, violation ignored (due to small violation): 0, cannot run: 0, attempted: 0, unsuccessful: 0, sized: 0
      
      Statistics: Fix DRVs (initial upsizing):
      ========================================
      
      Cell changes by Net Type:
      
      -------------------------------------------------------------------------------------------------
      Net Type    Attempted    Upsized     Downsized    Swapped Same Size    Total Changed    Not Sized
      -------------------------------------------------------------------------------------------------
      top                0            0           0            0                    0                0
      trunk              0            0           0            0                    0                0
      leaf               0            0           0            0                    0                0
      -------------------------------------------------------------------------------------------------
      Total              0            0           0            0                    0                0
      -------------------------------------------------------------------------------------------------
      
      Upsized: 0, Downsized: 0, Sized but same area: 0, Unchanged: 0, Area change: 0.000um^2
      Max. move: 0.000um, Min. move: 0.000um, Avg. move: N/A
      
      Clock DAG stats after 'PostConditioning Upsizing To Fix DRVs':
        cell counts      : b=0, i=0, icg=0, dcg=0, l=0, total=0
        sink counts      : regular=1024, enable_latch=0, load_capacitance=0, antenna=0, node_sink=0, total=1024
        misc counts      : r=1, pp=0
        cell areas       : b=0.000um^2, i=0.000um^2, icg=0.000um^2, dcg=0.000um^2, l=0.000um^2, total=0.000um^2
        cell capacitance : b=0.000pF, i=0.000pF, icg=0.000pF, dcg=0.000pF, l=0.000pF, total=0.000pF
        sink capacitance : total=0.000pF, avg=0.000pF, sd=0.000pF, min=0.000pF, max=0.000pF
        wire capacitance : top=0.000pF, trunk=0.000pF, leaf=0.000pF, total=0.000pF
        wire lengths     : top=0.000um, trunk=0.000um, leaf=0.000um, total=0.000um
        hp wire lengths  : top=0.000um, trunk=0.000um, leaf=0.000um, total=0.000um
      Clock DAG net violations after 'PostConditioning Upsizing To Fix DRVs':
        Fanout : {count=1, worst=[924]} avg=924 sd=0 sum=924
      Clock DAG primary half-corner transition distribution after 'PostConditioning Upsizing To Fix DRVs':
        Leaf : target=0.136ns count=1 avg=0.100ns sd=0.000ns min=0.100ns max=0.100ns {0 <= 0.082ns, 1 <= 0.109ns, 0 <= 0.122ns, 0 <= 0.129ns, 0 <= 0.136ns}
      Primary reporting skew groups after 'PostConditioning Upsizing To Fix DRVs':
        skew_group clk/func_mode: insertion delay [min=0.000, max=0.000], skew [0.000 vs 0.096]
      Skew group summary after 'PostConditioning Upsizing To Fix DRVs':
        skew_group clk/func_mode: insertion delay [min=0.000, max=0.000], skew [0.000 vs 0.096]
      Legalizer API calls during this step: 0 succeeded with high effort: 0 succeeded with medium effort: 0 succeeded with low effort: 0 succeeded with basic effort: 0 succeeded with basic unbounded effort: 0
    PostConditioning Upsizing To Fix DRVs done. (took cpu=0:00:00.0 real=0:00:00.0)
      flow.cputime  flow.realtime  timing.setup.tns  timing.setup.wns  snapshot
UM:*                                                                   PostConditioning Upsizing To Fix DRVs
    Recomputing CTS skew targets...
    Resolving skew group constraints...
      Solving LP: 1 skew groups; 2 fragments, 2 fraglets and 3 vertices; 23 variables and 49 constraints; tolerance 1
    Resolving skew group constraints done.
    Recomputing CTS skew targets done. (took cpu=0:00:00.0 real=0:00:00.0)
    PostConditioning Fixing DRVs...
      Fixing clock tree DRVs: ...20% ...40% ...60% ...80% ...100% 
      CCOpt-PostConditioning: considered: 1, tested: 1, violation detected: 0, violation ignored (due to small violation): 0, cannot run: 0, attempted: 0, unsuccessful: 0, sized: 0
      
      Statistics: Fix DRVs (cell sizing):
      ===================================
      
      Cell changes by Net Type:
      
      -------------------------------------------------------------------------------------------------
      Net Type    Attempted    Upsized     Downsized    Swapped Same Size    Total Changed    Not Sized
      -------------------------------------------------------------------------------------------------
      top                0            0           0            0                    0                0
      trunk              0            0           0            0                    0                0
      leaf               0            0           0            0                    0                0
      -------------------------------------------------------------------------------------------------
      Total              0            0           0            0                    0                0
      -------------------------------------------------------------------------------------------------
      
      Upsized: 0, Downsized: 0, Sized but same area: 0, Unchanged: 0, Area change: 0.000um^2
      Max. move: 0.000um, Min. move: 0.000um, Avg. move: N/A
      
      Clock DAG stats after 'PostConditioning Fixing DRVs':
        cell counts      : b=0, i=0, icg=0, dcg=0, l=0, total=0
        sink counts      : regular=1024, enable_latch=0, load_capacitance=0, antenna=0, node_sink=0, total=1024
        misc counts      : r=1, pp=0
        cell areas       : b=0.000um^2, i=0.000um^2, icg=0.000um^2, dcg=0.000um^2, l=0.000um^2, total=0.000um^2
        cell capacitance : b=0.000pF, i=0.000pF, icg=0.000pF, dcg=0.000pF, l=0.000pF, total=0.000pF
        sink capacitance : total=0.000pF, avg=0.000pF, sd=0.000pF, min=0.000pF, max=0.000pF
        wire capacitance : top=0.000pF, trunk=0.000pF, leaf=0.000pF, total=0.000pF
        wire lengths     : top=0.000um, trunk=0.000um, leaf=0.000um, total=0.000um
        hp wire lengths  : top=0.000um, trunk=0.000um, leaf=0.000um, total=0.000um
      Clock DAG net violations after 'PostConditioning Fixing DRVs':
        Fanout : {count=1, worst=[924]} avg=924 sd=0 sum=924
      Clock DAG primary half-corner transition distribution after 'PostConditioning Fixing DRVs':
        Leaf : target=0.136ns count=1 avg=0.100ns sd=0.000ns min=0.100ns max=0.100ns {0 <= 0.082ns, 1 <= 0.109ns, 0 <= 0.122ns, 0 <= 0.129ns, 0 <= 0.136ns}
      Primary reporting skew groups after 'PostConditioning Fixing DRVs':
        skew_group clk/func_mode: insertion delay [min=0.000, max=0.000], skew [0.000 vs 0.096]
      Skew group summary after 'PostConditioning Fixing DRVs':
        skew_group clk/func_mode: insertion delay [min=0.000, max=0.000], skew [0.000 vs 0.096]
      Legalizer API calls during this step: 0 succeeded with high effort: 0 succeeded with medium effort: 0 succeeded with low effort: 0 succeeded with basic effort: 0 succeeded with basic unbounded effort: 0
    PostConditioning Fixing DRVs done. (took cpu=0:00:00.0 real=0:00:00.0)
      flow.cputime  flow.realtime  timing.setup.tns  timing.setup.wns  snapshot
UM:*                                                                   PostConditioning Fixing DRVs
    Buffering to fix DRVs...
    Fixing DRVs with route buffering pass 1. Quick buffering: enabled
    Rebuffering to fix clock tree DRVs: ...20% ...40% ...60% ...80% ...100% 
    Inserted 0 buffers and inverters.
    success count. Default: 0, QS: 0, QD: 0, FS: 0, MQS: 0
    CCOpt-PostConditioning: nets considered: 1, nets tested: 1, nets violation detected: 0, nets violation ignored (due to small violation): 0, nets cannot run: 0, nets attempted: 0, nets unsuccessful: 0, buffered: 0
    Clock DAG stats PostConditioning after re-buffering DRV fixing:
      cell counts      : b=0, i=0, icg=0, dcg=0, l=0, total=0
      sink counts      : regular=1024, enable_latch=0, load_capacitance=0, antenna=0, node_sink=0, total=1024
      misc counts      : r=1, pp=0
      cell areas       : b=0.000um^2, i=0.000um^2, icg=0.000um^2, dcg=0.000um^2, l=0.000um^2, total=0.000um^2
      cell capacitance : b=0.000pF, i=0.000pF, icg=0.000pF, dcg=0.000pF, l=0.000pF, total=0.000pF
      sink capacitance : total=0.000pF, avg=0.000pF, sd=0.000pF, min=0.000pF, max=0.000pF
      wire capacitance : top=0.000pF, trunk=0.000pF, leaf=0.000pF, total=0.000pF
      wire lengths     : top=0.000um, trunk=0.000um, leaf=0.000um, total=0.000um
      hp wire lengths  : top=0.000um, trunk=0.000um, leaf=0.000um, total=0.000um
    Clock DAG net violations PostConditioning after re-buffering DRV fixing:
      Fanout : {count=1, worst=[924]} avg=924 sd=0 sum=924
    Clock DAG primary half-corner transition distribution PostConditioning after re-buffering DRV fixing:
      Leaf : target=0.136ns count=1 avg=0.100ns sd=0.000ns min=0.100ns max=0.100ns {0 <= 0.082ns, 1 <= 0.109ns, 0 <= 0.122ns, 0 <= 0.129ns, 0 <= 0.136ns}
    Primary reporting skew groups PostConditioning after re-buffering DRV fixing:
      skew_group clk/func_mode: insertion delay [min=0.000, max=0.000, avg=0.000, sd=0.000], skew [0.000 vs 0.096], 100% {0.000, 0.000} (wid=0.000 ws=0.000) (gid=0.000 gs=0.000)
    Skew group summary PostConditioning after re-buffering DRV fixing:
      skew_group clk/func_mode: insertion delay [min=0.000, max=0.000, avg=0.000, sd=0.000], skew [0.000 vs 0.096], 100% {0.000, 0.000} (wid=0.000 ws=0.000) (gid=0.000 gs=0.000)
    Buffering to fix DRVs done. (took cpu=0:00:00.0 real=0:00:00.0)
      flow.cputime  flow.realtime  timing.setup.tns  timing.setup.wns  snapshot
UM:*                                                                   Buffering to fix DRVs
    PostConditioning Fixing Skew by cell sizing...
      Resized 0 clock insts to decrease delay.
      Resized 0 clock insts to increase delay.
      
      Statistics: Fix Skew (cell sizing):
      ===================================
      
      Cell changes by Net Type:
      
      -------------------------------------------------------------------------------------------------
      Net Type    Attempted    Upsized     Downsized    Swapped Same Size    Total Changed    Not Sized
      -------------------------------------------------------------------------------------------------
      top                0            0           0            0                    0                0
      trunk              0            0           0            0                    0                0
      leaf               0            0           0            0                    0                0
      -------------------------------------------------------------------------------------------------
      Total              0            0           0            0                    0                0
      -------------------------------------------------------------------------------------------------
      
      Upsized: 0, Downsized: 0, Sized but same area: 0, Unchanged: 0, Area change: 0.000um^2
      Max. move: 0.000um, Min. move: 0.000um, Avg. move: N/A
      
      Clock DAG stats after 'PostConditioning Fixing Skew by cell sizing':
        cell counts      : b=0, i=0, icg=0, dcg=0, l=0, total=0
        sink counts      : regular=1024, enable_latch=0, load_capacitance=0, antenna=0, node_sink=0, total=1024
        misc counts      : r=1, pp=0
        cell areas       : b=0.000um^2, i=0.000um^2, icg=0.000um^2, dcg=0.000um^2, l=0.000um^2, total=0.000um^2
        cell capacitance : b=0.000pF, i=0.000pF, icg=0.000pF, dcg=0.000pF, l=0.000pF, total=0.000pF
        sink capacitance : total=0.000pF, avg=0.000pF, sd=0.000pF, min=0.000pF, max=0.000pF
        wire capacitance : top=0.000pF, trunk=0.000pF, leaf=0.000pF, total=0.000pF
        wire lengths     : top=0.000um, trunk=0.000um, leaf=0.000um, total=0.000um
        hp wire lengths  : top=0.000um, trunk=0.000um, leaf=0.000um, total=0.000um
      Clock DAG net violations after 'PostConditioning Fixing Skew by cell sizing':
        Fanout : {count=1, worst=[924]} avg=924 sd=0 sum=924
      Clock DAG primary half-corner transition distribution after 'PostConditioning Fixing Skew by cell sizing':
        Leaf : target=0.136ns count=1 avg=0.100ns sd=0.000ns min=0.100ns max=0.100ns {0 <= 0.082ns, 1 <= 0.109ns, 0 <= 0.122ns, 0 <= 0.129ns, 0 <= 0.136ns}
      Primary reporting skew groups after 'PostConditioning Fixing Skew by cell sizing':
        skew_group clk/func_mode: insertion delay [min=0.000, max=0.000, avg=0.000, sd=0.000], skew [0.000 vs 0.096], 100% {0.000, 0.000} (wid=0.000 ws=0.000) (gid=0.000 gs=0.000)
      Skew group summary after 'PostConditioning Fixing Skew by cell sizing':
        skew_group clk/func_mode: insertion delay [min=0.000, max=0.000, avg=0.000, sd=0.000], skew [0.000 vs 0.096], 100% {0.000, 0.000} (wid=0.000 ws=0.000) (gid=0.000 gs=0.000)
      Legalizer API calls during this step: 0 succeeded with high effort: 0 succeeded with medium effort: 0 succeeded with low effort: 0 succeeded with basic effort: 0 succeeded with basic unbounded effort: 0
    PostConditioning Fixing Skew by cell sizing done. (took cpu=0:00:00.0 real=0:00:00.0)
      flow.cputime  flow.realtime  timing.setup.tns  timing.setup.wns  snapshot
UM:*                                                                   PostConditioning Fixing Skew by cell sizing
    Reconnecting optimized routes...
    Reset timing graph...
Ignoring AAE DB Resetting ...
    Reset timing graph done.
    Reconnecting optimized routes done. (took cpu=0:00:00.0 real=0:00:00.0)
Skipping place_detail: no changes were made during DRV and/or skew fixing steps so it is unnecessary.
  PostConditioning done.
Net route status summary:
  Clock:         1 (unrouted=0, trialRouted=0, noStatus=0, routed=0, fixed=1, [crossesIlmBoundary=0, tooFewTerms=0, (crossesIlmBoundary AND tooFewTerms=0)])
  Non-clock:  9770 (unrouted=40, trialRouted=9730, noStatus=0, routed=0, fixed=0, [crossesIlmBoundary=0, tooFewTerms=3, (crossesIlmBoundary AND tooFewTerms=0)])
  Update timing and DAG stats after post-conditioning...
  Update timing and DAG stats after post-conditioning done. (took cpu=0:00:00.0 real=0:00:00.0)
  Clock tree timing engine global stage delay update for dc_worst:setup.late...
  Clock tree timing engine global stage delay update for dc_worst:setup.late done. (took cpu=0:00:00.0 real=0:00:00.0)
  Clock DAG stats after post-conditioning:
    cell counts      : b=0, i=0, icg=0, dcg=0, l=0, total=0
    sink counts      : regular=1024, enable_latch=0, load_capacitance=0, antenna=0, node_sink=0, total=1024
    misc counts      : r=1, pp=0
    cell areas       : b=0.000um^2, i=0.000um^2, icg=0.000um^2, dcg=0.000um^2, l=0.000um^2, total=0.000um^2
    cell capacitance : b=0.000pF, i=0.000pF, icg=0.000pF, dcg=0.000pF, l=0.000pF, total=0.000pF
    sink capacitance : total=0.000pF, avg=0.000pF, sd=0.000pF, min=0.000pF, max=0.000pF
    wire capacitance : top=0.000pF, trunk=0.000pF, leaf=0.000pF, total=0.000pF
    wire lengths     : top=0.000um, trunk=0.000um, leaf=0.000um, total=0.000um
    hp wire lengths  : top=0.000um, trunk=0.000um, leaf=0.000um, total=0.000um
  Clock DAG net violations after post-conditioning:
    Fanout : {count=1, worst=[924]} avg=924 sd=0 sum=924
  Clock DAG primary half-corner transition distribution after post-conditioning:
    Leaf : target=0.136ns count=1 avg=0.100ns sd=0.000ns min=0.100ns max=0.100ns {0 <= 0.082ns, 1 <= 0.109ns, 0 <= 0.122ns, 0 <= 0.129ns, 0 <= 0.136ns}
  Primary reporting skew groups after post-conditioning:
    skew_group clk/func_mode: insertion delay [min=0.000, max=0.000, avg=0.000, sd=0.000], skew [0.000 vs 0.096], 100% {0.000, 0.000} (wid=0.000 ws=0.000) (gid=0.000 gs=0.000)
  Skew group summary after post-conditioning:
    skew_group clk/func_mode: insertion delay [min=0.000, max=0.000, avg=0.000, sd=0.000], skew [0.000 vs 0.096], 100% {0.000, 0.000} (wid=0.000 ws=0.000) (gid=0.000 gs=0.000)
  CCOpt::Phase::PostConditioning done. (took cpu=0:00:00.2 real=0:00:00.2)
      flow.cputime  flow.realtime  timing.setup.tns  timing.setup.wns  snapshot
UM:*                                                                   CCOpt::Phase::PostConditioning
  Post-balance tidy up or trial balance steps...
  
  Clock DAG stats at end of CTS:
  ==============================
  
  -------------------------------------------------------
  Cell type                 Count    Area     Capacitance
  -------------------------------------------------------
  Buffers                     0      0.000       0.000
  Inverters                   0      0.000       0.000
  Integrated Clock Gates      0      0.000       0.000
  Discrete Clock Gates        0      0.000       0.000
  Clock Logic                 0      0.000       0.000
  All                         0      0.000       0.000
  -------------------------------------------------------
  
  
  Clock DAG sink counts at end of CTS:
  ====================================
  
  -------------------------
  Sink type           Count
  -------------------------
  Regular             1024
  Enable Latch           0
  Load Capacitance       0
  Antenna Diode          0
  Node Sink              0
  Total               1024
  -------------------------
  
  
  Clock DAG wire lengths at end of CTS:
  =====================================
  
  --------------------
  Type     Wire Length
  --------------------
  Top         0.000
  Trunk       0.000
  Leaf        0.000
  Total       0.000
  --------------------
  
  
  Clock DAG hp wire lengths at end of CTS:
  ========================================
  
  -----------------------
  Type     hp Wire Length
  -----------------------
  Top          0.000
  Trunk        0.000
  Leaf         0.000
  Total        0.000
  -----------------------
  
  
  Clock DAG capacitances at end of CTS:
  =====================================
  
  --------------------------------
  Type     Gate     Wire     Total
  --------------------------------
  Top      0.000    0.000    0.000
  Trunk    0.000    0.000    0.000
  Leaf     0.000    0.000    0.000
  Total    0.000    0.000    0.000
  --------------------------------
  
  
  Clock DAG sink capacitances at end of CTS:
  ==========================================
  
  -----------------------------------------------
  Total    Average    Std. Dev.    Min      Max
  -----------------------------------------------
  0.000     0.000       0.000      0.000    0.000
  -----------------------------------------------
  
  
  Clock DAG net violations at end of CTS:
  =======================================
  
  ----------------------------------------------------------------------------
  Type      Units    Count    Average    Std. Dev.    Sum    Top 10 violations
  ----------------------------------------------------------------------------
  Fanout      -        1        924          0        924    [924]
  ----------------------------------------------------------------------------
  
  
  Clock DAG primary half-corner transition distribution at end of CTS:
  ====================================================================
  
  --------------------------------------------------------------------------------------------------------------------------------------------------------------
  Net Type    Target    Count    Average    Std. Dev.    Min      Max      Distribution                                                              Over Target
  --------------------------------------------------------------------------------------------------------------------------------------------------------------
  Leaf        0.136       1       0.100       0.000      0.100    0.100    {0 <= 0.082ns, 1 <= 0.109ns, 0 <= 0.122ns, 0 <= 0.129ns, 0 <= 0.136ns}         -
  --------------------------------------------------------------------------------------------------------------------------------------------------------------
  
  
  Primary reporting skew groups summary at end of CTS:
  ====================================================
  
  ------------------------------------------------------------------------------------------------------------------------------------------------------------------
  Half-corner            Skew Group       Min ID    Max ID    Skew     Skew target    Wire skew    Worst sink skew    Average ID    Std.Dev    Skew window occupancy
  ------------------------------------------------------------------------------------------------------------------------------------------------------------------
  dc_worst:setup.late    clk/func_mode    0.000     0.000     0.000       0.096         0.000           0.000           0.000        0.000     100% {0.000, 0.000}
  ------------------------------------------------------------------------------------------------------------------------------------------------------------------
  
  
  Skew group summary at end of CTS:
  =================================
  
  ------------------------------------------------------------------------------------------------------------------------------------------------------------------
  Half-corner            Skew Group       Min ID    Max ID    Skew     Skew target    Wire skew    Worst sink skew    Average ID    Std.Dev    Skew window occupancy
  ------------------------------------------------------------------------------------------------------------------------------------------------------------------
  dc_worst:setup.late    clk/func_mode    0.000     0.000     0.000       0.096         0.000           0.000           0.000        0.000     100% {0.000, 0.000}
  ------------------------------------------------------------------------------------------------------------------------------------------------------------------
  
  
  Found a total of 0 clock tree pins with a slew violation.
  
  Post-balance tidy up or trial balance steps done. (took cpu=0:00:00.0 real=0:00:00.0)
      flow.cputime  flow.realtime  timing.setup.tns  timing.setup.wns  snapshot
UM:*                                                                   Post-balance tidy up or trial balance steps
Synthesizing clock trees done.
Tidy Up And Update Timing...
External - Set all clocks to propagated mode...
Innovus updating I/O latencies
AAE_INFO: opIsDesignInPostRouteState() is 0
#################################################################################
# Design Stage: PreRoute
# Design Name: riscv_core
# Design Mode: 90nm
# Analysis Mode: MMMC OCV 
# Parasitics Mode: No SPEF/RCDB 
# Signoff Settings: SI Off 
#################################################################################
Start delay calculation (fullDC) (1 T). (MEM=2795.32)
Total number of fetched objects 9769
AAE_INFO: Total number of nets for which stage creation was skipped for all views 0
Total number of fetched objects 9769
AAE_INFO: Total number of nets for which stage creation was skipped for all views 0
Total number of fetched objects 9769
AAE_INFO: Total number of nets for which stage creation was skipped for all views 0
End delay calculation. (MEM=2811.02 CPU=0:00:00.2 REAL=0:00:00.0)
End delay calculation (fullDC). (MEM=2811.02 CPU=0:00:00.5 REAL=0:00:01.0)
Setting all clocks to propagated mode.
External - Set all clocks to propagated mode done. (took cpu=0:00:01.1 real=0:00:01.1)
Clock DAG stats after update timingGraph:
  cell counts      : b=0, i=0, icg=0, dcg=0, l=0, total=0
  sink counts      : regular=1024, enable_latch=0, load_capacitance=0, antenna=0, node_sink=0, total=1024
  misc counts      : r=1, pp=0
  cell areas       : b=0.000um^2, i=0.000um^2, icg=0.000um^2, dcg=0.000um^2, l=0.000um^2, total=0.000um^2
  cell capacitance : b=0.000pF, i=0.000pF, icg=0.000pF, dcg=0.000pF, l=0.000pF, total=0.000pF
  sink capacitance : total=0.000pF, avg=0.000pF, sd=0.000pF, min=0.000pF, max=0.000pF
  wire capacitance : top=0.000pF, trunk=0.000pF, leaf=0.000pF, total=0.000pF
  wire lengths     : top=0.000um, trunk=0.000um, leaf=0.000um, total=0.000um
  hp wire lengths  : top=0.000um, trunk=0.000um, leaf=0.000um, total=0.000um
Clock DAG net violations after update timingGraph:
  Fanout : {count=1, worst=[924]} avg=924 sd=0 sum=924
Clock DAG primary half-corner transition distribution after update timingGraph:
  Leaf : target=0.136ns count=1 avg=0.100ns sd=0.000ns min=0.100ns max=0.100ns {0 <= 0.082ns, 1 <= 0.109ns, 0 <= 0.122ns, 0 <= 0.129ns, 0 <= 0.136ns}
Primary reporting skew groups after update timingGraph:
  skew_group clk/func_mode: insertion delay [min=0.000, max=0.000, avg=0.000, sd=0.000], skew [0.000 vs 0.096], 100% {0.000, 0.000} (wid=0.000 ws=0.000) (gid=0.000 gs=0.000)
Skew group summary after update timingGraph:
  skew_group clk/func_mode: insertion delay [min=0.000, max=0.000, avg=0.000, sd=0.000], skew [0.000 vs 0.096], 100% {0.000, 0.000} (wid=0.000 ws=0.000) (gid=0.000 gs=0.000)
Logging CTS constraint violations...
  Clock tree clk has 1 cts_max_fanout violation.
**WARN: (IMPCCOPT-1157):	Did not meet the cts_max_fanout constraint. Node the root driver for clock_tree clk at (-195.000,-195.000), in power domain auto-default, has 1024 fanout.

Type 'man IMPCCOPT-1157' for more detail.
Logging CTS constraint violations done.
Tidy Up And Update Timing done. (took cpu=0:00:01.1 real=0:00:01.1)
      flow.cputime  flow.realtime  timing.setup.tns  timing.setup.wns  snapshot
UM:*                                                                   Tidy Up And Update Timing
Runtime done. (took cpu=0:00:20.7 real=0:00:21.2)
Runtime Summary
===============
Clock Runtime:  (19%) Core CTS           3.36 (Init 0.96, Construction 0.58, Implementation 0.97, eGRPC 0.26, PostConditioning 0.21, Other 0.38)
Clock Runtime:  (68%) CTS services      11.83 (RefinePlace 0.59, EarlyGlobalClock 0.52, NanoRoute 10.16, ExtractRC 0.56, TimingAnalysis 0.00)
Clock Runtime:  (12%) Other CTS          2.15 (Init 0.38, CongRepair/EGR-DP 0.65, TimingUpdate 1.11, Other 0.00)
Clock Runtime: (100%) Total             17.34

Leaving CCOpt scope - Cleaning up placement interface...
Leaving CCOpt scope - Cleaning up placement interface done. (took cpu=0:00:00.0 real=0:00:00.0)
*** CTS #1 [finish] (ccopt_design #1) : cpu/real = 0:00:17.0/0:00:17.5 (1.0), totSession cpu/real = 0:08:16.0/0:25:00.3 (0.3), mem = 2700.9M
Synthesizing clock trees with CCOpt done.
      flow.cputime  flow.realtime  timing.setup.tns  timing.setup.wns  snapshot
UM:*                                                                   cts
**WARN: (IMPSP-9025):	No scan chain specified/traced.
Type 'man IMPSP-9025' for more detail.
**opt_design ... cpu = 0:00:00, real = 0:00:00, mem = 2403.7M, totSessionCpu=0:08:16 **
**WARN: (IMPOPT-576):	168 nets have unplaced terms. 
GigaOpt running with 1 threads.
*** InitOpt #1 [begin] (ccopt_design #1) : totSession cpu/real = 0:08:16.1/0:25:00.4 (0.3), mem = 2698.9M
**INFO: set_db design_flow_effort standard -> setting 'set_db opt_all_end_points true' for the duration of this command.
Need call spDPlaceInit before registerPrioInstLoc.
**WARN: (IMPOPT-3564):	The following cells are set dont_use temporarily by the tool because there are no rows defined for their technology site, or they are not placeable in any power domain, or their pins cannot be snapped to the tracks. To avoid this message, review the create_floorplan, msv setting, the library setting or set manually those cells as dont_use.
	Cell LVLLHCD1, site bcoreExt.
	Cell LVLLHCD2, site bcoreExt.
	Cell LVLLHCD4, site bcoreExt.
	Cell LVLLHCD8, site bcoreExt.
	Cell LVLLHD1, site bcoreExt.
	Cell LVLLHD2, site bcoreExt.
	Cell LVLLHD4, site bcoreExt.
	Cell LVLLHD8, site bcoreExt.
.
**WARN: (IMPOPT-665):	rst : Net has unplaced terms or is connected to uplaced instances in design. 
Type 'man IMPOPT-665' for more detail.
**WARN: (IMPOPT-665):	clk : Net has unplaced terms or is connected to uplaced instances in design. 
Type 'man IMPOPT-665' for more detail.
**WARN: (IMPOPT-665):	pc_current[31] : Net has unplaced terms or is connected to uplaced instances in design. 
Type 'man IMPOPT-665' for more detail.
**WARN: (IMPOPT-665):	pc_current[30] : Net has unplaced terms or is connected to uplaced instances in design. 
Type 'man IMPOPT-665' for more detail.
**WARN: (IMPOPT-665):	pc_current[29] : Net has unplaced terms or is connected to uplaced instances in design. 
Type 'man IMPOPT-665' for more detail.
**WARN: (IMPOPT-665):	pc_current[28] : Net has unplaced terms or is connected to uplaced instances in design. 
Type 'man IMPOPT-665' for more detail.
**WARN: (IMPOPT-665):	pc_current[27] : Net has unplaced terms or is connected to uplaced instances in design. 
Type 'man IMPOPT-665' for more detail.
**WARN: (IMPOPT-665):	pc_current[26] : Net has unplaced terms or is connected to uplaced instances in design. 
Type 'man IMPOPT-665' for more detail.
**WARN: (IMPOPT-665):	pc_current[25] : Net has unplaced terms or is connected to uplaced instances in design. 
Type 'man IMPOPT-665' for more detail.
**WARN: (IMPOPT-665):	pc_current[24] : Net has unplaced terms or is connected to uplaced instances in design. 
Type 'man IMPOPT-665' for more detail.
**WARN: (IMPOPT-665):	pc_current[23] : Net has unplaced terms or is connected to uplaced instances in design. 
Type 'man IMPOPT-665' for more detail.
**WARN: (IMPOPT-665):	pc_current[22] : Net has unplaced terms or is connected to uplaced instances in design. 
Type 'man IMPOPT-665' for more detail.
**WARN: (IMPOPT-665):	pc_current[21] : Net has unplaced terms or is connected to uplaced instances in design. 
Type 'man IMPOPT-665' for more detail.
**WARN: (IMPOPT-665):	pc_current[20] : Net has unplaced terms or is connected to uplaced instances in design. 
Type 'man IMPOPT-665' for more detail.
**WARN: (IMPOPT-665):	pc_current[19] : Net has unplaced terms or is connected to uplaced instances in design. 
Type 'man IMPOPT-665' for more detail.
**WARN: (IMPOPT-665):	pc_current[18] : Net has unplaced terms or is connected to uplaced instances in design. 
Type 'man IMPOPT-665' for more detail.
**WARN: (IMPOPT-665):	pc_current[17] : Net has unplaced terms or is connected to uplaced instances in design. 
Type 'man IMPOPT-665' for more detail.
**WARN: (IMPOPT-665):	pc_current[16] : Net has unplaced terms or is connected to uplaced instances in design. 
Type 'man IMPOPT-665' for more detail.
**WARN: (IMPOPT-665):	pc_current[15] : Net has unplaced terms or is connected to uplaced instances in design. 
Type 'man IMPOPT-665' for more detail.
**WARN: (IMPOPT-665):	pc_current[14] : Net has unplaced terms or is connected to uplaced instances in design. 
Type 'man IMPOPT-665' for more detail.
**WARN: (EMS-27):	Message (IMPOPT-665) has exceeded the current message display limit of 20.
To increase the message display limit, refer to the product command reference manual.
**opt_design ... cpu = 0:00:01, real = 0:00:01, mem = 2448.2M, totSessionCpu=0:08:17 **
*** opt_design -post_cts ***
DRC Margin: user margin 0.0; extra margin 0.2
Hold Target Slack: user slack 0
Setup Target Slack: user slack 0; extra slack 0.0
set_db opt_useful_skew_eco_route false
Multi-VT timing optimization disabled based on library information.
Start to check current routing status for nets...
All nets are already routed correctly.
End to check current routing status for nets (mem=2734.5M)
Compute RC Scale Done ...
Starting delay calculation for Setup views
AAE_INFO: opIsDesignInPostRouteState() is 0
#################################################################################
# Design Stage: PreRoute
# Design Name: riscv_core
# Design Mode: 90nm
# Analysis Mode: MMMC OCV 
# Parasitics Mode: No SPEF/RCDB 
# Signoff Settings: SI Off 
#################################################################################
Start delay calculation (fullDC) (1 T). (MEM=2944.1)
Total number of fetched objects 9769
AAE_INFO: Total number of nets for which stage creation was skipped for all views 0
Total number of fetched objects 9769
AAE_INFO: Total number of nets for which stage creation was skipped for all views 0
End delay calculation. (MEM=2928.1 CPU=0:00:00.9 REAL=0:00:01.0)
End delay calculation (fullDC). (MEM=2928.1 CPU=0:00:01.1 REAL=0:00:01.0)
*** Done Building Timing Graph (cpu=0:00:01.4 real=0:00:01.0 totSessionCpu=0:08:19 mem=2936.1M)

------------------------------------------------------------------
             Initial Summary
------------------------------------------------------------------

Setup views included:
 view_func_setup 

+--------------------+---------+---------+---------+
|     Setup mode     |   all   | reg2reg | default |
+--------------------+---------+---------+---------+
|           WNS (ns):| -0.204  |  1.740  | -0.204  |
|           TNS (ns):| -5.819  |  0.000  | -5.819  |
|    Violating Paths:|   63    |    0    |   63    |
|          All Paths:|  1158   |  1024   |  1158   |
+--------------------+---------+---------+---------+

+----------------+-------------------------------+------------------+
|                |              Real             |       Total      |
|    DRVs        +------------------+------------+------------------|
|                |  Nr nets(terms)  | Worst Vio  |  Nr nets(terms)  |
+----------------+------------------+------------+------------------+
|   max_cap      |      4 (4)       |   -0.699   |      4 (4)       |
|   max_tran     |      0 (0)       |   0.000    |      0 (0)       |
|   max_fanout   |    236 (236)     |    -310    |    238 (238)     |
|   max_length   |      0 (0)       |     0      |      0 (0)       |
+----------------+------------------+------------+------------------+

Density: 33.423%
------------------------------------------------------------------
**opt_design ... cpu = 0:00:03, real = 0:00:03, mem = 2580.8M, totSessionCpu=0:08:19 **
*** InitOpt #1 [finish] (ccopt_design #1) : cpu/real = 0:00:03.1/0:00:03.1 (1.0), totSession cpu/real = 0:08:19.2/0:25:03.5 (0.3), mem = 2857.1M
** INFO : this run is activating low effort ccoptDesign flow
OPTC: m1 20.0 20.0
#optDebug: fT-E <X 2 0 0 1>
-congRepairInPostCTS false                 # bool, default=false, private
GigaOpt Checkpoint: Internal congRefineRouteType -postCTS -congThreshold 0.001 -rescheduleForCongestion -resetVeryShortNets -resetShortNets -useSpineBased -rescheduleForAdherence -minSlack 51.2
Begin: GigaOpt Route Type Constraints Refinement
*** CongRefineRouteType #1 [begin] (ccopt_design #1) : totSession cpu/real = 0:08:19.5/0:25:03.8 (0.3), mem = 2857.1M
+--------+---------+--------+---------+--------+--------+------------+--------+
|  WNS   | All WNS |  TNS   | All TNS |   M8   |   M9   | Real Time  |  Mem   |
+--------+---------+--------+---------+--------+--------+------------+--------+
|   1.740|   -0.204|   0.000|   -5.800|      27|       0|   0:00:00.0| 2857.10|
|   1.740|   -0.204|   0.000|   -5.800|      26|       0|   0:00:00.0| 2930.33|
|   1.740|   -0.204|   0.000|   -5.800|      26|       0|   0:00:00.0| 2930.33|
|   1.740|   -0.204|   0.000|   -5.800|      26|       0|   0:00:00.0| 2930.33|
+--------+---------+--------+---------+--------+--------+------------+--------+

Updated routing constraints on 1 nets.
Bottom Preferred Layer:
+-----------+------------+----------+
|   Layer   |   OPT_LA   |   Rule   |
+-----------+------------+----------+
| M8 (z=8)  |         26 | default  |
+-----------+------------+----------+
Via Pillar Rule:
    None
*** CongRefineRouteType #1 [finish] (ccopt_design #1) : cpu/real = 0:00:00.1/0:00:00.1 (1.0), totSession cpu/real = 0:08:19.6/0:25:03.9 (0.3), mem = 2930.3M
End: GigaOpt Route Type Constraints Refinement
*** SimplifyNetlist #1 [begin] (ccopt_design #1) : totSession cpu/real = 0:08:19.6/0:25:03.9 (0.3), mem = 2930.3M
Info: 1 net with fixed/cover wires excluded.
Info: 3 ideal nets excluded from IPO operation.
Info: 1 clock net  excluded from IPO operation.
Usable buffer cells for single buffer setup transform:
CKBD1 CKBD0 BUFFD1 BUFFD0 CKBD2 BUFFD2 CKBD3 BUFFD3 CKBD4 BUFFD4 CKBD6 BUFFD6 CKBD8 BUFFD8 CKBD12 BUFFD12 CKBD16 BUFFD16 
Number of usable buffer cells above: 18

Netlist preparation processing... 
Removed 0 instance
*info: Marking 0 isolation instances dont touch
*info: Marking 0 level shifter instances dont touch
*** SimplifyNetlist #1 [finish] (ccopt_design #1) : cpu/real = 0:00:00.7/0:00:00.7 (1.0), totSession cpu/real = 0:08:20.3/0:25:04.6 (0.3), mem = 2873.4M
*** Starting optimizing excluded clock nets MEM= 2873.4M) ***
*info: No excluded clock nets to be optimized.
*** Finished optimizing excluded clock nets (CPU Time= 0:00:00.0  MEM= 2873.4M) ***
*** Starting optimizing excluded clock nets MEM= 2873.4M) ***
*info: No excluded clock nets to be optimized.
*** Finished optimizing excluded clock nets (CPU Time= 0:00:00.0  MEM= 2873.4M) ***
Info: Done creating the CCOpt slew target map.
Begin: GigaOpt high fanout net optimization
GigaOpt HFN: use maxLocalDensity 1.2
GigaOpt Checkpoint: Internal optDRV -useLevelizedBufferTreeOnly -auxMaxFanoutCountLimit 500 -largeScaleFixing -maxIter 1 -maxLocalDensity 1.2 -numThreads 1 -postCTS -preRouteDontEndWithRefinePlaceIncrSteinerRouteDC
*** DrvOpt #1 [begin] (ccopt_design #1) : totSession cpu/real = 0:08:20.3/0:25:04.6 (0.3), mem = 2873.4M
Info: 1 net with fixed/cover wires excluded.
Info: 3 ideal nets excluded from IPO operation.
Info: 1 clock net  excluded from IPO operation.
*** DrvOpt #1 [finish] (ccopt_design #1) : cpu/real = 0:00:00.2/0:00:00.2 (1.0), totSession cpu/real = 0:08:20.5/0:25:04.8 (0.3), mem = 2873.6M
GigaOpt HFN: restore maxLocalDensity to 0.98
End: GigaOpt high fanout net optimization
Begin: GigaOpt DRV Optimization
GigaOpt Checkpoint: Internal optDRV -max_tran -max_cap -maxLocalDensity 0.98 -numThreads 1 -smallScaleFixing -maxIter 3 -setupTNSCostFactor 3.0 -postCTS
*** DrvOpt #2 [begin] (ccopt_design #1) : totSession cpu/real = 0:08:20.5/0:25:04.9 (0.3), mem = 2873.6M
Info: 1 net with fixed/cover wires excluded.
Info: 3 ideal nets excluded from IPO operation.
Info: 1 clock net  excluded from IPO operation.
+-------------------------------------------------------------------------------------------------------------------------------------------------------+
|        max-tran       |        max-cap        |  max-fanout |  max-length |       setup       |        |        |        |       |          |         |
+-------------------------------------------------------------------------------------------------------------------------------------------------------+
| nets | terms|  wViol  | nets | terms|  wViol  | nets | terms| nets | terms|   WNS   |   TNS   |  #Buf  |  #Inv  | #Resize|Density|   Real   |   Mem   |
+-------------------------------------------------------------------------------------------------------------------------------------------------------+
|     2|    23|    -0.07|     8|     8|    -0.74|   237|   237|     0|     0|    -0.20|    -5.82|       0|       0|       0| 33.42%|          |         |
|     1|     7|    -0.07|     7|     7|    -0.74|   238|   238|     0|     0|    -0.20|    -5.80|      11|       0|       2| 33.45%| 0:00:00.0|  2976.0M|
|     1|     7|    -0.07|     7|     7|    -0.74|   238|   238|     0|     0|    -0.20|    -5.80|       0|       0|       0| 33.45%| 0:00:00.0|  2976.0M|
+-------------------------------------------------------------------------------------------------------------------------------------------------------+
Bottom Preferred Layer:
+-----------+------------+----------+
|   Layer   |   OPT_LA   |   Rule   |
+-----------+------------+----------+
| M8 (z=8)  |         26 | default  |
+-----------+------------+----------+
Via Pillar Rule:
    None


=======================================================================
                Reasons for remaining drv violations
=======================================================================
*info: Total 8 net(s) have violations which can't be fixed by DRV optimization.

MultiBuffering failure reasons
------------------------------------------------
*info:     7 net(s): Could not be fixed because the net has unplaced term or invalid term for routing.
*info:     1 net(s): Could not be fixed as the net is considered as IPO ignored by the process.


*** Finish DRV Fixing (cpu=0:00:00.2 real=0:00:00.0 mem=2976.0M) ***

*** Starting place_detail (0:08:21 mem=2960.0M) ***
Total net bbox length = 3.226e+05 (1.798e+05 1.428e+05) (ext = 5.109e+04)
Move report: Detail placement moves 16 insts, mean move: 1.23 um, max move: 2.20 um 
	Max move on inst (FE_RC_1142_0): (40.40, -160.60) --> (40.00, -158.80)
	Runtime: CPU: 0:00:00.2 REAL: 0:00:00.0 MEM: 2948.3MB
Summary Report:
Instances move: 16 (out of 9419 movable)
Instances flipped: 0
Mean displacement: 1.23 um
Max displacement: 2.20 um (Instance: FE_RC_1142_0) (40.4, -160.6) -> (40, -158.8)
	Length: 9 sites, height: 1 rows, site name: core, cell type: NR2D3
Total net bbox length = 3.226e+05 (1.798e+05 1.428e+05) (ext = 5.109e+04)
Runtime: CPU: 0:00:00.2 REAL: 0:00:00.0 MEM: 2948.3MB
*** Finished place_detail (0:08:22 mem=2948.3M) ***
*** maximum move = 2.20 um ***
*** Finished re-routing un-routed nets (2945.3M) ***

*** Finish Physical Update (cpu=0:00:00.3 real=0:00:01.0 mem=2961.3M) ***
*** DrvOpt #2 [finish] (ccopt_design #1) : cpu/real = 0:00:01.1/0:00:01.1 (1.0), totSession cpu/real = 0:08:21.6/0:25:06.0 (0.3), mem = 2881.3M
End: GigaOpt DRV Optimization
GigaOpt DRV: restore maxLocalDensity to 0.98
**opt_design ... cpu = 0:00:06, real = 0:00:06, mem = 2582.1M, totSessionCpu=0:08:22 **
Begin: GigaOpt Global Optimization
*info: use new DP (enabled)
GigaOpt Checkpoint: Internal globalOpt -maxLocalDensity 1.2 -numThreads 1 -postCTS -preRouteDontEndWithRefinePlaceIncrSteinerRouteDC -enableHighLayerOpt -maxIter 50 -maxIterForLEPG 50
Info: 1 net with fixed/cover wires excluded.
Info: 3 ideal nets excluded from IPO operation.
Info: 1 clock net  excluded from IPO operation.
*** GlobalOpt #1 [begin] (ccopt_design #1) : totSession cpu/real = 0:08:21.7/0:25:06.0 (0.3), mem = 2881.3M
*info: 1 clock net excluded
*info: 3 ideal nets excluded from IPO operation.
*info: 1 net with fixed/cover wires excluded.
** GigaOpt Global Opt WNS Slack -0.204  TNS Slack -5.799 
+--------+--------+---------+------------+--------+---------------+---------+---------------------------------------+
|  WNS   |  TNS   | Density |    Real    |  Mem   |  Worst View   |Pathgroup|               End Point               |
+--------+--------+---------+------------+--------+---------------+---------+---------------------------------------+
|  -0.204|  -5.799|   33.45%|   0:00:00.0| 2938.5M|view_func_setup|  default| alu_result[21]                        |
|  -0.204|  -5.354|   33.45%|   0:00:01.0| 2964.6M|view_func_setup|  default| alu_result[21]                        |
|  -0.204|  -5.354|   33.45%|   0:00:01.0| 2964.6M|view_func_setup|  default| alu_result[21]                        |
|  -0.204|  -5.354|   33.45%|   0:00:00.0| 2964.6M|view_func_setup|  default| alu_result[21]                        |
|  -0.204|  -5.331|   33.45%|   0:00:01.0| 2964.6M|view_func_setup|  default| alu_result[21]                        |
|  -0.204|  -5.360|   33.44%|   0:00:02.0| 2966.4M|view_func_setup|  default| alu_result[21]                        |
|  -0.204|  -5.360|   33.44%|   0:00:00.0| 2966.4M|view_func_setup|  default| alu_result[21]                        |
|  -0.204|  -5.360|   33.44%|   0:00:00.0| 2966.4M|view_func_setup|  default| alu_result[21]                        |
|  -0.204|  -5.332|   33.45%|   0:00:00.0| 2966.4M|view_func_setup|  default| alu_result[21]                        |
|  -0.204|  -5.524|   33.41%|   0:00:02.0| 2985.5M|view_func_setup|  default| alu_result[21]                        |
|  -0.204|  -5.524|   33.41%|   0:00:00.0| 2985.5M|view_func_setup|  default| alu_result[21]                        |
|  -0.204|  -5.524|   33.41%|   0:00:00.0| 2985.5M|view_func_setup|  default| alu_result[21]                        |
|  -0.204|  -5.436|   33.42%|   0:00:00.0| 2985.5M|view_func_setup|  default| alu_result[21]                        |
|  -0.206|  -5.519|   33.42%|   0:00:01.0| 2985.5M|view_func_setup|  default| alu_result[21]                        |
|  -0.206|  -5.519|   33.42%|   0:00:00.0| 2985.5M|view_func_setup|  default| alu_result[21]                        |
|  -0.206|  -5.519|   33.42%|   0:00:00.0| 2985.5M|view_func_setup|  default| alu_result[21]                        |
|  -0.202|  -5.321|   33.46%|   0:00:00.0| 2985.5M|view_func_setup|  default| dmem_write_mask[1]                    |
|  -0.202|  -5.330|   33.46%|   0:00:02.0| 2985.5M|view_func_setup|  default| dmem_write_mask[1]                    |
+--------+--------+---------+------------+--------+---------------+---------+---------------------------------------+

*** Finish post-CTS Global Setup Fixing (cpu=0:00:10.0 real=0:00:10.0 mem=2985.5M) ***

*** Finish post-CTS Setup Fixing (cpu=0:00:10.0 real=0:00:10.0 mem=2985.5M) ***
Bottom Preferred Layer:
+-----------+------------+----------+
|   Layer   |   OPT_LA   |   Rule   |
+-----------+------------+----------+
| M8 (z=8)  |         26 | default  |
+-----------+------------+----------+
Via Pillar Rule:
    None
** GigaOpt Global Opt End WNS Slack -0.202  TNS Slack -5.330 
*** GlobalOpt #1 [finish] (ccopt_design #1) : cpu/real = 0:00:10.9/0:00:11.0 (1.0), totSession cpu/real = 0:08:32.6/0:25:16.9 (0.3), mem = 2883.4M
End: GigaOpt Global Optimization
*** Timing NOT met, worst failing slack is -0.202
*** Check timing (0:00:00.0)
GigaOpt Checkpoint: Internal reclaim -numThreads 1 -postCTS -doRemoveUselessTerm -tgtSlackMult 3 -routeType -noRouteTypeResizePolish -noViewPrune -weedwhack -nonLegal -nativePathGroupFlow
Info: 1 net with fixed/cover wires excluded.
Info: 3 ideal nets excluded from IPO operation.
Info: 1 clock net  excluded from IPO operation.
Begin: GigaOpt DRV Optimization
GigaOpt Checkpoint: Internal optDRV -max_tran -max_cap -maxLocalDensity 0.98 -numThreads 1 -smallScaleFixing -maxIter 3 -setupTNSCostFactor 3.0 -postCTS
*** DrvOpt #3 [begin] (ccopt_design #1) : totSession cpu/real = 0:08:32.7/0:25:17.0 (0.3), mem = 2879.4M
Info: 1 net with fixed/cover wires excluded.
Info: 3 ideal nets excluded from IPO operation.
Info: 1 clock net  excluded from IPO operation.
+-------------------------------------------------------------------------------------------------------------------------------------------------------+
|        max-tran       |        max-cap        |  max-fanout |  max-length |       setup       |        |        |        |       |          |         |
+-------------------------------------------------------------------------------------------------------------------------------------------------------+
| nets | terms|  wViol  | nets | terms|  wViol  | nets | terms| nets | terms|   WNS   |   TNS   |  #Buf  |  #Inv  | #Resize|Density|   Real   |   Mem   |
+-------------------------------------------------------------------------------------------------------------------------------------------------------+
|     1|     7|    -0.07|     7|     7|    -0.74|   239|   239|     0|     0|    -0.20|    -5.33|       0|       0|       0| 33.46%|          |         |
|     1|     7|    -0.07|     7|     7|    -0.74|   239|   239|     0|     0|    -0.20|    -5.33|       0|       0|       0| 33.46%| 0:00:00.0|  2942.6M|
+-------------------------------------------------------------------------------------------------------------------------------------------------------+
Bottom Preferred Layer:
+-----------+------------+----------+
|   Layer   |   OPT_LA   |   Rule   |
+-----------+------------+----------+
| M8 (z=8)  |         26 | default  |
+-----------+------------+----------+
Via Pillar Rule:
    None


=======================================================================
                Reasons for remaining drv violations
=======================================================================
*info: Total 8 net(s) have violations which can't be fixed by DRV optimization.

MultiBuffering failure reasons
------------------------------------------------
*info:     7 net(s): Could not be fixed because the net has unplaced term or invalid term for routing.
*info:     1 net(s): Could not be fixed as the net is considered as IPO ignored by the process.


*** Finish DRV Fixing (cpu=0:00:00.1 real=0:00:00.0 mem=2942.6M) ***

*** DrvOpt #3 [finish] (ccopt_design #1) : cpu/real = 0:00:00.8/0:00:00.8 (1.0), totSession cpu/real = 0:08:33.5/0:25:17.8 (0.3), mem = 2885.6M
End: GigaOpt DRV Optimization
GigaOpt DRV: restore maxLocalDensity to 0.98

------------------------------------------------------------------
     Summary (cpu=0.01min real=0.02min mem=2885.6M)
------------------------------------------------------------------

Setup views included:
 view_func_setup 

+--------------------+---------+---------+---------+
|     Setup mode     |   all   | reg2reg | default |
+--------------------+---------+---------+---------+
|           WNS (ns):| -0.202  |  1.771  | -0.202  |
|           TNS (ns):| -5.330  |  0.000  | -5.330  |
|    Violating Paths:|   36    |    0    |   36    |
|          All Paths:|  1158   |  1024   |  1158   |
+--------------------+---------+---------+---------+

+----------------+-------------------------------+------------------+
|                |              Real             |       Total      |
|    DRVs        +------------------+------------+------------------|
|                |  Nr nets(terms)  | Worst Vio  |  Nr nets(terms)  |
+----------------+------------------+------------+------------------+
|   max_cap      |      4 (4)       |   -0.699   |      4 (4)       |
|   max_tran     |      0 (0)       |   0.000    |      0 (0)       |
|   max_fanout   |    238 (238)     |    -310    |    240 (240)     |
|   max_length   |      0 (0)       |     0      |      0 (0)       |
+----------------+------------------+------------+------------------+

Density: 33.458%
Routing Overflow: 0.00% H and 0.00% V
------------------------------------------------------------------
**opt_design ... cpu = 0:00:18, real = 0:00:18, mem = 2582.0M, totSessionCpu=0:08:34 **
Begin: GigaOpt Optimization in WNS mode
GigaOpt Checkpoint: Internal optTiming -maxLocalDensity 1.0 -maxLocalDensityForHardenOpt 0.92 -numThreads 1 -postCTS -wtns -integratedAreaOpt -pgMode all -ipoTgtSlackCoef 1.5 -effTgtSlackCoef 1 -nativePathGroupFlow -NDROptEffortAuto -usefulSkew -nonLegalPlaceEcoBumpRecoveryInWNSOpt
Info: 1 net with fixed/cover wires excluded.
Info: 3 ideal nets excluded from IPO operation.
Info: 1 clock net  excluded from IPO operation.
*** WnsOpt #1 [begin] (ccopt_design #1) : totSession cpu/real = 0:08:33.7/0:25:18.0 (0.3), mem = 2885.7M
*info: 1 clock net excluded
*info: 3 ideal nets excluded from IPO operation.
*info: 1 net with fixed/cover wires excluded.
** GigaOpt Optimizer WNS Slack -0.202 TNS Slack -5.330 Density 33.46
OptDebug: Start of Optimizer WNS Pass 0:
+----------+------+------+
|Path Group|   WNS|   TNS|
+----------+------+------+
|default   |-0.202|-5.330|
|reg2reg   | 1.771| 0.000|
|HEPG      | 1.771| 0.000|
|All Paths |-0.202|-5.330|
+----------+------+------+

CCOptDebug: Start of Optimizer WNS Pass 0: reg2reg* WNS 1.771ns TNS 0.000ns; HEPG WNS 1.771ns TNS 0.000ns; all paths WNS -0.202ns TNS -5.330ns; Real time 0:00:40.0
Active Path Group: default 
+--------+---------+--------+---------+---------+------------+--------+---------------+---------+---------------------------------------+
|  WNS   | All WNS |  TNS   | All TNS | Density |    Real    |  Mem   |  Worst View   |Pathgroup|               End Point               |
+--------+---------+--------+---------+---------+------------+--------+---------------+---------+---------------------------------------+
|  -0.202|   -0.202|  -5.330|   -5.330|   33.46%|   0:00:00.0| 2943.0M|view_func_setup|  default| dmem_write_mask[1]                    |
|  -0.168|   -0.168|  -4.977|   -4.977|   33.80%|   0:00:24.0| 3304.9M|view_func_setup|  default| dmem_write_mask[1]                    |
|  -0.165|   -0.165|  -4.920|   -4.920|   33.82%|   0:00:02.0| 3304.9M|view_func_setup|  default| alu_result[30]                        |
|  -0.165|   -0.165|  -4.903|   -4.903|   33.83%|   0:00:00.0| 3304.9M|view_func_setup|  default| alu_result[30]                        |
|  -0.165|   -0.165|  -4.853|   -4.853|   34.09%|   0:00:19.0| 3304.9M|view_func_setup|  default| alu_result[30]                        |
|  -0.165|   -0.165|  -4.730|   -4.730|   34.34%|   0:00:06.0| 3304.9M|view_func_setup|  default| alu_result[30]                        |
|  -0.165|   -0.165|  -4.721|   -4.721|   34.38%|   0:00:01.0| 3304.9M|view_func_setup|  default| alu_result[30]                        |
|  -0.165|   -0.165|  -4.688|   -4.688|   34.39%|   0:00:00.0| 3304.9M|view_func_setup|  default| alu_result[30]                        |
|  -0.165|   -0.165|  -5.126|   -5.126|   34.64%|   0:00:05.0| 3304.9M|view_func_setup|  default| alu_result[30]                        |
|  -0.165|   -0.165|  -6.699|   -6.699|   34.81%|   0:00:02.0| 3304.9M|view_func_setup|  default| alu_result[30]                        |
+--------+---------+--------+---------+---------+------------+--------+---------------+---------+---------------------------------------+

*** Finish Core Optimize Step (cpu=0:00:59.2 real=0:00:59.0 mem=3304.9M) ***

*** Finished Optimize Step Cumulative (cpu=0:00:59.2 real=0:00:59.0 mem=3304.9M) ***
OptDebug: End of Optimizer WNS Pass 0:
+----------+------+------+
|Path Group|   WNS|   TNS|
+----------+------+------+
|default   |-0.165|-6.699|
|reg2reg   | 1.674| 0.000|
|HEPG      | 1.674| 0.000|
|All Paths |-0.165|-6.699|
+----------+------+------+

CCOptDebug: End of Optimizer WNS Pass 0: reg2reg* WNS 1.674ns TNS 0.000ns; HEPG WNS 1.674ns TNS 0.000ns; all paths WNS -0.165ns TNS -6.699ns; Real time 0:01:39
** GigaOpt Optimizer WNS Slack -0.165 TNS Slack -6.699 Density 34.81
Begin: Area Reclaim Optimization
*** AreaOpt #1 [begin] (WnsOpt #1 / ccopt_design #1) : totSession cpu/real = 0:09:33.9/0:26:18.4 (0.4), mem = 3304.9M
Usable buffer cells for single buffer setup transform:
CKBD1 CKBD0 BUFFD1 BUFFD0 CKBD2 BUFFD2 CKBD3 BUFFD3 CKBD4 BUFFD4 CKBD6 BUFFD6 CKBD8 BUFFD8 CKBD12 BUFFD12 CKBD16 BUFFD16 
Number of usable buffer cells above: 18
Reclaim Optimization WNS Slack -0.165  TNS Slack -6.699 Density 34.81
+---------+---------+--------+--------+------------+--------+
| Density | Commits |  WNS   |  TNS   |    Real    |  Mem   |
+---------+---------+--------+--------+------------+--------+
|   34.81%|        -|  -0.165|  -6.699|   0:00:00.0| 3304.9M|
|   34.75%|       48|  -0.165|  -4.655|   0:00:01.0| 3304.9M|
|   34.75%|        0|  -0.165|  -4.655|   0:00:00.0| 3304.9M|
+---------+---------+--------+--------+------------+--------+
Reclaim Optimization End WNS Slack -0.165  TNS Slack -4.655 Density 34.75
Bottom Preferred Layer:
+-----------+------------+----------+
|   Layer   |   OPT_LA   |   Rule   |
+-----------+------------+----------+
| M8 (z=8)  |         27 | default  |
+-----------+------------+----------+
Via Pillar Rule:
    None

Number of times islegalLocAvaiable called = 0 skipped = 0, called in commitmove = 0, skipped in commitmove = 0
End: Core Area Reclaim Optimization (cpu = 0:00:00.8) (real = 0:00:01.0) **
*** AreaOpt #1 [finish] (WnsOpt #1 / ccopt_design #1) : cpu/real = 0:00:00.8/0:00:00.8 (1.0), totSession cpu/real = 0:09:34.7/0:26:19.3 (0.4), mem = 3304.9M
End: Area Reclaim Optimization (cpu=0:00:01, real=0:00:01, mem=3063.93M, totSessionCpu=0:09:35).
*** Starting place_detail (0:09:35 mem=3063.9M) ***
Total net bbox length = 3.257e+05 (1.818e+05 1.440e+05) (ext = 5.108e+04)

Starting Small incrNP...
Density distribution unevenness ratio = 17.423%
Skipped incrNP (cpu=0:00:00.0, real=0:00:00.0, mem=3063.9M)
End of Small incrNP (cpu=0:00:00.0, real=0:00:00.0)
Move report: Detail placement moves 1138 insts, mean move: 0.68 um, max move: 6.00 um 
	Max move on inst (FE_RC_44_0): (128.00, -106.60) --> (130.40, -110.20)
	Runtime: CPU: 0:00:00.1 REAL: 0:00:00.0 MEM: 3063.9MB
Summary Report:
Instances move: 1138 (out of 9593 movable)
Instances flipped: 0
Mean displacement: 0.68 um
Max displacement: 6.00 um (Instance: FE_RC_44_0) (128, -106.6) -> (130.4, -110.2)
	Length: 22 sites, height: 1 rows, site name: core, cell type: ND2D8
Total net bbox length = 3.262e+05 (1.820e+05 1.442e+05) (ext = 5.108e+04)
Runtime: CPU: 0:00:00.1 REAL: 0:00:00.0 MEM: 3063.9MB
*** Finished place_detail (0:09:35 mem=3063.9M) ***
*** maximum move = 6.00 um ***
*** Finished re-routing un-routed nets (3063.9M) ***

*** Finish Physical Update (cpu=0:00:00.2 real=0:00:00.0 mem=3063.9M) ***
** GigaOpt Optimizer WNS Slack -0.165 TNS Slack -4.655 Density 34.75
OptDebug: Start of Optimizer WNS Pass 1:
+----------+------+------+
|Path Group|   WNS|   TNS|
+----------+------+------+
|default   |-0.165|-4.655|
|reg2reg   | 1.751| 0.000|
|HEPG      | 1.751| 0.000|
|All Paths |-0.165|-4.655|
+----------+------+------+

CCOptDebug: Start of Optimizer WNS Pass 1: reg2reg* WNS 1.751ns TNS 0.000ns; HEPG WNS 1.751ns TNS 0.000ns; all paths WNS -0.165ns TNS -4.655ns; Real time 0:01:40
Active Path Group: default 
+--------+---------+--------+---------+---------+------------+--------+---------------+---------+---------------------------------------+
|  WNS   | All WNS |  TNS   | All TNS | Density |    Real    |  Mem   |  Worst View   |Pathgroup|               End Point               |
+--------+---------+--------+---------+---------+------------+--------+---------------+---------+---------------------------------------+
|  -0.165|   -0.165|  -4.655|   -4.655|   34.75%|   0:00:00.0| 3063.9M|view_func_setup|  default| alu_result[30]                        |
|  -0.153|   -0.153|  -4.477|   -4.477|   35.15%|   0:00:43.0| 3254.7M|view_func_setup|  default| alu_result[30]                        |
|  -0.152|   -0.152|  -4.458|   -4.458|   35.43%|   0:00:12.0| 3254.7M|view_func_setup|  default| alu_result[30]                        |
|  -0.153|   -0.153|  -4.425|   -4.425|   35.56%|   0:00:04.0| 3254.7M|view_func_setup|  default| alu_result[30]                        |
|  -0.153|   -0.153|  -4.425|   -4.425|   35.59%|   0:00:00.0| 3254.7M|view_func_setup|  default| alu_result[30]                        |
|  -0.153|   -0.153|  -4.392|   -4.392|   35.70%|   0:00:04.0| 3254.7M|view_func_setup|  default| alu_result[30]                        |
|  -0.153|   -0.153|  -4.383|   -4.383|   35.76%|   0:00:02.0| 3254.7M|view_func_setup|  default| alu_result[30]                        |
|  -0.153|   -0.153|  -4.383|   -4.383|   35.76%|   0:00:00.0| 3254.7M|view_func_setup|  default| alu_result[30]                        |
+--------+---------+--------+---------+---------+------------+--------+---------------+---------+---------------------------------------+

*** Finish Core Optimize Step (cpu=0:01:05 real=0:01:05 mem=3254.7M) ***

*** Finished Optimize Step Cumulative (cpu=0:01:05 real=0:01:05 mem=3254.7M) ***
OptDebug: End of Optimizer WNS Pass 1:
+----------+------+------+
|Path Group|   WNS|   TNS|
+----------+------+------+
|default   |-0.153|-4.383|
|reg2reg   | 1.782| 0.000|
|HEPG      | 1.782| 0.000|
|All Paths |-0.153|-4.383|
+----------+------+------+

CCOptDebug: End of Optimizer WNS Pass 1: reg2reg* WNS 1.782ns TNS 0.000ns; HEPG WNS 1.782ns TNS 0.000ns; all paths WNS -0.153ns TNS -4.383ns; Real time 0:02:46
** GigaOpt Optimizer WNS Slack -0.153 TNS Slack -4.383 Density 35.76
Begin: Area Reclaim Optimization
*** AreaOpt #2 [begin] (WnsOpt #1 / ccopt_design #1) : totSession cpu/real = 0:10:40.4/0:27:25.1 (0.4), mem = 3254.7M
Usable buffer cells for single buffer setup transform:
CKBD1 CKBD0 BUFFD1 BUFFD0 CKBD2 BUFFD2 CKBD3 BUFFD3 CKBD4 BUFFD4 CKBD6 BUFFD6 CKBD8 BUFFD8 CKBD12 BUFFD12 CKBD16 BUFFD16 
Number of usable buffer cells above: 18
Reclaim Optimization WNS Slack -0.153  TNS Slack -4.383 Density 35.76
+---------+---------+--------+--------+------------+--------+
| Density | Commits |  WNS   |  TNS   |    Real    |  Mem   |
+---------+---------+--------+--------+------------+--------+
|   35.76%|        -|  -0.153|  -4.383|   0:00:00.0| 3254.7M|
|   35.75%|        6|  -0.153|  -4.373|   0:00:01.0| 3254.7M|
|   35.75%|        0|  -0.153|  -4.373|   0:00:00.0| 3254.7M|
+---------+---------+--------+--------+------------+--------+
Reclaim Optimization End WNS Slack -0.153  TNS Slack -4.373 Density 35.75
Bottom Preferred Layer:
+-----------+------------+----------+
|   Layer   |   OPT_LA   |   Rule   |
+-----------+------------+----------+
| M8 (z=8)  |         27 | default  |
+-----------+------------+----------+
Via Pillar Rule:
    None

Number of times islegalLocAvaiable called = 0 skipped = 0, called in commitmove = 0, skipped in commitmove = 0
End: Core Area Reclaim Optimization (cpu = 0:00:00.6) (real = 0:00:01.0) **
*** AreaOpt #2 [finish] (WnsOpt #1 / ccopt_design #1) : cpu/real = 0:00:00.6/0:00:00.6 (1.0), totSession cpu/real = 0:10:41.1/0:27:25.8 (0.4), mem = 3254.7M
End: Area Reclaim Optimization (cpu=0:00:01, real=0:00:01, mem=3084.71M, totSessionCpu=0:10:41).
*** Starting place_detail (0:10:41 mem=3084.7M) ***
Total net bbox length = 3.285e+05 (1.834e+05 1.451e+05) (ext = 5.102e+04)

Starting Small incrNP...
Density distribution unevenness ratio = 17.680%
Skipped incrNP (cpu=0:00:00.0, real=0:00:00.0, mem=3084.7M)
End of Small incrNP (cpu=0:00:00.0, real=0:00:00.0)
Move report: Detail placement moves 983 insts, mean move: 0.69 um, max move: 4.00 um 
	Max move on inst (FE_OCPC1512_n_42848_dup): (140.00, 55.40) --> (139.60, 51.80)
	Runtime: CPU: 0:00:00.2 REAL: 0:00:00.0 MEM: 3068.7MB
Summary Report:
Instances move: 983 (out of 9691 movable)
Instances flipped: 100
Mean displacement: 0.69 um
Max displacement: 4.00 um (Instance: FE_OCPC1512_n_42848_dup) (140, 55.4) -> (139.6, 51.8)
	Length: 29 sites, height: 1 rows, site name: core, cell type: BUFFD16
Total net bbox length = 3.289e+05 (1.837e+05 1.452e+05) (ext = 5.102e+04)
Runtime: CPU: 0:00:00.2 REAL: 0:00:00.0 MEM: 3068.7MB
*** Finished place_detail (0:10:41 mem=3068.7M) ***
*** maximum move = 4.00 um ***
*** Finished re-routing un-routed nets (3068.7M) ***

*** Finish Physical Update (cpu=0:00:00.3 real=0:00:00.0 mem=3084.7M) ***
** GigaOpt Optimizer WNS Slack -0.153 TNS Slack -4.373 Density 35.75
OptDebug: End of Setup Fixing:
+----------+------+------+
|Path Group|   WNS|   TNS|
+----------+------+------+
|default   |-0.153|-4.373|
|reg2reg   | 1.782| 0.000|
|HEPG      | 1.782| 0.000|
|All Paths |-0.153|-4.373|
+----------+------+------+

Bottom Preferred Layer:
+-----------+------------+----------+
|   Layer   |   OPT_LA   |   Rule   |
+-----------+------------+----------+
| M8 (z=8)  |         27 | default  |
+-----------+------------+----------+
Via Pillar Rule:
    None

*** Finish post-CTS Setup Fixing (cpu=0:02:07 real=0:02:07 mem=3084.7M) ***

*** WnsOpt #1 [finish] (ccopt_design #1) : cpu/real = 0:02:07.8/0:02:08.1 (1.0), totSession cpu/real = 0:10:41.5/0:27:26.2 (0.4), mem = 3002.6M
End: GigaOpt Optimization in WNS mode
Begin: GigaOpt Optimization in TNS mode
GigaOpt Checkpoint: Internal optTiming -allEndPoints -maxLocalDensity 0.95 -maxLocalDensityForHardenOpt 0.92 -numThreads 1 -postCTS -pgMode all -nativePathGroupFlow -wtns -nonLegalPlaceEcoBumpRecoveryInTNSOpt -NDROptEffortAuto -ipoTgtSlackCoef 1.5 -effTgtSlackCoef 1
Info: 1 net with fixed/cover wires excluded.
Info: 3 ideal nets excluded from IPO operation.
Info: 1 clock net  excluded from IPO operation.
*** TnsOpt #1 [begin] (ccopt_design #1) : totSession cpu/real = 0:10:41.5/0:27:26.2 (0.4), mem = 2997.6M
*info: 1 clock net excluded
*info: 3 ideal nets excluded from IPO operation.
*info: 1 net with fixed/cover wires excluded.
** GigaOpt Optimizer WNS Slack -0.153 TNS Slack -4.373 Density 35.75
OptDebug: Start of Optimizer TNS Pass:
+----------+------+------+
|Path Group|   WNS|   TNS|
+----------+------+------+
|default   |-0.153|-4.373|
|reg2reg   | 1.782| 0.000|
|HEPG      | 1.782| 0.000|
|All Paths |-0.153|-4.373|
+----------+------+------+

CCOptDebug: Start of Optimizer TNS Pass: reg2reg* WNS 1.782ns TNS 0.000ns; HEPG WNS 1.782ns TNS 0.000ns; all paths WNS -0.153ns TNS -4.373ns; Real time 0:02:48
Active Path Group: default 
+--------+---------+--------+---------+---------+------------+--------+---------------+---------+---------------------------------------+
|  WNS   | All WNS |  TNS   | All TNS | Density |    Real    |  Mem   |  Worst View   |Pathgroup|               End Point               |
+--------+---------+--------+---------+---------+------------+--------+---------------+---------+---------------------------------------+
|  -0.153|   -0.153|  -4.373|   -4.373|   35.75%|   0:00:00.0| 3056.9M|view_func_setup|  default| alu_result[30]                        |
|  -0.154|   -0.154|  -4.091|   -4.091|   35.92%|   0:00:29.0| 3185.9M|view_func_setup|  default| alu_result[7]                         |
|  -0.154|   -0.154|  -4.089|   -4.089|   35.92%|   0:00:00.0| 3185.9M|view_func_setup|  default| alu_result[7]                         |
|  -0.154|   -0.154|  -4.074|   -4.074|   35.94%|   0:00:00.0| 3185.9M|view_func_setup|  default| alu_result[7]                         |
|  -0.154|   -0.154|  -4.073|   -4.073|   35.94%|   0:00:00.0| 3185.9M|view_func_setup|  default| alu_result[7]                         |
|  -0.154|   -0.154|  -4.059|   -4.059|   35.96%|   0:00:01.0| 3185.9M|view_func_setup|  default| alu_result[7]                         |
|  -0.154|   -0.154|  -4.056|   -4.056|   35.96%|   0:00:00.0| 3185.9M|view_func_setup|  default| alu_result[8]                         |
|  -0.154|   -0.154|  -4.043|   -4.043|   35.96%|   0:00:00.0| 3185.9M|view_func_setup|  default| alu_result[15]                        |
|  -0.153|   -0.153|  -4.043|   -4.043|   35.97%|   0:00:01.0| 3185.9M|view_func_setup|  default| alu_result[30]                        |
+--------+---------+--------+---------+---------+------------+--------+---------------+---------+---------------------------------------+

*** Finish Core Optimize Step (cpu=0:00:30.8 real=0:00:31.0 mem=3185.9M) ***

*** Finished Optimize Step Cumulative (cpu=0:00:30.8 real=0:00:31.0 mem=3185.9M) ***
OptDebug: End of Optimizer TNS Pass:
+----------+------+------+
|Path Group|   WNS|   TNS|
+----------+------+------+
|default   |-0.153|-4.043|
|reg2reg   | 1.832| 0.000|
|HEPG      | 1.832| 0.000|
|All Paths |-0.153|-4.043|
+----------+------+------+

CCOptDebug: End of Optimizer TNS Pass: reg2reg* WNS 1.832ns TNS 0.000ns; HEPG WNS 1.832ns TNS 0.000ns; all paths WNS -0.153ns TNS -4.043ns; Real time 0:03:19
*** Starting place_detail (0:11:13 mem=3107.9M) ***
Total net bbox length = 3.296e+05 (1.841e+05 1.455e+05) (ext = 5.102e+04)

Starting Small incrNP...
Density distribution unevenness ratio = 17.726%
Skipped incrNP (cpu=0:00:00.0, real=0:00:00.0, mem=3107.9M)
End of Small incrNP (cpu=0:00:00.0, real=0:00:00.0)
Move report: Detail placement moves 249 insts, mean move: 0.71 um, max move: 3.60 um 
	Max move on inst (g194855): (121.60, -130.00) --> (119.80, -128.20)
	Runtime: CPU: 0:00:00.2 REAL: 0:00:00.0 MEM: 3091.9MB
Summary Report:
Instances move: 249 (out of 9734 movable)
Instances flipped: 0
Mean displacement: 0.71 um
Max displacement: 3.60 um (Instance: g194855) (121.6, -130) -> (119.8, -128.2)
	Length: 22 sites, height: 1 rows, site name: core, cell type: ND2D8
Total net bbox length = 3.297e+05 (1.842e+05 1.455e+05) (ext = 5.102e+04)
Runtime: CPU: 0:00:00.2 REAL: 0:00:00.0 MEM: 3091.9MB
*** Finished place_detail (0:11:13 mem=3091.9M) ***
*** maximum move = 3.60 um ***
*** Finished re-routing un-routed nets (3091.9M) ***

*** Finish Physical Update (cpu=0:00:00.3 real=0:00:00.0 mem=3107.9M) ***
** GigaOpt Optimizer WNS Slack -0.153 TNS Slack -4.043 Density 35.97
OptDebug: End of Setup Fixing:
+----------+------+------+
|Path Group|   WNS|   TNS|
+----------+------+------+
|default   |-0.153|-4.043|
|reg2reg   | 1.832| 0.000|
|HEPG      | 1.832| 0.000|
|All Paths |-0.153|-4.043|
+----------+------+------+

Bottom Preferred Layer:
+-----------+------------+----------+
|   Layer   |   OPT_LA   |   Rule   |
+-----------+------------+----------+
| M8 (z=8)  |         29 | default  |
+-----------+------------+----------+
Via Pillar Rule:
    None

*** Finish post-CTS Setup Fixing (cpu=0:00:31.4 real=0:00:31.0 mem=3107.9M) ***

*** TnsOpt #1 [finish] (ccopt_design #1) : cpu/real = 0:00:32.1/0:00:32.1 (1.0), totSession cpu/real = 0:11:13.5/0:27:58.3 (0.4), mem = 3021.8M
End: GigaOpt Optimization in TNS mode
GigaOpt Checkpoint: Internal reclaim -noViewPrune -rebufferOnly -costCleanup -preRouteDontEndWithRefinePlaceIncrSteinerRouteDC -force -numThreads 1 -postCTS
Info: 1 net with fixed/cover wires excluded.
Info: 3 ideal nets excluded from IPO operation.
Info: 1 clock net  excluded from IPO operation.
Begin: Area Reclaim Optimization
*** AreaOpt #3 [begin] (ccopt_design #1) : totSession cpu/real = 0:11:13.6/0:27:58.4 (0.4), mem = 3075.0M
Usable buffer cells for single buffer setup transform:
CKBD1 CKBD0 BUFFD1 BUFFD0 CKBD2 BUFFD2 CKBD3 BUFFD3 CKBD4 BUFFD4 CKBD6 BUFFD6 CKBD8 BUFFD8 CKBD12 BUFFD12 CKBD16 BUFFD16 
Number of usable buffer cells above: 18
Reclaim Optimization WNS Slack -0.153  TNS Slack -4.043 Density 35.97
+---------+---------+--------+--------+------------+--------+
| Density | Commits |  WNS   |  TNS   |    Real    |  Mem   |
+---------+---------+--------+--------+------------+--------+
|   35.97%|        -|  -0.153|  -4.043|   0:00:00.0| 3075.0M|
|   35.78%|      110|  -0.153|  -4.009|   0:00:20.0| 3193.9M|
+---------+---------+--------+--------+------------+--------+
Reclaim Optimization End WNS Slack -0.153  TNS Slack -4.008 Density 35.78
Bottom Preferred Layer:
+-----------+------------+----------+
|   Layer   |   OPT_LA   |   Rule   |
+-----------+------------+----------+
| M8 (z=8)  |         30 | default  |
+-----------+------------+----------+
Via Pillar Rule:
    None

Number of times islegalLocAvaiable called = 0 skipped = 0, called in commitmove = 0, skipped in commitmove = 0
End: Core Area Reclaim Optimization (cpu = 0:00:19.4) (real = 0:00:20.0) **
*** AreaOpt #3 [finish] (ccopt_design #1) : cpu/real = 0:00:19.4/0:00:19.4 (1.0), totSession cpu/real = 0:11:33.0/0:28:17.8 (0.4), mem = 3193.9M
End: Area Reclaim Optimization (cpu=0:00:19, real=0:00:20, mem=3006.78M, totSessionCpu=0:11:33).
GigaOpt Checkpoint: Internal reclaim -numThreads 1 -customPhyUpdate -noGCompAndPhase -force -svrReclaim -rtrShortNets -allowDegradingShortNetRemoval -postCTS -tgtSlackMult 2 -wtns -noRouteTypeResizePolish -noViewPrune -nativePathGroupFlow
Info: 1 net with fixed/cover wires excluded.
Info: 3 ideal nets excluded from IPO operation.
Info: 1 clock net  excluded from IPO operation.
Begin: Area Reclaim Optimization
*** AreaOpt #4 [begin] (ccopt_design #1) : totSession cpu/real = 0:11:33.0/0:28:17.9 (0.4), mem = 3064.0M
Usable buffer cells for single buffer setup transform:
CKBD1 CKBD0 BUFFD1 BUFFD0 CKBD2 BUFFD2 CKBD3 BUFFD3 CKBD4 BUFFD4 CKBD6 BUFFD6 CKBD8 BUFFD8 CKBD12 BUFFD12 CKBD16 BUFFD16 
Number of usable buffer cells above: 18
Reclaim Optimization WNS Slack -0.153  TNS Slack -4.008 Density 35.78
+---------+---------+--------+--------+------------+--------+
| Density | Commits |  WNS   |  TNS   |    Real    |  Mem   |
+---------+---------+--------+--------+------------+--------+
|   35.78%|        -|  -0.153|  -4.008|   0:00:00.0| 3064.0M|
|   35.78%|        0|  -0.153|  -4.009|   0:00:00.0| 3064.0M|
|   35.78%|        4|  -0.153|  -3.997|   0:00:00.0| 3087.6M|
|   35.77%|        1|  -0.153|  -3.997|   0:00:01.0| 3087.6M|
**INFO (INTERRUPT): One more Ctrl-C to exit Innovus ...
|   34.93%|      905|  -0.147|  -3.989|   0:00:03.0| 3087.6M|
|   34.92%|       10|  -0.147|  -3.981|   0:00:00.0| 3087.6M|
|   34.92%|        0|  -0.147|  -3.981|   0:00:00.0| 3087.6M|
|   34.92%|        4|  -0.147|  -3.981|   0:00:00.0| 3087.6M|
+---------+---------+--------+--------+------------+--------+
Reclaim Optimization End WNS Slack -0.147  TNS Slack -3.981 Density 34.92
Bottom Preferred Layer:
+-----------+------------+----------+
|   Layer   |   OPT_LA   |   Rule   |
+-----------+------------+----------+
| M8 (z=8)  |         22 | default  |
+-----------+------------+----------+
Via Pillar Rule:
    None

Number of times islegalLocAvaiable called = 2618 skipped = 0, called in commitmove = 915, skipped in commitmove = 0
End: Core Area Reclaim Optimization (cpu = 0:00:04.6) (real = 0:00:04.0) **
*** Starting place_detail (0:11:38 mem=3083.6M) ***
Total net bbox length = 3.290e+05 (1.838e+05 1.452e+05) (ext = 5.102e+04)
Move report: Detail placement moves 112 insts, mean move: 1.35 um, max move: 4.20 um 
	Max move on inst (FE_OFC1960_n_29466): (16.00, 152.60) --> (13.60, 154.40)
	Runtime: CPU: 0:00:00.1 REAL: 0:00:01.0 MEM: 3070.7MB
Summary Report:
Instances move: 112 (out of 9676 movable)
Instances flipped: 0
Mean displacement: 1.35 um
Max displacement: 4.20 um (Instance: FE_OFC1960_n_29466) (16, 152.6) -> (13.6, 154.4)
	Length: 7 sites, height: 1 rows, site name: core, cell type: BUFFD3
Total net bbox length = 3.291e+05 (1.838e+05 1.453e+05) (ext = 5.102e+04)
Runtime: CPU: 0:00:00.1 REAL: 0:00:01.0 MEM: 3070.7MB
*** Finished place_detail (0:11:38 mem=3070.7M) ***
*** maximum move = 4.20 um ***
*** Finished re-routing un-routed nets (3067.7M) ***

*** Finish Physical Update (cpu=0:00:00.3 real=0:00:01.0 mem=3083.7M) ***
*** AreaOpt #4 [finish] (ccopt_design #1) : cpu/real = 0:00:04.9/0:00:04.9 (1.0), totSession cpu/real = 0:11:37.9/0:28:22.8 (0.4), mem = 3083.7M
End: Area Reclaim Optimization (cpu=0:00:05, real=0:00:05, mem=3002.59M, totSessionCpu=0:11:38).
postCtsLateCongRepair #1 0
postCtsLateCongRepair #1 0
postCtsLateCongRepair #1 0
postCtsLateCongRepair #1 0
Starting local wire reclaim
*** Starting place_detail (0:11:38 mem=3002.6M) ***
**WARN: [IO pin not placed] rst
**WARN: [IO pin not placed] clk
**WARN: [IO pin not placed] pc_current[31]
**WARN: [IO pin not placed] pc_current[30]
**WARN: [IO pin not placed] pc_current[29]
**WARN: [IO pin not placed] pc_current[28]
**WARN: [IO pin not placed] pc_current[27]
**WARN: [IO pin not placed] pc_current[26]
**WARN: [IO pin not placed] pc_current[25]
**WARN: [IO pin not placed] pc_current[24]
**WARN: [IO pin not placed] ...
**WARN: [IO pin not placed] The ratio of IO pins are not placed: 168 / 168 = 100.00%
*** Finished SKP initialization (cpu=0:00:00.2, real=0:00:00.0)***
Timing cost in AAE based: 1083.0618322987247666
Move report: Detail placement moves 5075 insts, mean move: 5.99 um, max move: 36.00 um 
	Max move on inst (FE_RC_1872_0): (108.60, -18.40) --> (72.60, -18.40)
	Runtime: CPU: 0:00:02.2 REAL: 0:00:02.0 MEM: 2983.5MB
Summary Report:
Instances move: 5075 (out of 9676 movable)
Instances flipped: 0
Mean displacement: 5.99 um
Max displacement: 36.00 um (Instance: FE_RC_1872_0) (108.6, -18.4) -> (72.6, -18.4)
	Length: 22 sites, height: 1 rows, site name: core, cell type: CKND2D8
Runtime: CPU: 0:00:02.2 REAL: 0:00:02.0 MEM: 2983.5MB
*** Finished place_detail (0:11:40 mem=2983.5M) ***
AAE_INFO: opIsDesignInPostRouteState() is 0
#################################################################################
# Design Stage: PreRoute
# Design Name: riscv_core
# Design Mode: 90nm
# Analysis Mode: MMMC OCV 
# Parasitics Mode: No SPEF/RCDB 
# Signoff Settings: SI Off 
#################################################################################
Start delay calculation (fullDC) (1 T). (MEM=2966.46)
Total number of fetched objects 10037
AAE_INFO: Total number of nets for which stage creation was skipped for all views 0
Total number of fetched objects 10037
AAE_INFO: Total number of nets for which stage creation was skipped for all views 0
End delay calculation. (MEM=3014.16 CPU=0:00:00.9 REAL=0:00:01.0)
End delay calculation (fullDC). (MEM=3014.16 CPU=0:00:01.1 REAL=0:00:01.0)
eGR doReRoute: optGuide
[NR-eGR] Track table information for default rule: 
[NR-eGR] M1 has single uniform track structure
[NR-eGR] M2 has single uniform track structure
[NR-eGR] M3 has single uniform track structure
[NR-eGR] M4 has single uniform track structure
[NR-eGR] M5 has single uniform track structure
[NR-eGR] M6 has single uniform track structure
[NR-eGR] M7 has single uniform track structure
[NR-eGR] M8 has single uniform track structure
[NR-eGR] M9 has single uniform track structure
[NR-eGR] AP has single uniform track structure
[NR-eGR] Read 79610 PG shapes
[NR-eGR] Read 0 clock shapes
[NR-eGR] Read 0 other shapes
[NR-eGR] #Routing Blockages  : 0
[NR-eGR] #Instance Blockages : 0
[NR-eGR] #PG Blockages       : 79610
[NR-eGR] #Halo Blockages     : 0
[NR-eGR] #Boundary Blockages : 0
[NR-eGR] #Clock Blockages    : 0
[NR-eGR] #Other Blockages    : 0
[NR-eGR] Num Prerouted Nets = 1  Num Prerouted Wires = 2842
[NR-eGR] Read 9999 nets ( ignored 1 )
[NR-eGR] ============ Routing rule table ============
[NR-eGR] Rule id: 0  Nets: 9998
[NR-eGR] ========================================
[NR-eGR] 
[NR-eGR] Layer group 1: route 22 net(s) in layer range [8, 10]
[NR-eGR] Early Global Route overflow of layer group 1: 0.00% H + 0.00% V. EstWL: 9.619200e+03um
[NR-eGR] Layer group 2: route 9976 net(s) in layer range [2, 10]
[NR-eGR] Early Global Route overflow of layer group 2: 0.00% H + 0.00% V. EstWL: 3.193560e+05um
[NR-eGR] Congestion Analysis By layer: (blocked Gcells are excluded) 
[NR-eGR]                        OverCon           OverCon           OverCon           OverCon            
[NR-eGR]                         #Gcell            #Gcell            #Gcell            #Gcell     %Gcell
[NR-eGR]        Layer             (1-4)             (5-8)            (9-12)           (13-14)    OverCon
[NR-eGR] -------------------------------------------------------------------------------------------------
[NR-eGR]      M1 ( 1)         0( 0.00%)         0( 0.00%)         0( 0.00%)         0( 0.00%)   ( 0.00%) 
[NR-eGR]      M2 ( 2)         0( 0.00%)         0( 0.00%)         0( 0.00%)         0( 0.00%)   ( 0.00%) 
[NR-eGR]      M3 ( 3)         0( 0.00%)         0( 0.00%)         0( 0.00%)         0( 0.00%)   ( 0.00%) 
[NR-eGR]      M4 ( 4)        33( 0.07%)         0( 0.00%)         0( 0.00%)         0( 0.00%)   ( 0.07%) 
[NR-eGR]      M5 ( 5)         0( 0.00%)         0( 0.00%)         0( 0.00%)         0( 0.00%)   ( 0.00%) 
[NR-eGR]      M6 ( 6)         0( 0.00%)         0( 0.00%)         0( 0.00%)         0( 0.00%)   ( 0.00%) 
[NR-eGR]      M7 ( 7)         1( 0.00%)         0( 0.00%)         0( 0.00%)         0( 0.00%)   ( 0.00%) 
[NR-eGR]      M8 ( 8)         1( 0.00%)         0( 0.00%)         0( 0.00%)         0( 0.00%)   ( 0.00%) 
[NR-eGR]      M9 ( 9)         0( 0.00%)         3( 0.01%)         0( 0.00%)         1( 0.00%)   ( 0.01%) 
[NR-eGR]      AP (10)         0( 0.00%)         0( 0.00%)         0( 0.00%)         0( 0.00%)   ( 0.00%) 
[NR-eGR] -------------------------------------------------------------------------------------------------
[NR-eGR]        Total        35( 0.01%)         3( 0.00%)         0( 0.00%)         1( 0.00%)   ( 0.01%) 
[NR-eGR] 
[NR-eGR] Overflow after Early Global Route 0.00% H + 0.00% V
[NR-eGR]             Length (um)   Vias 
[NR-eGR] -------------------------------
[NR-eGR]  M1  (1H)           167  32602 
[NR-eGR]  M2  (2V)         90356  51626 
[NR-eGR]  M3  (3H)        120432   5443 
[NR-eGR]  M4  (4V)         26159   3888 
[NR-eGR]  M5  (5H)         51506   2356 
[NR-eGR]  M6  (6V)         35636    640 
[NR-eGR]  M7  (7H)           612    585 
[NR-eGR]  M8  (8V)          4590    862 
[NR-eGR]  M9  (9H)          5107     14 
[NR-eGR]  AP  (10V)           14      0 
[NR-eGR] -------------------------------
[NR-eGR]      Total       334579  98016 
[NR-eGR] --------------------------------------------------------------------------
[NR-eGR] Total half perimeter of net bounding box: 318905um
[NR-eGR] Total length: 334579um, number of vias: 98016
[NR-eGR] --------------------------------------------------------------------------
[NR-eGR] Total eGR-routed clock nets wire length: 0um, number of vias: 0
[NR-eGR] --------------------------------------------------------------------------
[NR-eGR] Finished Early Global Route kernel ( CPU: 0.26 sec, Real: 0.37 sec, Curr Mem: 2932.61 MB )
Extraction called for design 'riscv_core' of instances=10064 and nets=10039 using extraction engine 'pre_route' .
**WARN: (IMPEXT-3530):	The process node is not set. Use the command set_design_mode -process <process node> prior to extraction for maximum accuracy and optimal automatic threshold setting.
Type 'man IMPEXT-3530' for more detail.
pre_route RC Extraction called for design riscv_core.
RC Extraction called in multi-corner(3) mode.
RCMode: PreRoute
      RC Corner Indexes            0       1       2   
Capacitance Scaling Factor   : 1.00000 1.00000 1.00000 
Resistance Scaling Factor    : 1.00000 1.00000 1.00000 
Clock Cap. Scaling Factor    : 1.00000 1.00000 1.00000 
Clock Res. Scaling Factor    : 1.00000 1.00000 1.00000 
Shrink Factor                : 1.00000
PreRoute extraction is honoring NDR/Shielding/ExtraSpace for clock nets.
Using capacitance table file ...
Updating RC grid for preRoute extraction ...
Initializing multi-corner capacitance tables ... 
Initializing multi-corner resistance tables ...
PreRoute RC Extraction DONE (CPU Time: 0:00:00.2  Real Time: 0:00:00.0  MEM: 2927.613M)
Compute RC Scale Done ...
[hotspot] +------------+---------------+---------------+
[hotspot] |            |   max hotspot | total hotspot |
[hotspot] +------------+---------------+---------------+
[hotspot] | normalized |          0.00 |          0.00 |
[hotspot] +------------+---------------+---------------+
Local HotSpot Analysis: normalized max congestion hotspot area = 0.00, normalized total congestion hotspot area = 0.00 (area is in unit of 4 std-cell row bins)
GigaOpt Checkpoint: Internal congRefineRouteType -postCTS -resetVeryShortNets -rescheduleForAdherence  
Begin: GigaOpt Route Type Constraints Refinement
*** CongRefineRouteType #2 [begin] (ccopt_design #1) : totSession cpu/real = 0:11:42.4/0:28:27.4 (0.4), mem = 2962.7M
Updated routing constraints on 0 nets.
Bottom Preferred Layer:
+-----------+------------+----------+
|   Layer   |   OPT_LA   |   Rule   |
+-----------+------------+----------+
| M8 (z=8)  |         22 | default  |
+-----------+------------+----------+
Via Pillar Rule:
    None
*** CongRefineRouteType #2 [finish] (ccopt_design #1) : cpu/real = 0:00:00.0/0:00:00.0 (1.1), totSession cpu/real = 0:11:42.4/0:28:27.4 (0.4), mem = 2962.7M
End: GigaOpt Route Type Constraints Refinement
skip EGR on cluster skew clock nets.
OPTC: user 20.0
AAE_INFO: opIsDesignInPostRouteState() is 0
#################################################################################
# Design Stage: PreRoute
# Design Name: riscv_core
# Design Mode: 90nm
# Analysis Mode: MMMC OCV 
# Parasitics Mode: No SPEF/RCDB 
# Signoff Settings: SI Off 
#################################################################################
Start delay calculation (fullDC) (1 T). (MEM=2980.7)
Innovus terminated by user interrupt.

*** Memory Usage v#1 (Current mem = 3067.457M, initial mem = 502.957M) ***
*** Message Summary: 970 warning(s), 0 error(s)

--- Ending "Innovus" (totcpu=0:11:43, real=0:28:29, mem=3067.5M) ---
